week,disease,state,cases,deaths,cfr,report_date,year,temperature_2m_mean,precipitation_sum,relative_humidity_2m_mean,who_country_cases,population,urban_percent,cases_last_week,deaths_last_week,cases_per_100k,rainfall_change,temp_anomaly,week_sin,week_cos
1,Covid-19,Abia,2.0,0.0,0.0,2020-01-01,2020.0,26.660000000000004,0.0,39.2,,213996181.0,51.958,,,0.0009345961178624959,,0.0,0.12053668025532305,0.992708874098054
46,Covid-19,Abia,2.0,0.0,0.0,2025-11-12,2025.0,,,,,,,2.0,0.0,,,,-0.6631226582407955,0.7485107481711007
,Covid-19,Abia,2.0,0.0,0.0,,,,,,,,,2.0,0.0,,,,,
1,Covid-19,Abuja,41.0,2.0,4.88,2020-01-02,2020.0,26.660000000000004,0.0,39.2,,213996181.0,51.958,,,0.019159220416181167,,0.0,0.12053668025532305,0.992708874098054
10,Covid-19,Abuja,43.0,2.0,4.65,2025-03-04,2025.0,,,,,,,41.0,2.0,,,,0.9350162426854148,0.35460488704253557
30,Covid-19,Abuja,10.0,1.0,10.0,2025-07-24,2025.0,,,,,,,43.0,2.0,,,,-0.46472317204376806,-0.8854560256532101
36,Covid-19,Abuja,0.0,0.0,0.0,2025-09-06,2025.0,,,,,,,10.0,1.0,,,,-0.9350162426854147,-0.3546048870425359
44,Covid-19,Abuja,8.0,1.0,12.5,2025-11-02,2025.0,,,,,,,0.0,0.0,,,,-0.822983865893657,0.5680647467311548
45,Covid-19,Abuja,0.0,0.0,0.0,2025-11-07,2025.0,,,,,,,8.0,1.0,,,,-0.7485107481711011,0.6631226582407952
46,Covid-19,Abuja,133.0,3.0,2.26,2025-11-12,2025.0,,,,,,,0.0,0.0,,,,-0.6631226582407955,0.7485107481711007
48,Covid-19,Abuja,0.0,0.0,0.0,2025-11-30,2025.0,,,,,,,133.0,3.0,,,,-0.4647231720437684,0.88545602565321
,Covid-19,Abuja,7.0,0.0,0.0,,,,,,,,,0.0,0.0,,,,,
1,Covid-19,Adamawa,1.0,0.0,0.0,2020-01-01,2020.0,26.660000000000004,0.0,39.2,,213996181.0,51.958,,,0.00046729805893124795,,0.0,0.12053668025532305,0.992708874098054
30,Covid-19,Adamawa,0.0,0.0,0.0,2025-07-24,2025.0,,,,,,,1.0,0.0,,,,-0.46472317204376806,-0.8854560256532101
36,Covid-19,Adamawa,0.0,0.0,0.0,2025-09-06,2025.0,,,,,,,0.0,0.0,,,,-0.9350162426854147,-0.3546048870425359
44,Covid-19,Adamawa,0.0,0.0,0.0,2025-11-02,2025.0,,,,,,,0.0,0.0,,,,-0.822983865893657,0.5680647467311548
46,Covid-19,Adamawa,1.0,0.0,0.0,2025-11-12,2025.0,,,,,,,0.0,0.0,,,,-0.6631226582407955,0.7485107481711007
,Covid-19,Adamawa,1.0,0.0,0.0,,,,,,,,,1.0,0.0,,,,,
1,Covid-19,Akwa  Ibom,11.0,1.0,9.09,2020-01-01,2020.0,26.660000000000004,0.0,39.2,,213996181.0,51.958,,,0.005140278648243728,,0.0,0.12053668025532305,0.992708874098054
46,Covid-19,Akwa  Ibom,11.0,1.0,9.09,2025-11-12,2025.0,,,,,,,11.0,1.0,,,,-0.6631226582407955,0.7485107481711007
,Covid-19,Akwa  Ibom,9.0,1.0,11.11,,,,,,,,,11.0,1.0,,,,,
1,Covid-19,Akwa Ibom,5.0,0.0,0.0,2020-01-02,2020.0,26.660000000000004,0.0,39.2,,213996181.0,51.958,,,0.0023364902946562396,,0.0,0.12053668025532305,0.992708874098054
10,Covid-19,Akwa Ibom,5.0,0.0,0.0,2025-03-04,2025.0,,,,,,,5.0,0.0,,,,0.9350162426854148,0.35460488704253557
45,Covid-19,Akwa Ibom,5.0,0.0,0.0,2025-11-04,2025.0,,,,,,,5.0,0.0,,,,-0.7485107481711011,0.6631226582407952
,Covid-19,Akwa Ibom,5.0,0.0,0.0,,,,,,,,,5.0,0.0,,,,,
1,Covid-19,Anambra,1.0,0.0,0.0,2020-01-01,2020.0,26.660000000000004,0.0,39.2,,213996181.0,51.958,,,0.00046729805893124795,,0.0,0.12053668025532305,0.992708874098054
46,Covid-19,Anambra,1.0,0.0,0.0,2025-11-12,2025.0,,,,,,,1.0,0.0,,,,-0.6631226582407955,0.7485107481711007
,Covid-19,Anambra,1.0,0.0,0.0,,,,,,,,,1.0,0.0,,,,,
1,Covid-19,Bauchi,3.0,0.0,0.0,2020-01-02,2020.0,26.660000000000004,0.0,39.2,,213996181.0,51.958,,,0.0014018941767937438,,0.0,0.12053668025532305,0.992708874098054
10,Covid-19,Bauchi,6.0,0.0,0.0,2025-03-04,2025.0,,,,,,,3.0,0.0,,,,0.9350162426854148,0.35460488704253557
30,Covid-19,Bauchi,1.0,0.0,0.0,2025-07-24,2025.0,,,,,,,6.0,0.0,,,,-0.46472317204376806,-0.8854560256532101
36,Covid-19,Bauchi,0.0,0.0,0.0,2025-09-06,2025.0,,,,,,,1.0,0.0,,,,-0.9350162426854147,-0.3546048870425359
44,Covid-19,Bauchi,1.0,0.0,0.0,2025-11-02,2025.0,,,,,,,0.0,0.0,,,,-0.822983865893657,0.5680647467311548
45,Covid-19,Bauchi,6.0,0.0,0.0,2025-11-04,2025.0,,,,,,,1.0,0.0,,,,-0.7485107481711011,0.6631226582407952
46,Covid-19,Bauchi,8.0,0.0,0.0,2025-11-12,2025.0,,,,,,,6.0,0.0,,,,-0.6631226582407955,0.7485107481711007
,Covid-19,Bauchi,2.0,0.0,0.0,,,,,,,,,8.0,0.0,,,,,
30,Covid-19,Bayelsa,0.0,0.0,0.0,2025-07-24,2025.0,,,,,,,,,,,,-0.46472317204376806,-0.8854560256532101
36,Covid-19,Bayelsa,0.0,0.0,0.0,2025-09-06,2025.0,,,,,,,0.0,0.0,,,,-0.9350162426854147,-0.3546048870425359
44,Covid-19,Bayelsa,0.0,0.0,0.0,2025-11-02,2025.0,,,,,,,0.0,0.0,,,,-0.822983865893657,0.5680647467311548
1,Covid-19,Benue,1.0,0.0,0.0,2020-01-02,2020.0,26.660000000000004,0.0,39.2,,213996181.0,51.958,,,0.00046729805893124795,,0.0,0.12053668025532305,0.992708874098054
10,Covid-19,Benue,1.0,0.0,0.0,2025-03-04,2025.0,,,,,,,1.0,0.0,,,,0.9350162426854148,0.35460488704253557
44,Covid-19,Benue,1.0,0.0,0.0,2025-11-02,2025.0,,,,,,,1.0,0.0,,,,-0.822983865893657,0.5680647467311548
45,Covid-19,Benue,1.0,0.0,0.0,2025-11-04,2025.0,,,,,,,1.0,0.0,,,,-0.7485107481711011,0.6631226582407952
46,Covid-19,Benue,1.0,0.0,0.0,2025-11-12,2025.0,,,,,,,1.0,0.0,,,,-0.6631226582407955,0.7485107481711007
,Covid-19,Benue,1.0,0.0,0.0,,,,,,,,,1.0,0.0,,,,,
1,Covid-19,Borno,30.0,2.0,6.67,2020-01-01,2020.0,26.660000000000004,0.0,39.2,,213996181.0,51.958,,,0.01401894176793744,,0.0,0.12053668025532305,0.992708874098054
46,Covid-19,Borno,12.0,2.0,16.67,2025-11-12,2025.0,,,,,,,30.0,2.0,,,,-0.6631226582407955,0.7485107481711007
,Covid-19,Borno,3.0,1.0,33.33,,,,,,,,,12.0,2.0,,,,,
,Monkeypox,Continue Ipc Mentoring  Engagements Across States  Continue To Provide Close-Level  Support To States Who Have  Activated The Mpx Eoc  Further Dissemination Of  Monkeypox Advisories Across Ipc  Networks At State And Health  Facilities,0.0,0.0,0.0,,,,,,,,,,,,,,,
30,Covid-19,Cross River,0.0,0.0,0.0,2025-07-24,2025.0,,,,,,,,,,,,-0.46472317204376806,-0.8854560256532101
36,Covid-19,Cross River,0.0,0.0,0.0,2025-09-06,2025.0,,,,,,,0.0,0.0,,,,-0.9350162426854147,-0.3546048870425359
44,Covid-19,Cross River,0.0,0.0,0.0,2025-11-02,2025.0,,,,,,,0.0,0.0,,,,-0.822983865893657,0.5680647467311548
1,Covid-19,Delta,6.0,1.0,16.67,2020-01-01,2020.0,26.660000000000004,0.0,39.2,,213996181.0,51.958,,,0.0028037883535874876,,0.0,0.12053668025532305,0.992708874098054
30,Covid-19,Delta,0.0,0.0,0.0,2025-07-24,2025.0,,,,,,,6.0,1.0,,,,-0.46472317204376806,-0.8854560256532101
36,Covid-19,Delta,0.0,0.0,0.0,2025-09-06,2025.0,,,,,,,0.0,0.0,,,,-0.9350162426854147,-0.3546048870425359
44,Covid-19,Delta,0.0,0.0,0.0,2025-11-02,2025.0,,,,,,,0.0,0.0,,,,-0.822983865893657,0.5680647467311548
46,Covid-19,Delta,6.0,1.0,16.67,2025-11-12,2025.0,,,,,,,0.0,0.0,,,,-0.6631226582407955,0.7485107481711007
,Covid-19,Delta,4.0,1.0,25.0,,,,,,,,,6.0,1.0,,,,,
,Monkeypox,Development And Airing Of Jingles  On National Tv,0.0,0.0,0.0,,,,,,,,,,,,,,,
30,Covid-19,Ebonyi,0.0,0.0,0.0,2025-07-24,2025.0,,,,,,,,,,,,-0.46472317204376806,-0.8854560256532101
36,Covid-19,Ebonyi,0.0,0.0,0.0,2025-09-06,2025.0,,,,,,,0.0,0.0,,,,-0.9350162426854147,-0.3546048870425359
44,Covid-19,Ebonyi,0.0,0.0,0.0,2025-11-02,2025.0,,,,,,,0.0,0.0,,,,-0.822983865893657,0.5680647467311548
1,Covid-19,Edo,7.0,1.0,14.29,2020-01-02,2020.0,26.660000000000004,0.0,39.2,,213996181.0,51.958,,,0.0032710864125187356,,0.0,0.12053668025532305,0.992708874098054
10,Covid-19,Edo,7.0,1.0,14.29,2025-03-04,2025.0,,,,,,,7.0,1.0,,,,0.9350162426854148,0.35460488704253557
30,Covid-19,Edo,1.0,0.0,0.0,2025-07-24,2025.0,,,,,,,7.0,1.0,,,,-0.46472317204376806,-0.8854560256532101
36,Covid-19,Edo,0.0,0.0,0.0,2025-09-06,2025.0,,,,,,,1.0,0.0,,,,-0.9350162426854147,-0.3546048870425359
44,Covid-19,Edo,1.0,0.0,0.0,2025-11-02,2025.0,,,,,,,0.0,0.0,,,,-0.822983865893657,0.5680647467311548
45,Covid-19,Edo,0.0,0.0,0.0,2025-11-07,2025.0,,,,,,,1.0,0.0,,,,-0.7485107481711011,0.6631226582407952
46,Covid-19,Edo,17.0,2.0,11.76,2025-11-12,2025.0,,,,,,,0.0,0.0,,,,-0.6631226582407955,0.7485107481711007
48,Covid-19,Edo,0.0,0.0,0.0,2025-11-30,2025.0,,,,,,,17.0,2.0,,,,-0.4647231720437684,0.88545602565321
,Covid-19,Edo,1.0,0.0,0.0,,,,,,,,,0.0,0.0,,,,,
1,Covid-19,Ekiti,2.0,0.0,0.0,2020-01-02,2020.0,26.660000000000004,0.0,39.2,,213996181.0,51.958,,,0.0009345961178624959,,0.0,0.12053668025532305,0.992708874098054
10,Covid-19,Ekiti,2.0,0.0,0.0,2025-03-04,2025.0,,,,,,,2.0,0.0,,,,0.9350162426854148,0.35460488704253557
30,Covid-19,Ekiti,1.0,0.0,0.0,2025-07-24,2025.0,,,,,,,2.0,0.0,,,,-0.46472317204376806,-0.8854560256532101
36,Covid-19,Ekiti,1.0,0.0,0.0,2025-09-06,2025.0,,,,,,,1.0,0.0,,,,-0.9350162426854147,-0.3546048870425359
44,Covid-19,Ekiti,1.0,0.0,0.0,2025-11-02,2025.0,,,,,,,1.0,0.0,,,,-0.822983865893657,0.5680647467311548
45,Covid-19,Ekiti,2.0,0.0,0.0,2025-11-04,2025.0,,,,,,,1.0,0.0,,,,-0.7485107481711011,0.6631226582407952
46,Covid-19,Ekiti,4.0,1.0,25.0,2025-11-12,2025.0,,,,,,,2.0,0.0,,,,-0.6631226582407955,0.7485107481711007
,Covid-19,Ekiti,1.0,0.0,0.0,,,,,,,,,4.0,1.0,,,,,
1,Covid-19,Enugu,2.0,0.0,0.0,2020-01-02,2020.0,26.660000000000004,0.0,39.2,,213996181.0,51.958,,,0.0009345961178624959,,0.0,0.12053668025532305,0.992708874098054
10,Covid-19,Enugu,2.0,0.0,0.0,2025-03-04,2025.0,,,,,,,2.0,0.0,,,,0.9350162426854148,0.35460488704253557
30,Covid-19,Enugu,0.0,0.0,0.0,2025-07-24,2025.0,,,,,,,2.0,0.0,,,,-0.46472317204376806,-0.8854560256532101
36,Covid-19,Enugu,0.0,0.0,0.0,2025-09-06,2025.0,,,,,,,0.0,0.0,,,,-0.9350162426854147,-0.3546048870425359
44,Covid-19,Enugu,0.0,0.0,0.0,2025-11-02,2025.0,,,,,,,0.0,0.0,,,,-0.822983865893657,0.5680647467311548
45,Covid-19,Enugu,0.0,0.0,0.0,2025-11-07,2025.0,,,,,,,0.0,0.0,,,,-0.7485107481711011,0.6631226582407952
46,Covid-19,Enugu,2.0,0.0,0.0,2025-11-12,2025.0,,,,,,,0.0,0.0,,,,-0.6631226582407955,0.7485107481711007
,Covid-19,Enugu,2.0,0.0,0.0,,,,,,,,,2.0,0.0,,,,,
,Monkeypox,F Continue Ipc Mentoring  Engagements Across States  Urther Dissemination Of Monkey  Pox Advisories Across Ipc  Networks At State And Health  Facilities,0.0,0.0,0.0,,,,,,,,,,,,,,,
,Lassa,Federalministryof Environment,0.0,0.0,0.0,,,,,,,,,,,,,,,
1,Covid-19,Gombe,30.0,0.0,0.0,2020-01-01,2020.0,26.660000000000004,0.0,39.2,,213996181.0,51.958,,,0.01401894176793744,,0.0,0.12053668025532305,0.992708874098054
46,Covid-19,Gombe,9.0,0.0,0.0,2025-11-12,2025.0,,,,,,,30.0,0.0,,,,-0.6631226582407955,0.7485107481711007
,Covid-19,Gombe,5.0,0.0,0.0,,,,,,,,,9.0,0.0,,,,,
1,Covid-19,Imo,1.0,0.0,0.0,2020-01-01,2020.0,26.660000000000004,0.0,39.2,,213996181.0,51.958,,,0.00046729805893124795,,0.0,0.12053668025532305,0.992708874098054
5,Lassa,Infection  Prevention And  Control And Safe  Burial,0.0,0.0,0.0,2023-02-05,2023.0,27.542857142857144,3.8,83.28571428571429,,227882945.0,54.283,,,0.0,,0.0,0.5680647467311558,0.8229838658936564
,Lassa,Infectionprevention Andcontroland Safeburial,0.0,0.0,0.0,,,,,,,,,,,,,,,
1,Covid-19,Jigawa,2.0,0.0,0.0,2020-01-01,2020.0,26.660000000000004,0.0,39.2,,213996181.0,51.958,,,0.0009345961178624959,,0.0,0.12053668025532305,0.992708874098054
36,Covid-19,Jigawa,0.0,0.0,0.0,2025-09-06,2025.0,,,,,,,2.0,0.0,,,,-0.9350162426854147,-0.3546048870425359
46,Covid-19,Jigawa,2.0,0.0,0.0,2025-11-12,2025.0,,,,,,,0.0,0.0,,,,-0.6631226582407955,0.7485107481711007
,Covid-19,Jigawa,2.0,0.0,0.0,,,,,,,,,2.0,0.0,,,,,
1,Covid-19,Kaduna,4.0,0.0,0.0,2020-01-02,2020.0,26.660000000000004,0.0,39.2,,213996181.0,51.958,,,0.0018691922357249918,,0.0,0.12053668025532305,0.992708874098054
10,Covid-19,Kaduna,4.0,0.0,0.0,2025-03-04,2025.0,,,,,,,4.0,0.0,,,,0.9350162426854148,0.35460488704253557
36,Covid-19,Kaduna,0.0,0.0,0.0,2025-09-06,2025.0,,,,,,,4.0,0.0,,,,-0.9350162426854147,-0.3546048870425359
44,Covid-19,Kaduna,1.0,0.0,0.0,2025-11-02,2025.0,,,,,,,0.0,0.0,,,,-0.822983865893657,0.5680647467311548
45,Covid-19,Kaduna,5.0,0.0,0.0,2025-11-04,2025.0,,,,,,,1.0,0.0,,,,-0.7485107481711011,0.6631226582407952
46,Covid-19,Kaduna,9.0,0.0,0.0,2025-11-12,2025.0,,,,,,,5.0,0.0,,,,-0.6631226582407955,0.7485107481711007
,Covid-19,Kaduna,1.0,0.0,0.0,,,,,,,,,9.0,0.0,,,,,
1,Covid-19,Kano,77.0,1.0,1.3,2020-01-01,2020.0,26.660000000000004,0.0,39.2,,213996181.0,51.958,,,0.035981950537706094,,0.0,0.12053668025532305,0.992708874098054
30,Covid-19,Kano,0.0,0.0,0.0,2025-07-24,2025.0,,,,,,,77.0,1.0,,,,-0.46472317204376806,-0.8854560256532101
36,Covid-19,Kano,0.0,0.0,0.0,2025-09-06,2025.0,,,,,,,0.0,0.0,,,,-0.9350162426854147,-0.3546048870425359
44,Covid-19,Kano,0.0,0.0,0.0,2025-11-02,2025.0,,,,,,,0.0,0.0,,,,-0.822983865893657,0.5680647467311548
45,Covid-19,Kano,0.0,0.0,0.0,2025-11-07,2025.0,,,,,,,0.0,0.0,,,,-0.7485107481711011,0.6631226582407952
46,Covid-19,Kano,73.0,1.0,1.37,2025-11-12,2025.0,,,,,,,0.0,0.0,,,,-0.6631226582407955,0.7485107481711007
48,Covid-19,Kano,0.0,0.0,0.0,2025-11-30,2025.0,,,,,,,73.0,1.0,,,,-0.4647231720437684,0.88545602565321
,Covid-19,Kano,1.0,0.0,0.0,,,,,,,,,0.0,0.0,,,,,
1,Covid-19,Katsina,30.0,1.0,3.33,2020-01-01,2020.0,26.660000000000004,0.0,39.2,,213996181.0,51.958,,,0.01401894176793744,,0.0,0.12053668025532305,0.992708874098054
30,Covid-19,Katsina,0.0,0.0,0.0,2025-07-24,2025.0,,,,,,,30.0,1.0,,,,-0.46472317204376806,-0.8854560256532101
36,Covid-19,Katsina,0.0,0.0,0.0,2025-09-06,2025.0,,,,,,,0.0,0.0,,,,-0.9350162426854147,-0.3546048870425359
44,Covid-19,Katsina,0.0,0.0,0.0,2025-11-02,2025.0,,,,,,,0.0,0.0,,,,-0.822983865893657,0.5680647467311548
46,Covid-19,Katsina,21.0,1.0,4.76,2025-11-12,2025.0,,,,,,,0.0,0.0,,,,-0.6631226582407955,0.7485107481711007
,Covid-19,Katsina,12.0,1.0,8.33,,,,,,,,,21.0,1.0,,,,,
30,Covid-19,Kebbi,0.0,0.0,0.0,2025-07-24,2025.0,,,,,,,,,,,,-0.46472317204376806,-0.8854560256532101
36,Covid-19,Kebbi,0.0,0.0,0.0,2025-09-06,2025.0,,,,,,,0.0,0.0,,,,-0.9350162426854147,-0.3546048870425359
1,Covid-19,Kwara,11.0,0.0,0.0,2020-01-01,2020.0,26.660000000000004,0.0,39.2,,213996181.0,51.958,,,0.005140278648243728,,0.0,0.12053668025532305,0.992708874098054
46,Covid-19,Kwara,11.0,0.0,0.0,2025-11-12,2025.0,,,,,,,11.0,0.0,,,,-0.6631226582407955,0.7485107481711007
,Covid-19,Kwara,9.0,0.0,0.0,,,,,,,,,11.0,0.0,,,,,
,Cholera,L A B O R A T O R Y,0.0,0.0,0.0,,,,,,,,,,,,,,,
32,Cholera,L O G I T I C S,0.0,0.0,0.0,2025-08-06,2025.0,,,,,,,,,,,,-0.663122658240795,-0.7485107481711013
,Cholera,L O G I T I C S,0.0,0.0,0.0,,,,,,,,,0.0,0.0,,,,,
1,Covid-19,Lagos,109.0,1.0,0.92,2020-01-02,2020.0,26.660000000000004,0.0,39.2,,213996181.0,51.958,,,0.05093548842350603,,0.0,0.12053668025532305,0.992708874098054
10,Covid-19,Lagos,109.0,1.0,0.92,2025-03-04,2025.0,,,,,,,109.0,1.0,,,,0.9350162426854148,0.35460488704253557
30,Covid-19,Lagos,32.0,0.0,0.0,2025-07-24,2025.0,,,,,,,109.0,1.0,,,,-0.46472317204376806,-0.8854560256532101
36,Covid-19,Lagos,0.0,0.0,0.0,2025-09-06,2025.0,,,,,,,32.0,0.0,,,,-0.9350162426854147,-0.3546048870425359
44,Covid-19,Lagos,29.0,0.0,0.0,2025-11-02,2025.0,,,,,,,0.0,0.0,,,,-0.822983865893657,0.5680647467311548
45,Covid-19,Lagos,0.0,0.0,0.0,2025-11-07,2025.0,,,,,,,29.0,0.0,,,,-0.7485107481711011,0.6631226582407952
46,Covid-19,Lagos,582.0,16.0,2.75,2025-11-12,2025.0,,,,,,,0.0,0.0,,,,-0.6631226582407955,0.7485107481711007
48,Covid-19,Lagos,0.0,0.0,0.0,2025-11-30,2025.0,,,,,,,582.0,16.0,,,,-0.4647231720437684,0.88545602565321
,Covid-19,Lagos,0.0,0.0,0.0,,,,,,,,,0.0,0.0,,,,,
30,Covid-19,Nasarawa,0.0,0.0,0.0,2025-07-24,2025.0,,,,,,,,,,,,-0.46472317204376806,-0.8854560256532101
36,Covid-19,Nasarawa,0.0,0.0,0.0,2025-09-06,2025.0,,,,,,,0.0,0.0,,,,-0.9350162426854147,-0.3546048870425359
44,Covid-19,Nasarawa,0.0,0.0,0.0,2025-11-02,2025.0,,,,,,,0.0,0.0,,,,-0.822983865893657,0.5680647467311548
1,Covid-19,Niger,2.0,0.0,0.0,2020-01-01,2020.0,26.660000000000004,0.0,39.2,,213996181.0,51.958,,,0.0009345961178624959,,0.0,0.12053668025532305,0.992708874098054
46,Covid-19,Niger,2.0,0.0,0.0,2025-11-12,2025.0,,,,,,,2.0,0.0,,,,-0.6631226582407955,0.7485107481711007
,Covid-19,Niger,2.0,0.0,0.0,,,,,,,,,2.0,0.0,,,,,
47,Monkeypox,Off-Site Support To States   Continous Testing Of Samples,0.0,0.0,0.0,2025-11-17,2025.0,,,,,,,,,,,,-0.5680647467311559,0.8229838658936564
1,Covid-19,Ogun,4.0,0.0,0.0,2020-01-02,2020.0,26.660000000000004,0.0,39.2,,213996181.0,51.958,,,0.0018691922357249918,,0.0,0.12053668025532305,0.992708874098054
10,Covid-19,Ogun,4.0,0.0,0.0,2025-03-04,2025.0,,,,,,,4.0,0.0,,,,0.9350162426854148,0.35460488704253557
30,Covid-19,Ogun,3.0,0.0,0.0,2025-07-24,2025.0,,,,,,,4.0,0.0,,,,-0.46472317204376806,-0.8854560256532101
36,Covid-19,Ogun,0.0,1.0,0.0,2025-09-06,2025.0,,,,,,,3.0,0.0,,,,-0.9350162426854147,-0.3546048870425359
44,Covid-19,Ogun,3.0,0.0,0.0,2025-11-02,2025.0,,,,,,,0.0,1.0,,,,-0.822983865893657,0.5680647467311548
45,Covid-19,Ogun,0.0,0.0,0.0,2025-11-07,2025.0,,,,,,,3.0,0.0,,,,-0.7485107481711011,0.6631226582407952
46,Covid-19,Ogun,29.0,1.0,3.45,2025-11-12,2025.0,,,,,,,0.0,0.0,,,,-0.6631226582407955,0.7485107481711007
48,Covid-19,Ogun,0.0,0.0,0.0,2025-11-30,2025.0,,,,,,,29.0,1.0,,,,-0.4647231720437684,0.88545602565321
,Covid-19,Ogun,1.0,0.0,0.0,,,,,,,,,0.0,0.0,,,,,
1,Covid-19,Ondo,1.0,0.0,0.0,2020-01-02,2020.0,26.660000000000004,0.0,39.2,,213996181.0,51.958,,,0.00046729805893124795,,0.0,0.12053668025532305,0.992708874098054
10,Covid-19,Ondo,1.0,0.0,0.0,2025-03-04,2025.0,,,,,,,1.0,0.0,,,,0.9350162426854148,0.35460488704253557
30,Covid-19,Ondo,0.0,0.0,0.0,2025-07-24,2025.0,,,,,,,1.0,0.0,,,,-0.46472317204376806,-0.8854560256532101
36,Covid-19,Ondo,0.0,0.0,0.0,2025-09-06,2025.0,,,,,,,0.0,0.0,,,,-0.9350162426854147,-0.3546048870425359
44,Covid-19,Ondo,0.0,0.0,0.0,2025-11-02,2025.0,,,,,,,0.0,0.0,,,,-0.822983865893657,0.5680647467311548
45,Covid-19,Ondo,1.0,0.0,0.0,2025-11-04,2025.0,,,,,,,0.0,0.0,,,,-0.7485107481711011,0.6631226582407952
46,Covid-19,Ondo,3.0,0.0,0.0,2025-11-12,2025.0,,,,,,,1.0,0.0,,,,-0.6631226582407955,0.7485107481711007
,Covid-19,Ondo,3.0,0.0,0.0,,,,,,,,,3.0,0.0,,,,,
1,Covid-19,Osun,22.0,0.0,0.0,2020-01-02,2020.0,26.660000000000004,0.0,39.2,,213996181.0,51.958,,,0.010280557296487455,,0.0,0.12053668025532305,0.992708874098054
10,Covid-19,Osun,20.0,0.0,0.0,2025-03-04,2025.0,,,,,,,22.0,0.0,,,,0.9350162426854148,0.35460488704253557
30,Covid-19,Osun,1.0,0.0,0.0,2025-07-24,2025.0,,,,,,,20.0,0.0,,,,-0.46472317204376806,-0.8854560256532101
36,Covid-19,Osun,1.0,0.0,0.0,2025-09-06,2025.0,,,,,,,1.0,0.0,,,,-0.9350162426854147,-0.3546048870425359
44,Covid-19,Osun,2.0,0.0,0.0,2025-11-02,2025.0,,,,,,,1.0,0.0,,,,-0.822983865893657,0.5680647467311548
45,Covid-19,Osun,20.0,0.0,0.0,2025-11-04,2025.0,,,,,,,2.0,0.0,,,,-0.7485107481711011,0.6631226582407952
46,Covid-19,Osun,20.0,0.0,0.0,2025-11-12,2025.0,,,,,,,20.0,0.0,,,,-0.6631226582407955,0.7485107481711007
,Covid-19,Osun,2.0,0.0,0.0,,,,,,,,,20.0,0.0,,,,,
1,Covid-19,Oyo,8.0,0.0,0.0,2020-01-02,2020.0,26.660000000000004,0.0,39.2,,213996181.0,51.958,,,0.0037383844714499836,,0.0,0.12053668025532305,0.992708874098054
10,Covid-19,Oyo,9.0,0.0,0.0,2025-03-04,2025.0,,,,,,,8.0,0.0,,,,0.9350162426854148,0.35460488704253557
30,Covid-19,Oyo,1.0,0.0,0.0,2025-07-24,2025.0,,,,,,,9.0,0.0,,,,-0.46472317204376806,-0.8854560256532101
36,Covid-19,Oyo,1.0,0.0,0.0,2025-09-06,2025.0,,,,,,,1.0,0.0,,,,-0.9350162426854147,-0.3546048870425359
44,Covid-19,Oyo,1.0,0.0,0.0,2025-11-02,2025.0,,,,,,,1.0,0.0,,,,-0.822983865893657,0.5680647467311548
45,Covid-19,Oyo,9.0,0.0,0.0,2025-11-04,2025.0,,,,,,,1.0,0.0,,,,-0.7485107481711011,0.6631226582407952
46,Covid-19,Oyo,17.0,1.0,5.88,2025-11-12,2025.0,,,,,,,9.0,0.0,,,,-0.6631226582407955,0.7485107481711007
,Covid-19,Oyo,7.0,0.0,0.0,,,,,,,,,17.0,1.0,,,,,
1,Covid-19,Plateau,1.0,0.0,0.0,2020-01-01,2020.0,26.660000000000004,0.0,39.2,,213996181.0,51.958,,,0.00046729805893124795,,0.0,0.12053668025532305,0.992708874098054
30,Covid-19,Plateau,0.0,0.0,0.0,2025-07-24,2025.0,,,,,,,1.0,0.0,,,,-0.46472317204376806,-0.8854560256532101
36,Covid-19,Plateau,0.0,0.0,0.0,2025-09-06,2025.0,,,,,,,0.0,0.0,,,,-0.9350162426854147,-0.3546048870425359
44,Covid-19,Plateau,0.0,0.0,0.0,2025-11-02,2025.0,,,,,,,0.0,0.0,,,,-0.822983865893657,0.5680647467311548
46,Covid-19,Plateau,1.0,0.0,0.0,2025-11-12,2025.0,,,,,,,0.0,0.0,,,,-0.6631226582407955,0.7485107481711007
,Covid-19,Plateau,1.0,0.0,0.0,,,,,,,,,1.0,0.0,,,,,
45,Monkeypox,Research,0.0,0.0,0.0,2025-11-08,2025.0,,,,,,,,,,,,-0.7485107481711011,0.6631226582407952
5,Lassa,Research Pillar,0.0,0.0,0.0,2023-02-05,2023.0,27.542857142857144,3.8,83.28571428571429,,227882945.0,54.283,,,0.0,,0.0,0.5680647467311558,0.8229838658936564
,Lassa,Researchpillar,0.0,0.0,0.0,,,,,,,,,,,,,,,
34,Cholera,Risk  Communication,0.0,0.0,0.0,2021-08-29,2021.0,25.514285714285712,35.2,87.85714285714286,,218529286.0,52.746,,,0.0,,-1.716145124716558,-0.8229838658936564,-0.5680647467311559
51,Cholera,Risk  Communication,0.0,0.0,0.0,2021-12-26,2021.0,27.8,0.0,63.142857142857146,,218529286.0,52.746,0.0,0.0,0.0,-35.2,0.5695691609977303,-0.12053668025532363,0.992708874098054
52,Cholera,Risk  Communication,0.0,0.0,0.0,2021-12-27,2021.0,27.580000000000002,2.5,79.8,,218529286.0,52.746,0.0,0.0,0.0,2.5,0.3495691609977314,6.432490598706546e-16,1.0
44,Cholera,Risk  Communication,0.0,0.0,0.0,2023-10-30,2023.0,27.457142857142856,21.3,83.85714285714286,,227882945.0,54.283,0.0,0.0,0.0,18.8,0.22671201814058506,-0.822983865893657,0.5680647467311548
1,Cholera,Risk  Communication,0.0,0.0,0.0,2024-01-01,2024.0,28.08888888888889,6.1,82.33333333333333,,232679478.0,55.03,0.0,0.0,0.0,-15.200000000000001,0.8584580498866181,0.12053668025532305,0.992708874098054
5,Cholera,Risk  Communication,0.0,0.0,0.0,2024-01-29,2024.0,27.942857142857143,0.0,73.57142857142857,,232679478.0,55.03,0.0,0.0,0.0,-6.1,0.7124263038548726,0.5680647467311558,0.8229838658936564
9,Cholera,Risk  Communication,0.0,0.0,0.0,2024-02-26,2024.0,29.114285714285717,24.1,80.28571428571429,,232679478.0,55.03,0.0,0.0,0.0,24.1,1.883854875283447,0.8854560256532099,0.4647231720437686
13,Cholera,Risk  Communication,0.0,0.0,0.0,2024-03-25,2024.0,29.385714285714283,37.6,79.14285714285714,,232679478.0,55.03,0.0,0.0,0.0,13.5,2.155283446712012,1.0,-1.6081226496766366e-16
24,Cholera,Risk  Communication,0.0,0.0,0.0,2024-06-10,2024.0,26.542857142857144,47.699999999999996,85.42857142857143,,232679478.0,55.03,0.0,0.0,0.0,10.099999999999994,-0.687573696145126,0.23931566428755768,-0.970941817426052
25,Cholera,Risk  Communication,0.0,0.0,0.0,2024-06-17,2024.0,26.62857142857143,29.599999999999998,85.85714285714286,,232679478.0,55.03,0.0,0.0,0.0,-18.099999999999998,-0.6018594104308406,0.12053668025532308,-0.992708874098054
26,Cholera,Risk  Communication,0.0,0.0,0.0,2024-06-24,2024.0,26.357142857142858,70.2,86.14285714285714,,232679478.0,55.03,0.0,0.0,0.0,40.60000000000001,-0.8732879818594128,-3.216245299353273e-16,-1.0
30,Cholera,Risk  Communication,0.0,0.0,0.0,2024-07-22,2024.0,25.685714285714287,3.5,82.14285714285714,,232679478.0,55.03,0.0,0.0,0.0,-66.7,-1.5447165532879836,-0.46472317204376806,-0.8854560256532101
32,Cholera,Risk  Communication,0.0,0.0,0.0,2024-08-05,2024.0,25.585714285714285,4.5,81.57142857142857,,232679478.0,55.03,0.0,0.0,0.0,1.0,-1.644716553287985,-0.663122658240795,-0.7485107481711013
45,Cholera,Risk  Communication,0.0,0.0,0.0,2025-11-03,2025.0,,,,,,,0.0,0.0,,,,-0.7485107481711011,0.6631226582407952
5,Lassa,Risk  Communication,0.0,0.0,0.0,2023-02-05,2023.0,27.542857142857144,3.8,83.28571428571429,,227882945.0,54.283,,,0.0,,0.312426303854874,0.5680647467311558,0.8229838658936564
1,Cholera,Risk Communication,0.0,0.0,0.0,2023-01-02,2023.0,26.685714285714287,0.0,65.28571428571429,,227882945.0,54.283,,,0.0,,0.0,0.12053668025532305,0.992708874098054
32,Cholera,Risk Communication,0.0,0.0,0.0,2025-08-06,2025.0,,,,,,,0.0,0.0,,,,-0.663122658240795,-0.7485107481711013
,Cholera,Risk Communication,0.0,0.0,0.0,,,,,,,,,0.0,0.0,,,,,
,Lassa,Risk Communication,0.0,0.0,0.0,,,,,,,,,,,,,,,
1,Covid-19,Rivers,1.0,0.0,0.0,2020-01-02,2020.0,26.660000000000004,0.0,39.2,,213996181.0,51.958,,,0.00046729805893124795,,0.0,0.12053668025532305,0.992708874098054
10,Covid-19,Rivers,1.0,0.0,0.0,2025-03-04,2025.0,,,,,,,1.0,0.0,,,,0.9350162426854148,0.35460488704253557
30,Covid-19,Rivers,1.0,0.0,0.0,2025-07-24,2025.0,,,,,,,1.0,0.0,,,,-0.46472317204376806,-0.8854560256532101
36,Covid-19,Rivers,0.0,0.0,0.0,2025-09-06,2025.0,,,,,,,1.0,0.0,,,,-0.9350162426854147,-0.3546048870425359
44,Covid-19,Rivers,0.0,0.0,0.0,2025-11-02,2025.0,,,,,,,0.0,0.0,,,,-0.822983865893657,0.5680647467311548
45,Covid-19,Rivers,0.0,0.0,0.0,2025-11-07,2025.0,,,,,,,0.0,0.0,,,,-0.7485107481711011,0.6631226582407952
46,Covid-19,Rivers,3.0,1.0,33.33,2025-11-12,2025.0,,,,,,,0.0,0.0,,,,-0.6631226582407955,0.7485107481711007
48,Covid-19,Rivers,0.0,0.0,0.0,2025-11-30,2025.0,,,,,,,3.0,1.0,,,,-0.4647231720437684,0.88545602565321
,Covid-19,Rivers,0.0,0.0,0.0,,,,,,,,,0.0,0.0,,,,,
,Cholera,S U R V E I L A N C E,0.0,0.0,0.0,,,,,,,,,,,,,,,
1,Covid-19,Sokoto,2.0,0.0,0.0,2020-01-01,2020.0,26.660000000000004,0.0,39.2,,213996181.0,51.958,,,0.0009345961178624959,,0.0,0.12053668025532305,0.992708874098054
30,Covid-19,Sokoto,0.0,0.0,0.0,2025-07-24,2025.0,,,,,,,2.0,0.0,,,,-0.46472317204376806,-0.8854560256532101
36,Covid-19,Sokoto,0.0,0.0,0.0,2025-09-06,2025.0,,,,,,,0.0,0.0,,,,-0.9350162426854147,-0.3546048870425359
46,Covid-19,Sokoto,1.0,0.0,0.0,2025-11-12,2025.0,,,,,,,0.0,0.0,,,,-0.6631226582407955,0.7485107481711007
,Covid-19,Sokoto,1.0,0.0,0.0,,,,,,,,,1.0,0.0,,,,,
,Lassa,Stateresponse,0.0,0.0,0.0,,,,,,,,,,,,,,,
34,Cholera,Surveillance,0.0,0.0,0.0,2021-08-29,2021.0,25.514285714285712,35.2,87.85714285714286,,218529286.0,52.746,,,0.0,,-1.0642857142857132,-0.8229838658936564,-0.5680647467311559
35,Cholera,Surveillance,0.0,0.0,0.0,2021-09-05,2021.0,25.485714285714288,55.6,88.42857142857143,,218529286.0,52.746,0.0,0.0,0.0,20.4,-1.092857142857138,-0.8854560256532096,-0.4647231720437691
21,Cholera,Surveillance,0.0,0.0,0.0,2022-05-29,2022.0,26.52857142857143,20.8,83.14285714285714,,223150896.0,53.521,0.0,0.0,0.0,-34.8,-0.04999999999999716,0.5680647467311558,-0.8229838658936564
26,Cholera,Surveillance,0.0,0.0,0.0,2022-07-03,2022.0,25.428571428571427,55.699999999999996,85.42857142857143,,223150896.0,53.521,0.0,0.0,0.0,34.89999999999999,-1.1499999999999986,-3.216245299353273e-16,-1.0
35,Cholera,Surveillance,0.0,0.0,0.0,2022-09-04,2022.0,24.97142857142857,30.700000000000003,86.28571428571429,,223150896.0,53.521,0.0,0.0,0.0,-24.999999999999993,-1.607142857142854,-0.8854560256532096,-0.4647231720437691
39,Cholera,Surveillance,0.0,0.0,0.0,2022-10-02,2022.0,25.0,45.7,87.57142857142857,,223150896.0,53.521,0.0,0.0,0.0,15.0,-1.5785714285714256,-1.0,-1.8369701987210297e-16
43,Cholera,Surveillance,0.0,0.0,0.0,2022-10-30,2022.0,26.74285714285714,18.7,85.57142857142857,,223150896.0,53.521,0.0,0.0,0.0,-27.000000000000004,0.1642857142857146,-0.8854560256532101,0.464723172043768
47,Cholera,Surveillance,0.0,0.0,0.0,2022-11-27,2022.0,27.542857142857144,3.9,79.71428571428571,,223150896.0,53.521,0.0,0.0,0.0,-14.799999999999999,0.9642857142857189,-0.5680647467311559,0.8229838658936564
1,Cholera,Surveillance,0.0,0.0,0.0,2023-01-02,2023.0,26.685714285714287,0.0,65.28571428571429,,227882945.0,54.283,0.0,0.0,0.0,-3.9,0.1071428571428612,0.12053668025532305,0.992708874098054
9,Cholera,Surveillance,0.0,0.0,0.0,2023-03-05,2023.0,28.67142857142857,13.0,76.28571428571429,,227882945.0,54.283,0.0,0.0,0.0,13.0,2.092857142857145,0.8854560256532099,0.4647231720437686
13,Cholera,Surveillance,0.0,0.0,0.0,2023-04-02,2023.0,28.97142857142857,10.399999999999999,73.57142857142857,,227882945.0,54.283,0.0,0.0,0.0,-2.6000000000000014,2.392857142857146,1.0,-1.6081226496766366e-16
52,Cholera,Surveillance,0.0,0.0,0.0,2023-01-01,2023.0,27.4,0.0,77.125,,227882945.0,54.283,0.0,0.0,0.0,-10.399999999999999,0.821428571428573,6.432490598706546e-16,1.0
44,Cholera,Surveillance,0.0,0.0,0.0,2025-11-02,2025.0,,,,,,,0.0,0.0,,,,-0.822983865893657,0.5680647467311548
45,Cholera,Surveillance,0.0,0.0,0.0,2025-11-03,2025.0,,,,,,,0.0,0.0,,,,-0.7485107481711011,0.6631226582407952
46,Cholera,Surveillance,0.0,0.0,0.0,2025-11-13,2025.0,,,,,,,0.0,0.0,,,,-0.6631226582407955,0.7485107481711007
47,Cholera,Surveillance,0.0,0.0,0.0,2025-11-21,2025.0,,,,,,,0.0,0.0,,,,-0.5680647467311559,0.8229838658936564
48,Cholera,Surveillance,0.0,0.0,0.0,2025-11-26,2025.0,,,,,,,0.0,0.0,,,,-0.4647231720437684,0.88545602565321
,Cholera,Surveillance,0.0,0.0,0.0,,,,,,,,,0.0,0.0,,,,,
,Lassa,Surveillance,0.0,0.0,0.0,,,,,,,,,,,,,,,
,Malaria,Symptoms,0.0,0.0,0.0,,,,,,,,,,,,,,,
34,Cholera,Unknown,0.0,0.0,0.0,2021-08-29,2021.0,25.514285714285712,35.2,87.85714285714286,,218529286.0,52.746,,,0.0,,-1.4468131868131877,-0.8229838658936564,-0.5680647467311559
35,Cholera,Unknown,0.0,0.0,0.0,2021-09-05,2021.0,25.485714285714288,55.6,88.42857142857143,,218529286.0,52.746,0.0,0.0,0.0,20.4,-1.4753846153846126,-0.8854560256532096,-0.4647231720437691
40,Cholera,Unknown,0.0,0.0,0.0,2021-10-10,2021.0,26.485714285714288,44.6,87.57142857142857,,218529286.0,52.746,0.0,0.0,0.0,-11.0,-0.47538461538461263,-0.992708874098054,0.1205366802553232
52,Cholera,Unknown,0.0,0.0,0.0,2021-12-27,2021.0,27.580000000000002,2.5,79.8,,218529286.0,52.746,0.0,0.0,0.0,-42.1,0.6189010989011017,6.432490598706546e-16,1.0
5,Cholera,Unknown,0.0,0.0,0.0,2023-02-04,2023.0,27.542857142857144,3.8,83.28571428571429,,227882945.0,54.283,0.0,0.0,0.0,1.2999999999999998,0.5817582417582443,0.5680647467311558,0.8229838658936564
5,Cholera,Unknown,0.0,0.0,0.0,2023-02-04,2023.0,27.542857142857144,3.8,83.28571428571429,,227882945.0,54.283,0.0,0.0,0.0,0.0,0.5817582417582443,0.5680647467311558,0.8229838658936564
28,Cholera,Unknown,0.0,0.0,0.0,2024-07-08,2024.0,25.74285714285714,44.0,85.57142857142857,,232679478.0,55.03,0.0,0.0,0.0,40.2,-1.21824175824176,-0.23931566428755743,-0.9709418174260521
28,Cholera,Unknown,0.0,0.0,0.0,2024-07-08,2024.0,25.74285714285714,44.0,85.57142857142857,,232679478.0,55.03,0.0,0.0,0.0,0.0,-1.21824175824176,-0.23931566428755743,-0.9709418174260521
45,Cholera,Unknown,0.0,0.0,0.0,2025-11-05,2025.0,,,,,,,0.0,0.0,,,,-0.7485107481711011,0.6631226582407952
,Cholera,Unknown,0.0,0.0,0.0,,,,,,,,,0.0,0.0,,,,,
,Cholera,Unknown,0.0,0.0,0.0,,,,,,,,,0.0,0.0,,,,,
,Cholera,Unknown,0.0,0.0,0.0,,,,,,,,,0.0,0.0,,,,,
,Cholera,Unknown,0.0,0.0,0.0,,,,,,,,,0.0,0.0,,,,,
,Cholera,Unknown,0.0,0.0,0.0,,,,,,,,,0.0,0.0,,,,,
30,Covid-19,Unknown,0.0,0.0,0.0,2025-07-24,2025.0,,,,,,,,,,,,-0.46472317204376806,-0.8854560256532101
36,Covid-19,Unknown,0.0,0.0,0.0,2025-09-06,2025.0,,,,,,,0.0,0.0,,,,-0.9350162426854147,-0.3546048870425359
44,Covid-19,Unknown,0.0,0.0,0.0,2025-11-02,2025.0,,,,,,,0.0,0.0,,,,-0.822983865893657,0.5680647467311548
,Covid-19,Unknown,0.0,0.0,0.0,,,,,,,,,0.0,0.0,,,,,
,Covid-19,Unknown,0.0,0.0,0.0,,,,,,,,,0.0,0.0,,,,,
21,Lassa,Unknown,0.0,0.0,0.0,2020-05-24,2020.0,27.771428571428572,19.400000000000002,81.85714285714286,,213996181.0,51.958,,,0.0,,0.8103296703296721,0.5680647467311558,-0.8229838658936564
21,Lassa,Unknown,0.0,0.0,0.0,2020-05-24,2020.0,27.771428571428572,19.400000000000002,81.85714285714286,,213996181.0,51.958,0.0,0.0,0.0,0.0,0.8103296703296721,0.5680647467311558,-0.8229838658936564
21,Lassa,Unknown,0.0,0.0,0.0,2020-05-24,2020.0,27.771428571428572,19.400000000000002,81.85714285714286,,213996181.0,51.958,0.0,0.0,0.0,0.0,0.8103296703296721,0.5680647467311558,-0.8229838658936564
21,Lassa,Unknown,0.0,0.0,0.0,2020-05-24,2020.0,27.771428571428572,19.400000000000002,81.85714285714286,,213996181.0,51.958,0.0,0.0,0.0,0.0,0.8103296703296721,0.5680647467311558,-0.8229838658936564
21,Lassa,Unknown,0.0,0.0,0.0,2020-05-24,2020.0,27.771428571428572,19.400000000000002,81.85714285714286,,213996181.0,51.958,0.0,0.0,0.0,0.0,0.8103296703296721,0.5680647467311558,-0.8229838658936564
45,Lassa,Unknown,0.0,0.0,0.0,2025-11-03,2025.0,,,,,,,0.0,0.0,,,,-0.7485107481711011,0.6631226582407952
48,Lassa,Unknown,0.0,0.0,0.0,2025-11-24,2025.0,,,,,,,0.0,0.0,,,,-0.4647231720437684,0.88545602565321
48,Lassa,Unknown,0.0,0.0,0.0,2025-11-24,2025.0,,,,,,,0.0,0.0,,,,-0.4647231720437684,0.88545602565321
48,Lassa,Unknown,0.0,0.0,0.0,2025-11-24,2025.0,,,,,,,0.0,0.0,,,,-0.4647231720437684,0.88545602565321
48,Lassa,Unknown,0.0,0.0,0.0,2025-11-24,2025.0,,,,,,,0.0,0.0,,,,-0.4647231720437684,0.88545602565321
48,Lassa,Unknown,0.0,0.0,0.0,2025-11-24,2025.0,,,,,,,0.0,0.0,,,,-0.4647231720437684,0.88545602565321
48,Lassa,Unknown,0.0,0.0,0.0,2025-11-24,2025.0,,,,,,,0.0,0.0,,,,-0.4647231720437684,0.88545602565321
,Lassa,Unknown,0.0,0.0,0.0,,,,,,,,,0.0,0.0,,,,,
,Lassa,Unknown,0.0,0.0,0.0,,,,,,,,,0.0,0.0,,,,,
,Lassa,Unknown,0.0,0.0,0.0,,,,,,,,,0.0,0.0,,,,,
1,Measles,Unknown,0.0,0.0,0.0,2025-01-05,2025.0,,,,,,,,,,,,0.12053668025532305,0.992708874098054
1,Measles,Unknown,0.0,0.0,0.0,2025-01-05,2025.0,,,,,,,0.0,0.0,,,,0.12053668025532305,0.992708874098054
10,Measles,Unknown,0.0,0.0,0.0,2025-03-05,2025.0,,,,,,,0.0,0.0,,,,0.9350162426854148,0.35460488704253557
10,Measles,Unknown,0.0,0.0,0.0,2025-03-05,2025.0,,,,,,,0.0,0.0,,,,0.9350162426854148,0.35460488704253557
,Measles,Unknown,0.0,0.0,0.0,,,,,,,,,0.0,0.0,,,,,
,Measles,Unknown,0.0,0.0,0.0,,,,,,,,,0.0,0.0,,,,,
,Measles,Unknown,0.0,0.0,0.0,,,,,,,,,0.0,0.0,,,,,
,Measles,Unknown,0.0,0.0,0.0,,,,,,,,,0.0,0.0,,,,,
,Measles,Unknown,0.0,0.0,0.0,,,,,,,,,0.0,0.0,,,,,
,Measles,Unknown,0.0,0.0,0.0,,,,,,,,,0.0,0.0,,,,,
,Measles,Unknown,0.0,0.0,0.0,,,,,,,,,0.0,0.0,,,,,
,Measles,Unknown,0.0,0.0,0.0,,,,,,,,,0.0,0.0,,,,,
,Measles,Unknown,0.0,0.0,0.0,,,,,,,,,0.0,0.0,,,,,
,Measles,Unknown,0.0,0.0,0.0,,,,,,,,,0.0,0.0,,,,,
1,Meningitis,Unknown,0.0,0.0,0.0,2025-01-02,2025.0,,,,,,,,,,,,0.12053668025532305,0.992708874098054
22,Meningitis,Unknown,0.0,0.0,0.0,2025-06-01,2025.0,,,,,,,0.0,0.0,,,,0.46472317204376906,-0.8854560256532096
8,Monkeypox,Unknown,0.0,0.0,0.0,2025-02-20,2025.0,,,,,,,,,,,,0.8229838658936564,0.5680647467311559
10,Monkeypox,Unknown,0.0,0.0,0.0,2025-03-06,2025.0,,,,,,,0.0,0.0,,,,0.9350162426854148,0.35460488704253557
14,Monkeypox,Unknown,0.0,0.0,0.0,2025-04-01,2025.0,,,,,,,0.0,0.0,,,,0.992708874098054,-0.12053668025532288
19,Monkeypox,Unknown,0.0,0.0,0.0,2025-05-05,2025.0,,,,,,,0.0,0.0,,,,0.7485107481711013,-0.663122658240795
22,Monkeypox,Unknown,0.0,0.0,0.0,2025-06-01,2025.0,,,,,,,0.0,0.0,,,,0.46472317204376906,-0.8854560256532096
22,Monkeypox,Unknown,0.0,0.0,0.0,2025-06-01,2025.0,,,,,,,0.0,0.0,,,,0.46472317204376906,-0.8854560256532096
22,Monkeypox,Unknown,0.0,0.0,0.0,2025-06-01,2025.0,,,,,,,0.0,0.0,,,,0.46472317204376906,-0.8854560256532096
44,Monkeypox,Unknown,0.0,0.0,0.0,2025-11-01,2025.0,,,,,,,0.0,0.0,,,,-0.822983865893657,0.5680647467311548
44,Monkeypox,Unknown,0.0,0.0,0.0,2025-11-01,2025.0,,,,,,,0.0,0.0,,,,-0.822983865893657,0.5680647467311548
44,Monkeypox,Unknown,0.0,0.0,0.0,2025-11-01,2025.0,,,,,,,0.0,0.0,,,,-0.822983865893657,0.5680647467311548
44,Monkeypox,Unknown,0.0,0.0,0.0,2025-11-01,2025.0,,,,,,,0.0,0.0,,,,-0.822983865893657,0.5680647467311548
44,Monkeypox,Unknown,0.0,0.0,0.0,2025-11-01,2025.0,,,,,,,0.0,0.0,,,,-0.822983865893657,0.5680647467311548
45,Monkeypox,Unknown,0.0,0.0,0.0,2025-11-03,2025.0,,,,,,,0.0,0.0,,,,-0.7485107481711011,0.6631226582407952
45,Monkeypox,Unknown,0.0,0.0,0.0,2025-11-08,2025.0,,,,,,,0.0,0.0,,,,-0.7485107481711011,0.6631226582407952
45,Monkeypox,Unknown,0.0,0.0,0.0,2025-11-09,2025.0,,,,,,,0.0,0.0,,,,-0.7485107481711011,0.6631226582407952
45,Monkeypox,Unknown,0.0,0.0,0.0,2025-11-08,2025.0,,,,,,,0.0,0.0,,,,-0.7485107481711011,0.6631226582407952
45,Monkeypox,Unknown,0.0,0.0,0.0,2025-11-04,2025.0,,,,,,,0.0,0.0,,,,-0.7485107481711011,0.6631226582407952
45,Monkeypox,Unknown,0.0,0.0,0.0,2025-11-04,2025.0,,,,,,,0.0,0.0,,,,-0.7485107481711011,0.6631226582407952
45,Monkeypox,Unknown,0.0,0.0,0.0,2025-11-07,2025.0,,,,,,,0.0,0.0,,,,-0.7485107481711011,0.6631226582407952
45,Monkeypox,Unknown,0.0,0.0,0.0,2025-11-07,2025.0,,,,,,,0.0,0.0,,,,-0.7485107481711011,0.6631226582407952
45,Monkeypox,Unknown,0.0,0.0,0.0,2025-11-07,2025.0,,,,,,,0.0,0.0,,,,-0.7485107481711011,0.6631226582407952
45,Monkeypox,Unknown,0.0,0.0,0.0,2025-11-05,2025.0,,,,,,,0.0,0.0,,,,-0.7485107481711011,0.6631226582407952
45,Monkeypox,Unknown,0.0,0.0,0.0,2025-11-03,2025.0,,,,,,,0.0,0.0,,,,-0.7485107481711011,0.6631226582407952
46,Monkeypox,Unknown,0.0,0.0,0.0,2025-11-12,2025.0,,,,,,,0.0,0.0,,,,-0.6631226582407955,0.7485107481711007
47,Monkeypox,Unknown,0.0,0.0,0.0,2025-11-20,2025.0,,,,,,,0.0,0.0,,,,-0.5680647467311559,0.8229838658936564
47,Monkeypox,Unknown,0.0,0.0,0.0,2025-11-23,2025.0,,,,,,,0.0,0.0,,,,-0.5680647467311559,0.8229838658936564
47,Monkeypox,Unknown,0.0,0.0,0.0,2025-11-23,2025.0,,,,,,,0.0,0.0,,,,-0.5680647467311559,0.8229838658936564
37,Monkeypox,Unknown,0.0,0.0,0.0,2029-09-13,2029.0,,,,,,,0.0,0.0,,,,-0.970941817426052,-0.23931566428755774
,Monkeypox,Unknown,0.0,0.0,0.0,,,,,,,,,0.0,0.0,,,,,
,Monkeypox,Unknown,0.0,0.0,0.0,,,,,,,,,0.0,0.0,,,,,
,Monkeypox,Unknown,0.0,0.0,0.0,,,,,,,,,0.0,0.0,,,,,
,Monkeypox,Unknown,0.0,0.0,0.0,,,,,,,,,0.0,0.0,,,,,
,Monkeypox,Unknown,0.0,0.0,0.0,,,,,,,,,0.0,0.0,,,,,
,Monkeypox,Unknown,0.0,0.0,0.0,,,,,,,,,0.0,0.0,,,,,
,Monkeypox,Unknown,0.0,0.0,0.0,,,,,,,,,0.0,0.0,,,,,
,Monkeypox,Unknown,0.0,0.0,0.0,,,,,,,,,0.0,0.0,,,,,
,Monkeypox,Unknown,0.0,0.0,0.0,,,,,,,,,0.0,0.0,,,,,
,Monkeypox,Unknown,0.0,0.0,0.0,,,,,,,,,0.0,0.0,,,,,
,Monkeypox,Unknown,0.0,0.0,0.0,,,,,,,,,0.0,0.0,,,,,
,Monkeypox,Unknown,0.0,0.0,0.0,,,,,,,,,0.0,0.0,,,,,
,Monkeypox,Unknown,0.0,0.0,0.0,,,,,,,,,0.0,0.0,,,,,
,Monkeypox,Unknown,0.0,0.0,0.0,,,,,,,,,0.0,0.0,,,,,
,Monkeypox,Unknown,0.0,0.0,0.0,,,,,,,,,0.0,0.0,,,,,
,Monkeypox,Unknown,0.0,0.0,0.0,,,,,,,,,0.0,0.0,,,,,
,Monkeypox,Unknown,0.0,0.0,0.0,,,,,,,,,0.0,0.0,,,,,
,Monkeypox,Unknown,0.0,0.0,0.0,,,,,,,,,0.0,0.0,,,,,
,Monkeypox,Unknown,0.0,0.0,0.0,,,,,,,,,0.0,0.0,,,,,
,Monkeypox,Unknown,0.0,0.0,0.0,,,,,,,,,0.0,0.0,,,,,
,Monkeypox,Unknown,0.0,0.0,0.0,,,,,,,,,0.0,0.0,,,,,
,Monkeypox,Unknown,0.0,0.0,0.0,,,,,,,,,0.0,0.0,,,,,
,Monkeypox,Unknown,0.0,0.0,0.0,,,,,,,,,0.0,0.0,,,,,
,Monkeypox,Unknown,0.0,0.0,0.0,,,,,,,,,0.0,0.0,,,,,
,Monkeypox,Unknown,0.0,0.0,0.0,,,,,,,,,0.0,0.0,,,,,
,Monkeypox,Unknown,0.0,0.0,0.0,,,,,,,,,0.0,0.0,,,,,
,Monkeypox,Unknown,0.0,0.0,0.0,,,,,,,,,0.0,0.0,,,,,
,Monkeypox,Unknown,0.0,0.0,0.0,,,,,,,,,0.0,0.0,,,,,
,Monkeypox,Unknown,0.0,0.0,0.0,,,,,,,,,0.0,0.0,,,,,
,Monkeypox,Unknown,0.0,0.0,0.0,,,,,,,,,0.0,0.0,,,,,
,Monkeypox,Unknown,0.0,0.0,0.0,,,,,,,,,0.0,0.0,,,,,
,Monkeypox,Unknown,0.0,0.0,0.0,,,,,,,,,0.0,0.0,,,,,
,Monkeypox,Unknown,0.0,0.0,0.0,,,,,,,,,0.0,0.0,,,,,
,Monkeypox,Unknown,0.0,0.0,0.0,,,,,,,,,0.0,0.0,,,,,
,Monkeypox,Unknown,0.0,0.0,0.0,,,,,,,,,0.0,0.0,,,,,
,Monkeypox,Unknown,0.0,0.0,0.0,,,,,,,,,0.0,0.0,,,,,
,Monkeypox,Unknown,0.0,0.0,0.0,,,,,,,,,0.0,0.0,,,,,
,Monkeypox,Unknown,0.0,0.0,0.0,,,,,,,,,0.0,0.0,,,,,
,Monkeypox,Unknown,0.0,0.0,0.0,,,,,,,,,0.0,0.0,,,,,
,Monkeypox,Unknown,0.0,0.0,0.0,,,,,,,,,0.0,0.0,,,,,
,Monkeypox,Unknown,0.0,0.0,0.0,,,,,,,,,0.0,0.0,,,,,
,Monkeypox,Unknown,0.0,0.0,0.0,,,,,,,,,0.0,0.0,,,,,
,Monkeypox,Unknown,0.0,0.0,0.0,,,,,,,,,0.0,0.0,,,,,
,Monkeypox,Unknown,0.0,0.0,0.0,,,,,,,,,0.0,0.0,,,,,
,Monkeypox,Unknown,0.0,0.0,0.0,,,,,,,,,0.0,0.0,,,,,
,Monkeypox,Unknown,0.0,0.0,0.0,,,,,,,,,0.0,0.0,,,,,
8,Yellow Fever,Unknown,0.0,0.0,0.0,2010-02-24,2010.0,,,,0.0,166642886.0,43.48,,,0.0,,,0.8229838658936564,0.5680647467311559
8,Yellow Fever,Unknown,0.0,0.0,0.0,2010-02-24,2010.0,,,,0.0,166642886.0,43.48,0.0,0.0,0.0,,,0.8229838658936564,0.5680647467311559
8,Yellow Fever,Unknown,0.0,0.0,0.0,2010-02-24,2010.0,,,,0.0,166642886.0,43.48,0.0,0.0,0.0,,,0.8229838658936564,0.5680647467311559
45,Yellow Fever,Unknown,0.0,0.0,0.0,2025-11-04,2025.0,,,,,,,0.0,0.0,,,,-0.7485107481711011,0.6631226582407952
30,Covid-19,Yobe,0.0,0.0,0.0,2025-07-24,2025.0,,,,,,,,,,,,-0.46472317204376806,-0.8854560256532101
36,Covid-19,Yobe,0.0,0.0,0.0,2025-09-06,2025.0,,,,,,,0.0,0.0,,,,-0.9350162426854147,-0.3546048870425359
44,Covid-19,Yobe,0.0,0.0,0.0,2025-11-02,2025.0,,,,,,,0.0,0.0,,,,-0.822983865893657,0.5680647467311548
45,Covid-19,Yobe,0.0,0.0,0.0,2025-11-07,2025.0,,,,,,,0.0,0.0,,,,-0.7485107481711011,0.6631226582407952
48,Covid-19,Yobe,0.0,0.0,0.0,2025-11-30,2025.0,,,,,,,0.0,0.0,,,,-0.4647231720437684,0.88545602565321
,Covid-19,Yobe,0.0,0.0,0.0,,,,,,,,,0.0,0.0,,,,,
1,Covid-19,Zamfara,2.0,0.0,0.0,2020-01-01,2020.0,26.660000000000004,0.0,39.2,,213996181.0,51.958,,,0.0009345961178624959,,0.0,0.12053668025532305,0.992708874098054
,Covid-19,Zamfara,2.0,0.0,0.0,,,,,,,,,2.0,0.0,,,,,
