week,year,week_num,disease,state,cases,deaths,cfr,report_date
46,2018.0,1.0,Measles,Adamawa,83.0,2.0,2.41,2018-12-31
11,2018.0,1.0,Measles,Borno,248.0,1.0,0.4,2018-12-31
14,2018.0,1.0,Measles,Kaduna,237.0,4.0,1.69,2018-12-31
16,2018.0,1.0,Measles,Yobe,216.0,0.0,0.0,2018-12-31
20,2022.0,23.0,Monkeypox,Rivers,25.0,14.0,56.0,2022-06-06
20,2022.0,23.0,Monkeypox,Bayelsa,19.0,11.0,57.89,2022-06-06
20,2022.0,23.0,Monkeypox,Lagos,4.0,1.0,25.0,2022-06-06
20,2022.0,23.0,Monkeypox,Delta,3.0,6.0,0.0,2022-06-06
20,2022.0,23.0,Monkeypox,Cross River,9.0,3.0,33.33,2022-06-06
20,2022.0,23.0,Monkeypox,Imo,5.0,2.0,40.0,2022-06-06
20,2022.0,23.0,Monkeypox,Akwa Ibom,6.0,0.0,0.0,2022-06-06
20,2022.0,23.0,Monkeypox,Oyo,1.0,3.0,0.0,2022-06-06
20,2022.0,23.0,Monkeypox,Edo,4.0,1.0,25.0,2022-06-06
20,2022.0,23.0,Monkeypox,Abuja,5.0,0.0,0.0,2022-06-06
20,2022.0,23.0,Monkeypox,Enugu,1.0,2.0,0.0,2022-06-06
20,2022.0,22.0,Monkeypox,Rivers,25.0,14.0,56.0,2022-05-30
20,2022.0,22.0,Monkeypox,Bayelsa,19.0,11.0,57.89,2022-05-30
20,2022.0,22.0,Monkeypox,Lagos,4.0,1.0,25.0,2022-05-30
20,2022.0,22.0,Monkeypox,Delta,3.0,6.0,0.0,2022-05-30
20,2022.0,22.0,Monkeypox,Cross River,9.0,3.0,33.33,2022-05-30
20,2022.0,22.0,Monkeypox,Imo,5.0,2.0,40.0,2022-05-30
20,2022.0,22.0,Monkeypox,Akwa Ibom,6.0,0.0,0.0,2022-05-30
20,2022.0,22.0,Monkeypox,Oyo,1.0,3.0,0.0,2022-05-30
20,2022.0,22.0,Monkeypox,Edo,4.0,1.0,25.0,2022-05-30
20,2022.0,22.0,Monkeypox,Abuja,5.0,0.0,0.0,2022-05-30
20,2025.0,10.0,Diphtheria,Kano,24239.0,850.0,3.51,2025-03-03
20,2025.0,10.0,Diphtheria,Yobe,5330.0,109.0,2.05,2025-03-03
20,2025.0,10.0,Diphtheria,Bauchi,3066.0,104.0,3.39,2025-03-03
20,2025.0,10.0,Diphtheria,Katsina,4237.0,114.0,2.69,2025-03-03
20,2025.0,10.0,Diphtheria,Borno,3035.0,68.0,2.24,2025-03-03
20,2025.0,10.0,Diphtheria,Jigawa,364.0,7.0,1.92,2025-03-03
20,2025.0,10.0,Diphtheria,Kaduna,777.0,11.0,1.42,2025-03-03
20,2025.0,10.0,Diphtheria,Plateau,192.0,29.0,15.1,2025-03-03
20,2025.0,10.0,Diphtheria,Sokoto,200.0,5.0,2.5,2025-03-03
20,2025.0,10.0,Diphtheria,Zamfara,219.0,0.0,0.0,2025-03-03
20,2025.0,10.0,Diphtheria,Abuja,146.0,7.0,4.79,2025-03-03
20,2025.0,10.0,Diphtheria,Gombe,216.0,1.0,0.46,2025-03-03
20,2025.0,10.0,Diphtheria,Edo,20.0,2.0,10.0,2025-03-03
20,2025.0,10.0,Diphtheria,Lagos,77.0,6.0,7.79,2025-03-03
20,2025.0,10.0,Diphtheria,Osun,16.0,1.0,6.25,2025-03-03
20,2025.0,10.0,Diphtheria,Abia,25.0,0.0,0.0,2025-03-03
20,2025.0,10.0,Diphtheria,Kebbi,70.0,0.0,0.0,2025-03-03
20,2025.0,10.0,Diphtheria,Niger,11.0,0.0,0.0,2025-03-03
20,2025.0,10.0,Diphtheria,Taraba,90.0,0.0,0.0,2025-03-03
20,2025.0,10.0,Diphtheria,Ekiti,36.0,1.0,2.78,2025-03-03
20,2025.0,10.0,Diphtheria,Enugu,12.0,0.0,0.0,2025-03-03
20,2025.0,10.0,Diphtheria,Imo,10.0,0.0,0.0,2025-03-03
20,2025.0,10.0,Diphtheria,Ogun,6.0,0.0,0.0,2025-03-03
20,2025.0,10.0,Diphtheria,Anambra,1.0,0.0,0.0,2025-03-03
20,2025.0,10.0,Diphtheria,Bayelsa,15.0,0.0,0.0,2025-03-03
20,2025.0,10.0,Diphtheria,Benue,1.0,0.0,0.0,2025-03-03
20,2025.0,10.0,Diphtheria,Delta,2.0,0.0,0.0,2025-03-03
20,2025.0,10.0,Diphtheria,Ebonyi,1.0,0.0,0.0,2025-03-03
20,2025.0,10.0,Diphtheria,Kogi,40.0,0.0,0.0,2025-03-03
20,2025.0,10.0,Diphtheria,Kwara,1.0,0.0,0.0,2025-03-03
20,2025.0,10.0,Diphtheria,Ondo,2.0,0.0,0.0,2025-03-03
20,2025.0,10.0,Diphtheria,Oyo,16.0,0.0,0.0,2025-03-03
20,2025.0,10.0,Diphtheria,Rivers,2.0,0.0,0.0,2025-03-03
20,2022.0,33.0,Monkeypox,Rivers,25.0,14.0,56.0,2022-08-15
20,2022.0,33.0,Monkeypox,Bayelsa,19.0,11.0,57.89,2022-08-15
20,2022.0,33.0,Monkeypox,Lagos,4.0,1.0,25.0,2022-08-15
20,2022.0,33.0,Monkeypox,Delta,3.0,6.0,0.0,2022-08-15
20,2022.0,33.0,Monkeypox,Cross River,9.0,3.0,33.33,2022-08-15
20,2022.0,33.0,Monkeypox,Imo,5.0,2.0,40.0,2022-08-15
20,2022.0,33.0,Monkeypox,Akwa Ibom,6.0,0.0,0.0,2022-08-15
20,2022.0,33.0,Monkeypox,Oyo,1.0,3.0,0.0,2022-08-15
20,2022.0,33.0,Monkeypox,Edo,4.0,1.0,25.0,2022-08-15
20,2022.0,33.0,Monkeypox,Abuja,5.0,0.0,0.0,2022-08-15
20,2022.0,33.0,Monkeypox,Enugu,1.0,2.0,0.0,2022-08-15
20,2022.0,33.0,Monkeypox,Abia,1.0,2.0,0.0,2022-08-15
20,2022.0,33.0,Monkeypox,Plateau,0.0,2.0,0.0,2022-08-15
20,2022.0,33.0,Monkeypox,Nasarawa,1.0,1.0,100.0,2022-08-15
20,2022.0,33.0,Monkeypox,Benue,2.0,0.0,0.0,2022-08-15
20,2022.0,33.0,Monkeypox,Anambra,0.0,1.0,0.0,2022-08-15
20,2022.0,33.0,Monkeypox,Ekiti,2.0,0.0,0.0,2022-08-15
20,2022.0,33.0,Monkeypox,Ebonyi,0.0,0.0,0.0,2022-08-15
20,2022.0,33.0,Monkeypox,Niger,0.0,0.0,0.0,2022-08-15
20,2022.0,33.0,Monkeypox,Ogun,0.0,0.0,0.0,2022-08-15
20,2022.0,33.0,Monkeypox,Adamawa,0.0,0.0,0.0,2022-08-15
20,2022.0,33.0,Monkeypox,Kano,0.0,0.0,0.0,2022-08-15
20,2022.0,33.0,Monkeypox,Ondo,0.0,0.0,0.0,2022-08-15
20,2022.0,33.0,Monkeypox,Taraba,0.0,0.0,0.0,2022-08-15
20,2022.0,33.0,Monkeypox,Katsina,0.0,0.0,0.0,2022-08-15
20,2022.0,33.0,Monkeypox,Kwara,0.0,0.0,0.0,2022-08-15
20,2022.0,33.0,Monkeypox,Borno,0.0,0.0,0.0,2022-08-15
20,2022.0,33.0,Monkeypox,Gombe,0.0,0.0,0.0,2022-08-15
20,2022.0,33.0,Monkeypox,Kogi,0.0,0.0,0.0,2022-08-15
20,2022.0,33.0,Monkeypox,Bauchi,0.0,0.0,0.0,2022-08-15
20,2022.0,33.0,Monkeypox,Osun,0.0,0.0,0.0,2022-08-15
20,2022.0,33.0,Monkeypox,Kaduna,0.0,0.0,0.0,2022-08-15
20,2023.0,48.0,Diphtheria,Kano,13461.0,378.0,2.81,2023-11-27
20,2023.0,48.0,Diphtheria,Yobe,2234.0,70.0,3.13,2023-11-27
20,2023.0,48.0,Diphtheria,Bauchi,1139.0,19.0,1.67,2023-11-27
20,2023.0,48.0,Diphtheria,Katsina,1509.0,40.0,2.65,2023-11-27
20,2023.0,48.0,Diphtheria,Borno,968.0,28.0,2.89,2023-11-27
20,2023.0,48.0,Diphtheria,Jigawa,256.0,5.0,1.95,2023-11-27
20,2023.0,48.0,Diphtheria,Kaduna,486.0,4.0,0.82,2023-11-27
20,2023.0,48.0,Diphtheria,Abuja,115.0,2.0,1.74,2023-11-27
20,2023.0,48.0,Diphtheria,Gombe,136.0,1.0,0.74,2023-11-27
20,2023.0,48.0,Diphtheria,Lagos,35.0,4.0,11.43,2023-11-27
20,2023.0,48.0,Diphtheria,Sokoto,41.0,0.0,0.0,2023-11-27
20,2023.0,48.0,Diphtheria,Osun,14.0,1.0,7.14,2023-11-27
20,2023.0,48.0,Diphtheria,Niger,10.0,0.0,0.0,2023-11-27
20,2023.0,48.0,Diphtheria,Taraba,69.0,0.0,0.0,2023-11-27
20,2023.0,48.0,Diphtheria,Zamfara,99.0,0.0,0.0,2023-11-27
20,2023.0,48.0,Diphtheria,Cross River,1.0,0.0,0.0,2023-11-27
20,2023.0,48.0,Diphtheria,Enugu,3.0,0.0,0.0,2023-11-27
20,2023.0,48.0,Diphtheria,Kebbi,46.0,0.0,0.0,2023-11-27
20,2023.0,48.0,Diphtheria,Plateau,10.0,1.0,10.0,2023-11-27
20,2023.0,48.0,Diphtheria,Abia,3.0,0.0,0.0,2023-11-27
20,2023.0,48.0,Diphtheria,Adamawa,1.0,0.0,0.0,2023-11-27
20,2023.0,48.0,Diphtheria,Akwa Ibom,1.0,0.0,0.0,2023-11-27
20,2023.0,48.0,Diphtheria,Anambra,1.0,0.0,0.0,2023-11-27
20,2023.0,48.0,Diphtheria,Bayelsa,4.0,0.0,0.0,2023-11-27
20,2023.0,48.0,Diphtheria,Delta,2.0,0.0,0.0,2023-11-27
20,2023.0,48.0,Diphtheria,Edo,2.0,0.0,0.0,2023-11-27
20,2023.0,48.0,Diphtheria,Ekiti,1.0,0.0,0.0,2023-11-27
20,2023.0,48.0,Diphtheria,Imo,9.0,0.0,0.0,2023-11-27
20,2023.0,48.0,Diphtheria,Kogi,4.0,0.0,0.0,2023-11-27
20,2023.0,48.0,Diphtheria,Ondo,2.0,0.0,0.0,2023-11-27
20,2023.0,48.0,Diphtheria,Oyo,13.0,0.0,0.0,2023-11-27
20,2023.0,48.0,Diphtheria,Rivers,2.0,0.0,0.0,2023-11-27
20,2022.0,38.0,Monkeypox,Lagos,4.0,1.0,25.0,2022-09-19
20,2022.0,38.0,Monkeypox,Rivers,25.0,14.0,56.0,2022-09-19
20,2022.0,38.0,Monkeypox,Bayelsa,19.0,11.0,57.89,2022-09-19
20,2022.0,38.0,Monkeypox,Delta,3.0,6.0,0.0,2022-09-19
20,2022.0,38.0,Monkeypox,Edo,4.0,1.0,25.0,2022-09-19
20,2022.0,38.0,Monkeypox,Abia,1.0,2.0,0.0,2022-09-19
20,2022.0,38.0,Monkeypox,Imo,5.0,2.0,40.0,2022-09-19
20,2022.0,38.0,Monkeypox,Ondo,0.0,0.0,0.0,2022-09-19
20,2022.0,38.0,Monkeypox,Cross River,9.0,3.0,33.33,2022-09-19
20,2022.0,38.0,Monkeypox,Abuja,5.0,0.0,0.0,2022-09-19
20,2022.0,38.0,Monkeypox,Ogun,0.0,0.0,0.0,2022-09-19
20,2022.0,38.0,Monkeypox,Adamawa,0.0,0.0,0.0,2022-09-19
20,2022.0,38.0,Monkeypox,Anambra,0.0,1.0,0.0,2022-09-19
20,2022.0,38.0,Monkeypox,Oyo,1.0,3.0,0.0,2022-09-19
20,2022.0,38.0,Monkeypox,Nasarawa,1.0,1.0,100.0,2022-09-19
20,2022.0,38.0,Monkeypox,Akwa Ibom,6.0,0.0,0.0,2022-09-19
20,2022.0,38.0,Monkeypox,Plateau,0.0,2.0,0.0,2022-09-19
20,2022.0,38.0,Monkeypox,Taraba,0.0,0.0,0.0,2022-09-19
20,2022.0,38.0,Monkeypox,Katsina,0.0,0.0,0.0,2022-09-19
20,2022.0,38.0,Monkeypox,Benue,2.0,0.0,0.0,2022-09-19
20,2022.0,38.0,Monkeypox,Ebonyi,0.0,0.0,0.0,2022-09-19
20,2022.0,38.0,Monkeypox,Borno,0.0,0.0,0.0,2022-09-19
20,2022.0,38.0,Monkeypox,Kaduna,0.0,0.0,0.0,2022-09-19
20,2022.0,38.0,Monkeypox,Kano,0.0,0.0,0.0,2022-09-19
20,2022.0,38.0,Monkeypox,Kwara,0.0,0.0,0.0,2022-09-19
20,2022.0,38.0,Monkeypox,Gombe,0.0,0.0,0.0,2022-09-19
20,2022.0,38.0,Monkeypox,Enugu,1.0,2.0,0.0,2022-09-19
20,2022.0,38.0,Monkeypox,Kogi,0.0,0.0,0.0,2022-09-19
20,2022.0,38.0,Monkeypox,Osun,0.0,0.0,0.0,2022-09-19
20,2022.0,38.0,Monkeypox,Niger,0.0,0.0,0.0,2022-09-19
20,2022.0,38.0,Monkeypox,Ekiti,2.0,0.0,0.0,2022-09-19
20,2022.0,38.0,Monkeypox,Bauchi,0.0,0.0,0.0,2022-09-19
20,2022.0,38.0,Monkeypox,Kebbi,0.0,0.0,0.0,2022-09-19
20,2022.0,25.0,COVID-19,Osun,4.0,0.0,0.0,2022-06-20
20,2022.0,25.0,COVID-19,Kogi,6.0,0.0,0.0,2022-06-20
20,2022.0,25.0,COVID-19,Kano,8.0,0.0,0.0,2022-06-20
20,2022.0,25.0,COVID-19,Yobe,10.0,0.0,0.0,2022-06-20
20,2022.0,25.0,COVID-19,Borno,13.0,0.0,0.0,2022-06-20
20,2022.0,25.0,COVID-19,Katsina,14.0,0.0,0.0,2022-06-20
20,2022.0,25.0,COVID-19,Zamfara,17.0,0.0,0.0,2022-06-20
20,2022.0,25.0,COVID-19,Kwara,18.0,0.0,0.0,2022-06-20
20,2022.0,25.0,COVID-19,Plateau,28.0,0.0,0.0,2022-06-20
20,2022.0,25.0,COVID-19,Kebbi,30.0,0.0,0.0,2022-06-20
20,2022.0,25.0,COVID-19,Enugu,31.0,0.0,0.0,2022-06-20
20,2022.0,25.0,COVID-19,Bauchi,33.0,0.0,0.0,2022-06-20
20,2022.0,25.0,COVID-19,Bayelsa,34.0,0.0,0.0,2022-06-20
20,2022.0,25.0,COVID-19,Taraba,40.0,0.0,0.0,2022-06-20
20,2022.0,25.0,COVID-19,Abia,42.0,0.0,0.0,2022-06-20
20,2022.0,25.0,COVID-19,Imo,44.0,0.0,0.0,2022-06-20
20,2022.0,25.0,COVID-19,Anambra,45.0,0.0,0.0,2022-06-20
20,2022.0,25.0,COVID-19,Ondo,46.0,0.0,0.0,2022-06-20
20,2022.0,25.0,COVID-19,Edo,47.0,0.0,0.0,2022-06-20
20,2022.0,25.0,COVID-19,Nasarawa,48.0,0.0,0.0,2022-06-20
20,2022.0,25.0,COVID-19,Niger,49.0,0.0,0.0,2022-06-20
20,2022.0,25.0,COVID-19,Sokoto,50.0,0.0,0.0,2022-06-20
20,2022.0,25.0,COVID-19,Kaduna,51.0,0.0,0.0,2022-06-20
20,2022.0,25.0,COVID-19,Delta,53.0,0.0,0.0,2022-06-20
20,2022.0,25.0,COVID-19,Ogun,54.0,0.0,0.0,2022-06-20
20,2022.0,25.0,COVID-19,Ebonyi,55.0,0.0,0.0,2022-06-20
20,2022.0,25.0,COVID-19,Oyo,56.0,0.0,0.0,2022-06-20
20,2022.0,25.0,COVID-19,Abuja,57.0,0.0,0.0,2022-06-20
20,2022.0,25.0,COVID-19,Cross River,58.0,0.0,0.0,2022-06-20
20,2022.0,25.0,COVID-19,Lagos,59.0,0.0,0.0,2022-06-20
20,2022.0,25.0,COVID-19,Benue,60.0,0.0,0.0,2022-06-20
20,2023.0,51.0,Diphtheria,Kano,14126.0,382.0,2.7,2023-12-18
20,2023.0,51.0,Diphtheria,Yobe,2238.0,73.0,3.26,2023-12-18
20,2023.0,51.0,Diphtheria,Katsina,1734.0,48.0,2.77,2023-12-18
20,2023.0,51.0,Diphtheria,Bauchi,1376.0,23.0,1.67,2023-12-18
20,2023.0,51.0,Diphtheria,Borno,1148.0,30.0,2.61,2023-12-18
20,2023.0,51.0,Diphtheria,Kaduna,573.0,8.0,1.4,2023-12-18
20,2023.0,51.0,Diphtheria,Jigawa,256.0,5.0,1.95,2023-12-18
20,2023.0,51.0,Diphtheria,Zamfara,152.0,0.0,0.0,2023-12-18
20,2023.0,51.0,Diphtheria,Gombe,136.0,1.0,0.74,2023-12-18
20,2023.0,51.0,Diphtheria,Abuja,127.0,5.0,3.94,2023-12-18
20,2023.0,51.0,Diphtheria,Taraba,90.0,0.0,0.0,2023-12-18
20,2023.0,51.0,Diphtheria,Plateau,66.0,15.0,22.73,2023-12-18
20,2023.0,51.0,Diphtheria,Kebbi,46.0,0.0,0.0,2023-12-18
20,2023.0,51.0,Diphtheria,Sokoto,41.0,0.0,0.0,2023-12-18
20,2023.0,51.0,Diphtheria,Lagos,37.0,5.0,13.51,2023-12-18
20,2023.0,51.0,Diphtheria,Kogi,36.0,0.0,0.0,2023-12-18
20,2023.0,51.0,Diphtheria,Osun,16.0,1.0,6.25,2023-12-18
20,2023.0,51.0,Diphtheria,Bayelsa,15.0,0.0,0.0,2023-12-18
20,2023.0,51.0,Diphtheria,Enugu,12.0,0.0,0.0,2023-12-18
20,2023.0,51.0,Diphtheria,Niger,11.0,0.0,0.0,2023-12-18
20,2023.0,51.0,Diphtheria,Ekiti,10.0,1.0,10.0,2023-12-18
20,2023.0,51.0,Diphtheria,Imo,9.0,0.0,0.0,2023-12-18
20,2023.0,51.0,Diphtheria,Abia,3.0,0.0,0.0,2023-12-18
20,2023.0,51.0,Diphtheria,Delta,2.0,0.0,0.0,2023-12-18
20,2023.0,51.0,Diphtheria,Edo,2.0,0.0,0.0,2023-12-18
20,2023.0,51.0,Diphtheria,Ondo,2.0,0.0,0.0,2023-12-18
20,2023.0,51.0,Diphtheria,Rivers,2.0,0.0,0.0,2023-12-18
20,2023.0,51.0,Diphtheria,Adamawa,1.0,0.0,0.0,2023-12-18
20,2023.0,51.0,Diphtheria,Akwa Ibom,1.0,0.0,0.0,2023-12-18
20,2023.0,51.0,Diphtheria,Anambra,1.0,0.0,0.0,2023-12-18
20,2023.0,51.0,Diphtheria,Cross River,1.0,0.0,0.0,2023-12-18
20,2023.0,51.0,Diphtheria,Kwara,1.0,0.0,0.0,2023-12-18
20,2023.0,51.0,Diphtheria,Oyo,1.0,0.0,0.0,2023-12-18
20,2023.0,51.0,Diphtheria,Ogun,1.0,0.0,0.0,2023-12-18
20,2022.0,17.0,COVID-19,Osun,4.0,0.0,0.0,2022-04-25
20,2022.0,17.0,COVID-19,Kogi,6.0,0.0,0.0,2022-04-25
20,2022.0,17.0,COVID-19,Kano,8.0,0.0,0.0,2022-04-25
20,2022.0,17.0,COVID-19,Yobe,10.0,0.0,0.0,2022-04-25
20,2022.0,17.0,COVID-19,Borno,13.0,0.0,0.0,2022-04-25
20,2022.0,17.0,COVID-19,Katsina,14.0,0.0,0.0,2022-04-25
20,2022.0,17.0,COVID-19,Zamfara,17.0,0.0,0.0,2022-04-25
20,2022.0,17.0,COVID-19,Kwara,18.0,0.0,0.0,2022-04-25
20,2022.0,17.0,COVID-19,Plateau,28.0,0.0,0.0,2022-04-25
20,2022.0,17.0,COVID-19,Kebbi,30.0,0.0,0.0,2022-04-25
20,2022.0,17.0,COVID-19,Enugu,31.0,0.0,0.0,2022-04-25
20,2022.0,17.0,COVID-19,Bauchi,33.0,0.0,0.0,2022-04-25
20,2022.0,17.0,COVID-19,Bayelsa,34.0,0.0,0.0,2022-04-25
20,2022.0,17.0,COVID-19,Taraba,40.0,0.0,0.0,2022-04-25
20,2022.0,17.0,COVID-19,Abia,42.0,0.0,0.0,2022-04-25
20,2022.0,17.0,COVID-19,Imo,44.0,0.0,0.0,2022-04-25
20,2022.0,17.0,COVID-19,Anambra,45.0,0.0,0.0,2022-04-25
20,2022.0,17.0,COVID-19,Ondo,46.0,0.0,0.0,2022-04-25
20,2022.0,17.0,COVID-19,Edo,47.0,0.0,0.0,2022-04-25
20,2022.0,17.0,COVID-19,Nasarawa,48.0,0.0,0.0,2022-04-25
20,2022.0,17.0,COVID-19,Niger,49.0,0.0,0.0,2022-04-25
20,2022.0,17.0,COVID-19,Sokoto,50.0,0.0,0.0,2022-04-25
20,2022.0,17.0,COVID-19,Kaduna,51.0,0.0,0.0,2022-04-25
20,2022.0,17.0,COVID-19,Delta,53.0,0.0,0.0,2022-04-25
20,2022.0,17.0,COVID-19,Ogun,54.0,0.0,0.0,2022-04-25
20,2022.0,17.0,COVID-19,Ebonyi,55.0,0.0,0.0,2022-04-25
20,2022.0,17.0,COVID-19,Oyo,56.0,0.0,0.0,2022-04-25
20,2022.0,17.0,COVID-19,Abuja,57.0,0.0,0.0,2022-04-25
20,2022.0,17.0,COVID-19,Cross River,58.0,0.0,0.0,2022-04-25
20,2022.0,17.0,COVID-19,Lagos,59.0,0.0,0.0,2022-04-25
20,2022.0,17.0,COVID-19,Benue,60.0,0.0,0.0,2022-04-25
20,2022.0,35.0,Monkeypox,Rivers,25.0,14.0,56.0,2022-08-29
20,2022.0,35.0,Monkeypox,Bayelsa,19.0,11.0,57.89,2022-08-29
20,2022.0,35.0,Monkeypox,Lagos,4.0,1.0,25.0,2022-08-29
20,2022.0,35.0,Monkeypox,Delta,3.0,6.0,0.0,2022-08-29
20,2022.0,35.0,Monkeypox,Cross River,9.0,3.0,33.33,2022-08-29
20,2022.0,35.0,Monkeypox,Imo,5.0,2.0,40.0,2022-08-29
20,2022.0,35.0,Monkeypox,Akwa Ibom,6.0,0.0,0.0,2022-08-29
20,2022.0,35.0,Monkeypox,Oyo,1.0,3.0,0.0,2022-08-29
20,2022.0,35.0,Monkeypox,Edo,4.0,1.0,25.0,2022-08-29
20,2022.0,35.0,Monkeypox,Abuja,5.0,0.0,0.0,2022-08-29
20,2022.0,35.0,Monkeypox,Enugu,1.0,2.0,0.0,2022-08-29
20,2022.0,35.0,Monkeypox,Abia,1.0,2.0,0.0,2022-08-29
20,2022.0,35.0,Monkeypox,Plateau,0.0,2.0,0.0,2022-08-29
20,2022.0,35.0,Monkeypox,Nasarawa,1.0,1.0,100.0,2022-08-29
20,2022.0,35.0,Monkeypox,Benue,2.0,0.0,0.0,2022-08-29
20,2022.0,35.0,Monkeypox,Anambra,0.0,1.0,0.0,2022-08-29
20,2022.0,35.0,Monkeypox,Ekiti,2.0,0.0,0.0,2022-08-29
20,2022.0,35.0,Monkeypox,Ebonyi,0.0,0.0,0.0,2022-08-29
20,2022.0,35.0,Monkeypox,Niger,0.0,0.0,0.0,2022-08-29
20,2022.0,35.0,Monkeypox,Ogun,0.0,0.0,0.0,2022-08-29
20,2022.0,35.0,Monkeypox,Adamawa,0.0,0.0,0.0,2022-08-29
20,2022.0,35.0,Monkeypox,Kano,0.0,0.0,0.0,2022-08-29
20,2022.0,35.0,Monkeypox,Ondo,0.0,0.0,0.0,2022-08-29
20,2022.0,35.0,Monkeypox,Taraba,0.0,0.0,0.0,2022-08-29
20,2022.0,35.0,Monkeypox,Katsina,0.0,0.0,0.0,2022-08-29
20,2022.0,35.0,Monkeypox,Kwara,0.0,0.0,0.0,2022-08-29
20,2022.0,35.0,Monkeypox,Borno,0.0,0.0,0.0,2022-08-29
20,2022.0,35.0,Monkeypox,Gombe,0.0,0.0,0.0,2022-08-29
20,2022.0,35.0,Monkeypox,Kogi,0.0,0.0,0.0,2022-08-29
20,2022.0,35.0,Monkeypox,Bauchi,0.0,0.0,0.0,2022-08-29
20,2022.0,35.0,Monkeypox,Osun,0.0,0.0,0.0,2022-08-29
20,2022.0,35.0,Monkeypox,Kaduna,0.0,0.0,0.0,2022-08-29
20,2022.0,41.0,Monkeypox,Lagos,4.0,1.0,25.0,2022-10-10
20,2022.0,41.0,Monkeypox,Rivers,25.0,14.0,56.0,2022-10-10
20,2022.0,41.0,Monkeypox,Bayelsa,19.0,11.0,57.89,2022-10-10
20,2022.0,41.0,Monkeypox,Delta,3.0,6.0,0.0,2022-10-10
20,2022.0,41.0,Monkeypox,Abia,1.0,2.0,0.0,2022-10-10
20,2022.0,41.0,Monkeypox,Imo,5.0,2.0,40.0,2022-10-10
20,2022.0,41.0,Monkeypox,Edo,4.0,1.0,25.0,2022-10-10
20,2022.0,41.0,Monkeypox,Ondo,0.0,0.0,0.0,2022-10-10
20,2022.0,41.0,Monkeypox,Ogun,0.0,0.0,0.0,2022-10-10
20,2022.0,41.0,Monkeypox,Abuja,5.0,0.0,0.0,2022-10-10
20,2022.0,41.0,Monkeypox,Cross River,9.0,3.0,33.33,2022-10-10
20,2022.0,41.0,Monkeypox,Anambra,0.0,1.0,0.0,2022-10-10
20,2022.0,41.0,Monkeypox,Akwa Ibom,6.0,0.0,0.0,2022-10-10
20,2022.0,41.0,Monkeypox,Adamawa,0.0,0.0,0.0,2022-10-10
20,2022.0,41.0,Monkeypox,Oyo,1.0,3.0,0.0,2022-10-10
20,2022.0,41.0,Monkeypox,Nasarawa,1.0,1.0,100.0,2022-10-10
20,2022.0,41.0,Monkeypox,Plateau,0.0,2.0,0.0,2022-10-10
20,2022.0,41.0,Monkeypox,Benue,2.0,0.0,0.0,2022-10-10
20,2022.0,41.0,Monkeypox,Ebonyi,0.0,0.0,0.0,2022-10-10
20,2022.0,41.0,Monkeypox,Kaduna,0.0,0.0,0.0,2022-10-10
20,2022.0,41.0,Monkeypox,Borno,0.0,0.0,0.0,2022-10-10
20,2022.0,41.0,Monkeypox,Kwara,0.0,0.0,0.0,2022-10-10
20,2022.0,41.0,Monkeypox,Taraba,0.0,0.0,0.0,2022-10-10
20,2022.0,41.0,Monkeypox,Katsina,0.0,0.0,0.0,2022-10-10
20,2022.0,41.0,Monkeypox,Kano,0.0,0.0,0.0,2022-10-10
20,2022.0,41.0,Monkeypox,Gombe,0.0,0.0,0.0,2022-10-10
20,2022.0,41.0,Monkeypox,Enugu,1.0,2.0,0.0,2022-10-10
20,2022.0,41.0,Monkeypox,Kogi,0.0,0.0,0.0,2022-10-10
20,2022.0,41.0,Monkeypox,Osun,0.0,0.0,0.0,2022-10-10
20,2022.0,41.0,Monkeypox,Niger,0.0,0.0,0.0,2022-10-10
20,2022.0,41.0,Monkeypox,Ekiti,2.0,0.0,0.0,2022-10-10
20,2022.0,41.0,Monkeypox,Kebbi,0.0,0.0,0.0,2022-10-10
20,2022.0,41.0,Monkeypox,Bauchi,0.0,0.0,0.0,2022-10-10
20,2018.0,1.0,Monkeypox,Rivers,37.0,0.0,0.0,2018-01-01
20,2018.0,1.0,Monkeypox,Bayelsa,10.0,0.0,0.0,2018-01-01
20,2018.0,1.0,Monkeypox,Delta,7.0,0.0,0.0,2018-01-01
20,2018.0,1.0,Monkeypox,Oyo,4.0,0.0,0.0,2018-01-01
20,2018.0,1.0,Monkeypox,Abia,2.0,0.0,0.0,2018-01-01
20,2018.0,1.0,Monkeypox,Cross River,15.0,0.0,0.0,2018-01-01
20,2018.0,1.0,Monkeypox,Enugu,2.0,0.0,0.0,2018-01-01
20,2018.0,1.0,Monkeypox,Imo,2.0,1.0,50.0,2018-01-01
20,2018.0,1.0,Monkeypox,Plateau,2.0,0.0,0.0,2018-01-01
20,2018.0,1.0,Monkeypox,Anambra,2.0,0.0,0.0,2018-01-01
20,2018.0,1.0,Monkeypox,Lagos,3.0,0.0,0.0,2018-01-01
20,2018.0,1.0,Monkeypox,Nasarawa,1.0,0.0,0.0,2018-01-01
20,2018.0,1.0,Monkeypox,Adamawa,3.0,0.0,0.0,2018-01-01
20,2018.0,1.0,Monkeypox,Akwa Ibom,9.0,0.0,0.0,2018-01-01
20,2018.0,1.0,Monkeypox,Bauchi,1.0,0.0,0.0,2018-01-01
20,2018.0,1.0,Monkeypox,Ebonyi,1.0,0.0,0.0,2018-01-01
20,2018.0,1.0,Monkeypox,Edo,1.0,0.0,0.0,2018-01-01
20,2018.0,1.0,Monkeypox,Abuja,1.0,0.0,0.0,2018-01-01
20,2018.0,1.0,Monkeypox,Kebbi,1.0,0.0,0.0,2018-01-01
46,2018.0,1.0,Measles,Adamawa,79.0,0.0,0.0,2018-12-31
2,2018.0,1.0,Measles,Anambra,48.0,0.0,0.0,2018-12-31
11,2018.0,1.0,Measles,Borno,118.0,0.0,0.0,2018-12-31
2,2018.0,1.0,Measles,Enugu,22.0,0.0,0.0,2018-12-31
4,2018.0,1.0,Measles,Gombe,17.0,0.0,0.0,2018-12-31
14,2018.0,1.0,Measles,Kaduna,75.0,0.0,0.0,2018-12-31
27,2018.0,1.0,Measles,Kano,3.0,0.0,0.0,2018-12-31
53,2018.0,1.0,Measles,Katsina,252.0,0.0,0.0,2018-12-31
4,2018.0,1.0,Measles,Kebbi,64.0,3.0,4.69,2018-12-31
1,2018.0,1.0,Measles,Kwara,2.0,0.0,0.0,2018-12-31
2,2018.0,1.0,Measles,Plateau,3.0,0.0,0.0,2018-12-31
2,2018.0,1.0,Measles,Sokoto,91.0,0.0,0.0,2018-12-31
16,2018.0,1.0,Measles,Yobe,47.0,0.0,0.0,2018-12-31
20,2022.0,26.0,Monkeypox,Rivers,25.0,14.0,56.0,2022-06-27
20,2022.0,26.0,Monkeypox,Bayelsa,19.0,11.0,57.89,2022-06-27
20,2022.0,26.0,Monkeypox,Lagos,4.0,1.0,25.0,2022-06-27
20,2022.0,26.0,Monkeypox,Delta,3.0,6.0,0.0,2022-06-27
20,2022.0,26.0,Monkeypox,Cross River,9.0,3.0,33.33,2022-06-27
20,2022.0,26.0,Monkeypox,Imo,5.0,2.0,40.0,2022-06-27
20,2022.0,26.0,Monkeypox,Akwa Ibom,6.0,0.0,0.0,2022-06-27
20,2022.0,26.0,Monkeypox,Oyo,1.0,3.0,0.0,2022-06-27
20,2022.0,26.0,Monkeypox,Edo,4.0,1.0,25.0,2022-06-27
20,2022.0,26.0,Monkeypox,Abuja,5.0,0.0,0.0,2022-06-27
20,2022.0,26.0,Monkeypox,Enugu,1.0,2.0,0.0,2022-06-27
20,2022.0,26.0,Monkeypox,Abia,1.0,2.0,0.0,2022-06-27
20,2022.0,26.0,Monkeypox,Plateau,0.0,2.0,0.0,2022-06-27
20,2022.0,26.0,Monkeypox,Nasarawa,1.0,1.0,100.0,2022-06-27
20,2022.0,26.0,Monkeypox,Benue,2.0,0.0,0.0,2022-06-27
20,2022.0,8.0,COVID-19,Kogi,5.0,0.0,0.0,2022-02-21
20,2022.0,8.0,COVID-19,Kano,7.0,0.0,0.0,2022-02-21
20,2022.0,8.0,COVID-19,Yobe,9.0,0.0,0.0,2022-02-21
20,2022.0,8.0,COVID-19,Borno,12.0,0.0,0.0,2022-02-21
20,2022.0,8.0,COVID-19,Katsina,13.0,0.0,0.0,2022-02-21
20,2022.0,8.0,COVID-19,Cross River,15.0,0.0,0.0,2022-02-21
20,2022.0,8.0,COVID-19,Zamfara,16.0,0.0,0.0,2022-02-21
20,2022.0,8.0,COVID-19,Kwara,17.0,0.0,0.0,2022-02-21
20,2022.0,8.0,COVID-19,Lagos,23.0,0.0,0.0,2022-02-21
20,2022.0,8.0,COVID-19,Plateau,27.0,0.0,0.0,2022-02-21
20,2022.0,8.0,COVID-19,Kebbi,29.0,0.0,0.0,2022-02-21
20,2022.0,8.0,COVID-19,Enugu,30.0,0.0,0.0,2022-02-21
20,2022.0,8.0,COVID-19,Bauchi,32.0,0.0,0.0,2022-02-21
20,2022.0,8.0,COVID-19,Bayelsa,33.0,0.0,0.0,2022-02-21
20,2022.0,8.0,COVID-19,Taraba,39.0,0.0,0.0,2022-02-21
20,2022.0,8.0,COVID-19,Abia,41.0,0.0,0.0,2022-02-21
20,2022.0,8.0,COVID-19,Benue,42.0,0.0,0.0,2022-02-21
20,2022.0,8.0,COVID-19,Imo,43.0,0.0,0.0,2022-02-21
20,2022.0,8.0,COVID-19,Anambra,44.0,0.0,0.0,2022-02-21
20,2022.0,8.0,COVID-19,Ondo,45.0,0.0,0.0,2022-02-21
20,2022.0,8.0,COVID-19,Edo,46.0,0.0,0.0,2022-02-21
20,2022.0,8.0,COVID-19,Nasarawa,47.0,0.0,0.0,2022-02-21
20,2022.0,8.0,COVID-19,Niger,48.0,0.0,0.0,2022-02-21
20,2022.0,8.0,COVID-19,Sokoto,49.0,0.0,0.0,2022-02-21
20,2022.0,8.0,COVID-19,Kaduna,50.0,0.0,0.0,2022-02-21
20,2022.0,8.0,COVID-19,Ogun,51.0,0.0,0.0,2022-02-21
20,2022.0,8.0,COVID-19,Delta,52.0,0.0,0.0,2022-02-21
20,2022.0,8.0,COVID-19,Osun,53.0,0.0,0.0,2022-02-21
20,2022.0,8.0,COVID-19,Ebonyi,54.0,0.0,0.0,2022-02-21
20,2020.0,1.0,COVID-19,Borno,30.0,2.0,6.67,2020-01-01
20,2020.0,1.0,COVID-19,Gombe,30.0,0.0,0.0,2020-01-01
20,2020.0,1.0,COVID-19,Abia,2.0,0.0,0.0,2020-01-01
20,2020.0,1.0,COVID-19,Jigawa,2.0,0.0,0.0,2020-01-01
20,2020.0,1.0,COVID-19,Sokoto,2.0,0.0,0.0,2020-01-01
20,2020.0,1.0,COVID-19,Zamfara,2.0,0.0,0.0,2020-01-01
20,2020.0,1.0,COVID-19,Adamawa,1.0,0.0,0.0,2020-01-01
20,2020.0,1.0,COVID-19,Imo,1.0,0.0,0.0,2020-01-01
20,2020.0,1.0,COVID-19,Plateau,1.0,0.0,0.0,2020-01-01
20,2020.0,47.0,Yellow Fever,Bauchi,1.0,0.0,0.0,2020-11-16
20,2022.0,31.0,COVID-19,Osun,4.0,0.0,0.0,2022-08-01
20,2022.0,31.0,COVID-19,Kogi,6.0,0.0,0.0,2022-08-01
20,2022.0,31.0,COVID-19,Kano,8.0,0.0,0.0,2022-08-01
20,2022.0,31.0,COVID-19,Yobe,10.0,0.0,0.0,2022-08-01
20,2022.0,31.0,COVID-19,Borno,13.0,0.0,0.0,2022-08-01
20,2022.0,31.0,COVID-19,Katsina,14.0,0.0,0.0,2022-08-01
20,2022.0,31.0,COVID-19,Zamfara,17.0,0.0,0.0,2022-08-01
20,2022.0,31.0,COVID-19,Kwara,18.0,0.0,0.0,2022-08-01
20,2022.0,31.0,COVID-19,Plateau,28.0,0.0,0.0,2022-08-01
20,2022.0,31.0,COVID-19,Kebbi,30.0,0.0,0.0,2022-08-01
20,2022.0,31.0,COVID-19,Enugu,31.0,0.0,0.0,2022-08-01
20,2022.0,31.0,COVID-19,Bauchi,33.0,0.0,0.0,2022-08-01
20,2022.0,31.0,COVID-19,Bayelsa,34.0,0.0,0.0,2022-08-01
20,2022.0,31.0,COVID-19,Taraba,40.0,0.0,0.0,2022-08-01
20,2022.0,31.0,COVID-19,Abia,42.0,0.0,0.0,2022-08-01
20,2022.0,31.0,COVID-19,Imo,44.0,0.0,0.0,2022-08-01
20,2022.0,31.0,COVID-19,Anambra,45.0,0.0,0.0,2022-08-01
20,2022.0,31.0,COVID-19,Ondo,46.0,0.0,0.0,2022-08-01
20,2022.0,31.0,COVID-19,Edo,47.0,0.0,0.0,2022-08-01
20,2022.0,31.0,COVID-19,Nasarawa,48.0,0.0,0.0,2022-08-01
20,2022.0,31.0,COVID-19,Niger,49.0,0.0,0.0,2022-08-01
20,2022.0,31.0,COVID-19,Sokoto,50.0,0.0,0.0,2022-08-01
20,2022.0,31.0,COVID-19,Kaduna,51.0,0.0,0.0,2022-08-01
20,2022.0,31.0,COVID-19,Delta,53.0,0.0,0.0,2022-08-01
20,2022.0,31.0,COVID-19,Ogun,54.0,0.0,0.0,2022-08-01
20,2022.0,31.0,COVID-19,Ebonyi,55.0,0.0,0.0,2022-08-01
20,2022.0,31.0,COVID-19,Oyo,56.0,0.0,0.0,2022-08-01
20,2022.0,31.0,COVID-19,Abuja,57.0,0.0,0.0,2022-08-01
20,2022.0,31.0,COVID-19,Cross River,58.0,0.0,0.0,2022-08-01
20,2022.0,31.0,COVID-19,Lagos,59.0,0.0,0.0,2022-08-01
20,2022.0,31.0,COVID-19,Benue,60.0,0.0,0.0,2022-08-01
20,2022.0,19.0,COVID-19,Osun,4.0,0.0,0.0,2022-05-09
20,2022.0,19.0,COVID-19,Kogi,6.0,0.0,0.0,2022-05-09
20,2022.0,19.0,COVID-19,Kano,8.0,0.0,0.0,2022-05-09
20,2022.0,19.0,COVID-19,Yobe,10.0,0.0,0.0,2022-05-09
20,2022.0,19.0,COVID-19,Borno,13.0,0.0,0.0,2022-05-09
20,2022.0,19.0,COVID-19,Katsina,14.0,0.0,0.0,2022-05-09
20,2022.0,19.0,COVID-19,Zamfara,17.0,0.0,0.0,2022-05-09
20,2022.0,19.0,COVID-19,Kwara,18.0,0.0,0.0,2022-05-09
20,2022.0,19.0,COVID-19,Plateau,28.0,0.0,0.0,2022-05-09
20,2022.0,19.0,COVID-19,Kebbi,30.0,0.0,0.0,2022-05-09
20,2022.0,19.0,COVID-19,Enugu,31.0,0.0,0.0,2022-05-09
20,2022.0,19.0,COVID-19,Bauchi,33.0,0.0,0.0,2022-05-09
20,2022.0,19.0,COVID-19,Bayelsa,34.0,0.0,0.0,2022-05-09
20,2022.0,19.0,COVID-19,Taraba,40.0,0.0,0.0,2022-05-09
20,2022.0,19.0,COVID-19,Abia,42.0,0.0,0.0,2022-05-09
20,2022.0,19.0,COVID-19,Imo,44.0,0.0,0.0,2022-05-09
20,2022.0,19.0,COVID-19,Anambra,45.0,0.0,0.0,2022-05-09
20,2022.0,19.0,COVID-19,Ondo,46.0,0.0,0.0,2022-05-09
20,2022.0,19.0,COVID-19,Edo,47.0,0.0,0.0,2022-05-09
20,2022.0,19.0,COVID-19,Nasarawa,48.0,0.0,0.0,2022-05-09
20,2022.0,19.0,COVID-19,Niger,49.0,0.0,0.0,2022-05-09
20,2022.0,19.0,COVID-19,Sokoto,50.0,0.0,0.0,2022-05-09
20,2022.0,19.0,COVID-19,Kaduna,51.0,0.0,0.0,2022-05-09
20,2022.0,19.0,COVID-19,Delta,53.0,0.0,0.0,2022-05-09
20,2022.0,19.0,COVID-19,Ogun,54.0,0.0,0.0,2022-05-09
20,2022.0,19.0,COVID-19,Ebonyi,55.0,0.0,0.0,2022-05-09
20,2022.0,19.0,COVID-19,Oyo,56.0,0.0,0.0,2022-05-09
20,2022.0,19.0,COVID-19,Abuja,57.0,0.0,0.0,2022-05-09
20,2022.0,19.0,COVID-19,Cross River,58.0,0.0,0.0,2022-05-09
20,2022.0,19.0,COVID-19,Lagos,59.0,0.0,0.0,2022-05-09
20,2022.0,19.0,COVID-19,Benue,60.0,0.0,0.0,2022-05-09
20,2022.0,28.0,Monkeypox,Rivers,25.0,14.0,56.0,2022-07-11
20,2022.0,28.0,Monkeypox,Bayelsa,19.0,11.0,57.89,2022-07-11
20,2022.0,28.0,Monkeypox,Lagos,4.0,1.0,25.0,2022-07-11
20,2022.0,28.0,Monkeypox,Delta,3.0,6.0,0.0,2022-07-11
20,2022.0,28.0,Monkeypox,Cross River,9.0,3.0,33.33,2022-07-11
20,2022.0,28.0,Monkeypox,Imo,5.0,2.0,40.0,2022-07-11
20,2022.0,28.0,Monkeypox,Akwa Ibom,6.0,0.0,0.0,2022-07-11
20,2022.0,28.0,Monkeypox,Oyo,1.0,3.0,0.0,2022-07-11
20,2022.0,28.0,Monkeypox,Edo,4.0,1.0,25.0,2022-07-11
20,2022.0,28.0,Monkeypox,Abuja,5.0,0.0,0.0,2022-07-11
20,2022.0,28.0,Monkeypox,Enugu,1.0,2.0,0.0,2022-07-11
20,2022.0,28.0,Monkeypox,Abia,1.0,2.0,0.0,2022-07-11
20,2022.0,28.0,Monkeypox,Plateau,0.0,2.0,0.0,2022-07-11
20,2022.0,28.0,Monkeypox,Nasarawa,1.0,1.0,100.0,2022-07-11
20,2022.0,28.0,Monkeypox,Benue,2.0,0.0,0.0,2022-07-11
20,2022.0,28.0,Monkeypox,Anambra,0.0,1.0,0.0,2022-07-11
20,2022.0,28.0,Monkeypox,Ekiti,2.0,0.0,0.0,2022-07-11
20,2022.0,28.0,Monkeypox,Ebonyi,0.0,0.0,0.0,2022-07-11
20,2022.0,28.0,Monkeypox,Niger,0.0,0.0,0.0,2022-07-11
20,2022.0,28.0,Monkeypox,Ogun,0.0,0.0,0.0,2022-07-11
20,2022.0,28.0,Monkeypox,Adamawa,0.0,0.0,0.0,2022-07-11
20,2022.0,28.0,Monkeypox,Kano,0.0,0.0,0.0,2022-07-11
20,2022.0,28.0,Monkeypox,Ondo,0.0,0.0,0.0,2022-07-11
20,2022.0,28.0,Monkeypox,Taraba,0.0,0.0,0.0,2022-07-11
20,2022.0,28.0,Monkeypox,Katsina,0.0,0.0,0.0,2022-07-11
20,2022.0,28.0,Monkeypox,Kwara,0.0,0.0,0.0,2022-07-11
20,2022.0,28.0,Monkeypox,Borno,0.0,0.0,0.0,2022-07-11
20,2022.0,28.0,Monkeypox,Gombe,0.0,0.0,0.0,2022-07-11
20,2022.0,28.0,Monkeypox,Kogi,0.0,0.0,0.0,2022-07-11
20,2022.0,28.0,Monkeypox,Bauchi,0.0,0.0,0.0,2022-07-11
1,2024.0,39.0,Monkeypox,Katsina,1.0,0.0,0.0,2024-09-23
1,2024.0,36.0,Monkeypox,Benue,1.0,0.0,0.0,2024-09-02
1,2024.0,36.0,Monkeypox,Abuja,1.0,0.0,0.0,2024-09-02
1,2024.0,36.0,Monkeypox,Gombe,1.0,0.0,0.0,2024-09-02
1,2024.0,36.0,Monkeypox,Imo,1.0,0.0,0.0,2024-09-02
1,2024.0,36.0,Monkeypox,Lagos,1.0,0.0,0.0,2024-09-02
20,2022.0,33.0,COVID-19,Abuja,2.0,0.0,0.0,2022-08-15
20,2022.0,33.0,COVID-19,Kogi,6.0,0.0,0.0,2022-08-15
20,2022.0,33.0,COVID-19,Kano,8.0,0.0,0.0,2022-08-15
20,2022.0,33.0,COVID-19,Yobe,10.0,0.0,0.0,2022-08-15
20,2022.0,33.0,COVID-19,Borno,13.0,0.0,0.0,2022-08-15
20,2022.0,33.0,COVID-19,Katsina,14.0,0.0,0.0,2022-08-15
20,2022.0,33.0,COVID-19,Zamfara,17.0,0.0,0.0,2022-08-15
20,2022.0,33.0,COVID-19,Kwara,18.0,0.0,0.0,2022-08-15
20,2022.0,33.0,COVID-19,Osun,24.0,0.0,0.0,2022-08-15
20,2022.0,33.0,COVID-19,Plateau,28.0,0.0,0.0,2022-08-15
20,2022.0,33.0,COVID-19,Kebbi,30.0,0.0,0.0,2022-08-15
20,2022.0,33.0,COVID-19,Enugu,31.0,0.0,0.0,2022-08-15
20,2022.0,33.0,COVID-19,Bauchi,33.0,0.0,0.0,2022-08-15
20,2022.0,33.0,COVID-19,Bayelsa,34.0,0.0,0.0,2022-08-15
20,2022.0,33.0,COVID-19,Taraba,40.0,0.0,0.0,2022-08-15
20,2022.0,33.0,COVID-19,Abia,42.0,0.0,0.0,2022-08-15
20,2022.0,33.0,COVID-19,Adamawa,44.0,0.0,0.0,2022-08-15
20,2022.0,33.0,COVID-19,Anambra,45.0,0.0,0.0,2022-08-15
20,2022.0,33.0,COVID-19,Ondo,46.0,0.0,0.0,2022-08-15
20,2022.0,33.0,COVID-19,Edo,47.0,0.0,0.0,2022-08-15
20,2022.0,33.0,COVID-19,Nasarawa,48.0,0.0,0.0,2022-08-15
20,2022.0,33.0,COVID-19,Niger,49.0,0.0,0.0,2022-08-15
20,2022.0,33.0,COVID-19,Sokoto,50.0,0.0,0.0,2022-08-15
20,2022.0,33.0,COVID-19,Kaduna,51.0,0.0,0.0,2022-08-15
20,2022.0,33.0,COVID-19,Gombe,52.0,0.0,0.0,2022-08-15
20,2022.0,33.0,COVID-19,Delta,53.0,0.0,0.0,2022-08-15
20,2022.0,33.0,COVID-19,Ogun,54.0,0.0,0.0,2022-08-15
20,2022.0,33.0,COVID-19,Ebonyi,55.0,0.0,0.0,2022-08-15
20,2022.0,33.0,COVID-19,Oyo,56.0,0.0,0.0,2022-08-15
20,2022.0,33.0,COVID-19,Rivers,57.0,0.0,0.0,2022-08-15
20,2022.0,33.0,COVID-19,Cross River,58.0,0.0,0.0,2022-08-15
20,2022.0,33.0,COVID-19,Lagos,59.0,0.0,0.0,2022-08-15
20,2022.0,33.0,COVID-19,Benue,60.0,0.0,0.0,2022-08-15
20,2022.0,24.0,Monkeypox,Rivers,25.0,14.0,56.0,2022-06-13
20,2022.0,24.0,Monkeypox,Bayelsa,19.0,11.0,57.89,2022-06-13
20,2022.0,24.0,Monkeypox,Lagos,4.0,1.0,25.0,2022-06-13
20,2022.0,24.0,Monkeypox,Delta,3.0,6.0,0.0,2022-06-13
20,2022.0,24.0,Monkeypox,Cross River,9.0,3.0,33.33,2022-06-13
20,2022.0,24.0,Monkeypox,Imo,5.0,2.0,40.0,2022-06-13
20,2022.0,24.0,Monkeypox,Akwa Ibom,6.0,0.0,0.0,2022-06-13
20,2022.0,24.0,Monkeypox,Oyo,1.0,3.0,0.0,2022-06-13
20,2022.0,24.0,Monkeypox,Edo,4.0,1.0,25.0,2022-06-13
20,2022.0,24.0,Monkeypox,Abuja,5.0,0.0,0.0,2022-06-13
20,2022.0,24.0,Monkeypox,Enugu,1.0,2.0,0.0,2022-06-13
20,2022.0,24.0,Monkeypox,Abia,1.0,2.0,0.0,2022-06-13
20,2022.0,24.0,Monkeypox,Plateau,0.0,2.0,0.0,2022-06-13
20,2022.0,24.0,Monkeypox,Nasarawa,1.0,1.0,100.0,2022-06-13
20,2022.0,24.0,Monkeypox,Benue,2.0,0.0,0.0,2022-06-13
20,2022.0,24.0,Monkeypox,Anambra,0.0,1.0,0.0,2022-06-13
20,2022.0,24.0,Monkeypox,Ekiti,2.0,0.0,0.0,2022-06-13
20,2022.0,24.0,Monkeypox,Ebonyi,0.0,0.0,0.0,2022-06-13
20,2022.0,32.0,Monkeypox,Rivers,25.0,14.0,56.0,2022-08-08
20,2022.0,32.0,Monkeypox,Bayelsa,19.0,11.0,57.89,2022-08-08
20,2022.0,32.0,Monkeypox,Lagos,4.0,1.0,25.0,2022-08-08
20,2022.0,32.0,Monkeypox,Delta,3.0,6.0,0.0,2022-08-08
20,2022.0,32.0,Monkeypox,Cross River,9.0,3.0,33.33,2022-08-08
20,2022.0,32.0,Monkeypox,Imo,5.0,2.0,40.0,2022-08-08
20,2022.0,32.0,Monkeypox,Akwa Ibom,6.0,0.0,0.0,2022-08-08
20,2022.0,32.0,Monkeypox,Oyo,1.0,3.0,0.0,2022-08-08
20,2022.0,32.0,Monkeypox,Edo,4.0,1.0,25.0,2022-08-08
20,2022.0,32.0,Monkeypox,Abuja,5.0,0.0,0.0,2022-08-08
20,2022.0,32.0,Monkeypox,Enugu,1.0,2.0,0.0,2022-08-08
20,2022.0,32.0,Monkeypox,Abia,1.0,2.0,0.0,2022-08-08
20,2022.0,32.0,Monkeypox,Plateau,0.0,2.0,0.0,2022-08-08
20,2022.0,32.0,Monkeypox,Nasarawa,1.0,1.0,100.0,2022-08-08
20,2022.0,32.0,Monkeypox,Benue,2.0,0.0,0.0,2022-08-08
20,2022.0,32.0,Monkeypox,Anambra,0.0,1.0,0.0,2022-08-08
20,2022.0,32.0,Monkeypox,Ekiti,2.0,0.0,0.0,2022-08-08
20,2022.0,32.0,Monkeypox,Ebonyi,0.0,0.0,0.0,2022-08-08
20,2022.0,32.0,Monkeypox,Niger,0.0,0.0,0.0,2022-08-08
20,2022.0,32.0,Monkeypox,Ogun,0.0,0.0,0.0,2022-08-08
20,2022.0,32.0,Monkeypox,Adamawa,0.0,0.0,0.0,2022-08-08
20,2022.0,32.0,Monkeypox,Kano,0.0,0.0,0.0,2022-08-08
20,2022.0,32.0,Monkeypox,Ondo,0.0,0.0,0.0,2022-08-08
20,2022.0,32.0,Monkeypox,Taraba,0.0,0.0,0.0,2022-08-08
20,2022.0,32.0,Monkeypox,Katsina,0.0,0.0,0.0,2022-08-08
20,2022.0,32.0,Monkeypox,Kwara,0.0,0.0,0.0,2022-08-08
20,2022.0,32.0,Monkeypox,Borno,0.0,0.0,0.0,2022-08-08
20,2022.0,32.0,Monkeypox,Gombe,0.0,0.0,0.0,2022-08-08
20,2022.0,32.0,Monkeypox,Kogi,0.0,0.0,0.0,2022-08-08
20,2022.0,32.0,Monkeypox,Bauchi,0.0,0.0,0.0,2022-08-08
20,2022.0,32.0,Monkeypox,Osun,0.0,0.0,0.0,2022-08-08
20,2022.0,29.0,COVID-19,Osun,4.0,0.0,0.0,2022-07-18
20,2022.0,29.0,COVID-19,Kogi,6.0,0.0,0.0,2022-07-18
20,2022.0,29.0,COVID-19,Kano,8.0,0.0,0.0,2022-07-18
20,2022.0,29.0,COVID-19,Yobe,10.0,0.0,0.0,2022-07-18
20,2022.0,29.0,COVID-19,Borno,13.0,0.0,0.0,2022-07-18
20,2022.0,29.0,COVID-19,Katsina,14.0,0.0,0.0,2022-07-18
20,2022.0,29.0,COVID-19,Zamfara,17.0,0.0,0.0,2022-07-18
20,2022.0,29.0,COVID-19,Kwara,18.0,0.0,0.0,2022-07-18
20,2022.0,29.0,COVID-19,Plateau,28.0,0.0,0.0,2022-07-18
20,2022.0,29.0,COVID-19,Kebbi,30.0,0.0,0.0,2022-07-18
20,2022.0,29.0,COVID-19,Enugu,31.0,0.0,0.0,2022-07-18
20,2022.0,29.0,COVID-19,Bauchi,33.0,0.0,0.0,2022-07-18
20,2022.0,29.0,COVID-19,Bayelsa,34.0,0.0,0.0,2022-07-18
20,2022.0,29.0,COVID-19,Taraba,40.0,0.0,0.0,2022-07-18
20,2022.0,29.0,COVID-19,Abia,42.0,0.0,0.0,2022-07-18
20,2022.0,29.0,COVID-19,Imo,44.0,0.0,0.0,2022-07-18
20,2022.0,29.0,COVID-19,Anambra,45.0,0.0,0.0,2022-07-18
20,2022.0,29.0,COVID-19,Ondo,46.0,0.0,0.0,2022-07-18
20,2022.0,29.0,COVID-19,Edo,47.0,0.0,0.0,2022-07-18
20,2022.0,29.0,COVID-19,Nasarawa,48.0,0.0,0.0,2022-07-18
20,2022.0,29.0,COVID-19,Niger,49.0,0.0,0.0,2022-07-18
20,2022.0,29.0,COVID-19,Sokoto,50.0,0.0,0.0,2022-07-18
20,2022.0,29.0,COVID-19,Kaduna,51.0,0.0,0.0,2022-07-18
20,2022.0,29.0,COVID-19,Delta,53.0,0.0,0.0,2022-07-18
20,2022.0,29.0,COVID-19,Ogun,54.0,0.0,0.0,2022-07-18
20,2022.0,29.0,COVID-19,Ebonyi,55.0,0.0,0.0,2022-07-18
20,2022.0,29.0,COVID-19,Oyo,56.0,0.0,0.0,2022-07-18
20,2022.0,29.0,COVID-19,Abuja,57.0,0.0,0.0,2022-07-18
20,2022.0,29.0,COVID-19,Cross River,58.0,0.0,0.0,2022-07-18
20,2022.0,29.0,COVID-19,Lagos,59.0,0.0,0.0,2022-07-18
20,2022.0,29.0,COVID-19,Benue,60.0,0.0,0.0,2022-07-18
20,2022.0,14.0,COVID-19,Osun,4.0,0.0,0.0,2022-04-04
20,2022.0,14.0,COVID-19,Kogi,6.0,0.0,0.0,2022-04-04
20,2022.0,14.0,COVID-19,Kano,8.0,0.0,0.0,2022-04-04
20,2022.0,14.0,COVID-19,Yobe,10.0,0.0,0.0,2022-04-04
20,2022.0,14.0,COVID-19,Borno,13.0,0.0,0.0,2022-04-04
20,2022.0,14.0,COVID-19,Katsina,14.0,0.0,0.0,2022-04-04
20,2022.0,14.0,COVID-19,Zamfara,17.0,0.0,0.0,2022-04-04
20,2022.0,14.0,COVID-19,Kwara,18.0,0.0,0.0,2022-04-04
20,2022.0,14.0,COVID-19,Plateau,28.0,0.0,0.0,2022-04-04
20,2022.0,14.0,COVID-19,Kebbi,30.0,0.0,0.0,2022-04-04
20,2022.0,14.0,COVID-19,Enugu,31.0,0.0,0.0,2022-04-04
20,2022.0,14.0,COVID-19,Bauchi,33.0,0.0,0.0,2022-04-04
20,2022.0,14.0,COVID-19,Bayelsa,34.0,0.0,0.0,2022-04-04
20,2022.0,14.0,COVID-19,Taraba,40.0,0.0,0.0,2022-04-04
20,2022.0,14.0,COVID-19,Abia,42.0,0.0,0.0,2022-04-04
20,2022.0,14.0,COVID-19,Imo,44.0,0.0,0.0,2022-04-04
20,2022.0,14.0,COVID-19,Anambra,45.0,0.0,0.0,2022-04-04
20,2022.0,14.0,COVID-19,Ondo,46.0,0.0,0.0,2022-04-04
20,2022.0,14.0,COVID-19,Edo,47.0,0.0,0.0,2022-04-04
20,2022.0,14.0,COVID-19,Nasarawa,48.0,0.0,0.0,2022-04-04
20,2022.0,14.0,COVID-19,Niger,49.0,0.0,0.0,2022-04-04
20,2022.0,14.0,COVID-19,Sokoto,50.0,0.0,0.0,2022-04-04
20,2022.0,14.0,COVID-19,Kaduna,51.0,0.0,0.0,2022-04-04
20,2022.0,14.0,COVID-19,Delta,53.0,0.0,0.0,2022-04-04
20,2022.0,14.0,COVID-19,Ogun,54.0,0.0,0.0,2022-04-04
20,2022.0,14.0,COVID-19,Ebonyi,55.0,0.0,0.0,2022-04-04
20,2022.0,14.0,COVID-19,Oyo,56.0,0.0,0.0,2022-04-04
20,2022.0,14.0,COVID-19,Abuja,57.0,0.0,0.0,2022-04-04
20,2022.0,14.0,COVID-19,Cross River,58.0,0.0,0.0,2022-04-04
20,2022.0,14.0,COVID-19,Lagos,59.0,0.0,0.0,2022-04-04
20,2022.0,14.0,COVID-19,Benue,60.0,0.0,0.0,2022-04-04
2,2024.0,37.0,Monkeypox,Lagos,2.0,0.0,0.0,2024-09-09
2,2024.0,37.0,Monkeypox,Cross River,2.0,0.0,0.0,2024-09-09
1,2024.0,37.0,Monkeypox,Adamawa,1.0,0.0,0.0,2024-09-09
20,2022.0,10.0,COVID-19,Kogi,6.0,0.0,0.0,2022-03-07
20,2022.0,10.0,COVID-19,Kano,8.0,0.0,0.0,2022-03-07
20,2022.0,10.0,COVID-19,Yobe,10.0,0.0,0.0,2022-03-07
20,2022.0,10.0,COVID-19,Borno,13.0,0.0,0.0,2022-03-07
20,2022.0,10.0,COVID-19,Katsina,14.0,0.0,0.0,2022-03-07
20,2022.0,10.0,COVID-19,Zamfara,17.0,0.0,0.0,2022-03-07
20,2022.0,10.0,COVID-19,Kwara,18.0,0.0,0.0,2022-03-07
20,2022.0,10.0,COVID-19,Plateau,28.0,0.0,0.0,2022-03-07
20,2022.0,10.0,COVID-19,Kebbi,30.0,0.0,0.0,2022-03-07
20,2022.0,10.0,COVID-19,Enugu,31.0,0.0,0.0,2022-03-07
20,2022.0,10.0,COVID-19,Bauchi,33.0,0.0,0.0,2022-03-07
20,2022.0,10.0,COVID-19,Bayelsa,34.0,0.0,0.0,2022-03-07
20,2022.0,10.0,COVID-19,Taraba,40.0,0.0,0.0,2022-03-07
20,2022.0,10.0,COVID-19,Abia,42.0,0.0,0.0,2022-03-07
20,2022.0,10.0,COVID-19,Imo,44.0,0.0,0.0,2022-03-07
20,2022.0,10.0,COVID-19,Anambra,45.0,0.0,0.0,2022-03-07
20,2022.0,10.0,COVID-19,Ondo,46.0,0.0,0.0,2022-03-07
20,2022.0,10.0,COVID-19,Edo,47.0,0.0,0.0,2022-03-07
20,2022.0,10.0,COVID-19,Nasarawa,48.0,0.0,0.0,2022-03-07
20,2022.0,10.0,COVID-19,Niger,49.0,0.0,0.0,2022-03-07
20,2022.0,10.0,COVID-19,Sokoto,50.0,0.0,0.0,2022-03-07
20,2022.0,10.0,COVID-19,Kaduna,51.0,0.0,0.0,2022-03-07
20,2022.0,10.0,COVID-19,Ogun,52.0,0.0,0.0,2022-03-07
20,2022.0,10.0,COVID-19,Delta,53.0,0.0,0.0,2022-03-07
20,2022.0,10.0,COVID-19,Osun,54.0,0.0,0.0,2022-03-07
20,2022.0,10.0,COVID-19,Ebonyi,55.0,0.0,0.0,2022-03-07
20,2022.0,10.0,COVID-19,Oyo,56.0,0.0,0.0,2022-03-07
20,2022.0,10.0,COVID-19,Abuja,57.0,0.0,0.0,2022-03-07
20,2022.0,10.0,COVID-19,Cross River,58.0,0.0,0.0,2022-03-07
20,2022.0,10.0,COVID-19,Lagos,59.0,0.0,0.0,2022-03-07
20,2022.0,10.0,COVID-19,Benue,60.0,0.0,0.0,2022-03-07
2,2024.0,38.0,Monkeypox,Plateau,2.0,0.0,0.0,2024-09-16
20,2022.0,12.0,COVID-19,Osun,4.0,0.0,0.0,2022-03-21
20,2022.0,12.0,COVID-19,Kogi,6.0,0.0,0.0,2022-03-21
20,2022.0,12.0,COVID-19,Kano,8.0,0.0,0.0,2022-03-21
20,2022.0,12.0,COVID-19,Yobe,10.0,0.0,0.0,2022-03-21
20,2022.0,12.0,COVID-19,Borno,13.0,0.0,0.0,2022-03-21
20,2022.0,12.0,COVID-19,Katsina,14.0,0.0,0.0,2022-03-21
20,2022.0,12.0,COVID-19,Zamfara,17.0,0.0,0.0,2022-03-21
20,2022.0,12.0,COVID-19,Kwara,18.0,0.0,0.0,2022-03-21
20,2022.0,12.0,COVID-19,Plateau,28.0,0.0,0.0,2022-03-21
20,2022.0,12.0,COVID-19,Kebbi,30.0,0.0,0.0,2022-03-21
20,2022.0,12.0,COVID-19,Enugu,31.0,0.0,0.0,2022-03-21
20,2022.0,12.0,COVID-19,Bauchi,33.0,0.0,0.0,2022-03-21
20,2022.0,12.0,COVID-19,Bayelsa,34.0,0.0,0.0,2022-03-21
20,2022.0,12.0,COVID-19,Taraba,40.0,0.0,0.0,2022-03-21
20,2022.0,12.0,COVID-19,Abia,42.0,0.0,0.0,2022-03-21
20,2022.0,12.0,COVID-19,Imo,44.0,0.0,0.0,2022-03-21
20,2022.0,12.0,COVID-19,Anambra,45.0,0.0,0.0,2022-03-21
20,2022.0,12.0,COVID-19,Ondo,46.0,0.0,0.0,2022-03-21
20,2022.0,12.0,COVID-19,Edo,47.0,0.0,0.0,2022-03-21
20,2022.0,12.0,COVID-19,Nasarawa,48.0,0.0,0.0,2022-03-21
20,2022.0,12.0,COVID-19,Niger,49.0,0.0,0.0,2022-03-21
20,2022.0,12.0,COVID-19,Sokoto,50.0,0.0,0.0,2022-03-21
20,2022.0,12.0,COVID-19,Kaduna,51.0,0.0,0.0,2022-03-21
20,2022.0,12.0,COVID-19,Delta,53.0,0.0,0.0,2022-03-21
20,2022.0,12.0,COVID-19,Ogun,54.0,0.0,0.0,2022-03-21
20,2022.0,12.0,COVID-19,Ebonyi,55.0,0.0,0.0,2022-03-21
20,2022.0,12.0,COVID-19,Oyo,56.0,0.0,0.0,2022-03-21
20,2022.0,12.0,COVID-19,Abuja,57.0,0.0,0.0,2022-03-21
20,2022.0,12.0,COVID-19,Cross River,58.0,0.0,0.0,2022-03-21
20,2022.0,12.0,COVID-19,Lagos,59.0,0.0,0.0,2022-03-21
20,2022.0,12.0,COVID-19,Benue,60.0,0.0,0.0,2022-03-21
20,2022.0,35.0,COVID-19,Abuja,2.0,0.0,0.0,2022-08-29
20,2022.0,35.0,COVID-19,Kogi,6.0,0.0,0.0,2022-08-29
20,2022.0,35.0,COVID-19,Kano,8.0,0.0,0.0,2022-08-29
20,2022.0,35.0,COVID-19,Yobe,10.0,0.0,0.0,2022-08-29
20,2022.0,35.0,COVID-19,Borno,13.0,0.0,0.0,2022-08-29
20,2022.0,35.0,COVID-19,Katsina,14.0,0.0,0.0,2022-08-29
20,2022.0,35.0,COVID-19,Zamfara,17.0,0.0,0.0,2022-08-29
20,2022.0,35.0,COVID-19,Kwara,18.0,0.0,0.0,2022-08-29
20,2022.0,35.0,COVID-19,Osun,24.0,0.0,0.0,2022-08-29
20,2022.0,35.0,COVID-19,Plateau,28.0,0.0,0.0,2022-08-29
20,2022.0,35.0,COVID-19,Kebbi,30.0,0.0,0.0,2022-08-29
20,2022.0,35.0,COVID-19,Enugu,31.0,0.0,0.0,2022-08-29
20,2022.0,35.0,COVID-19,Bauchi,33.0,0.0,0.0,2022-08-29
20,2022.0,35.0,COVID-19,Bayelsa,34.0,0.0,0.0,2022-08-29
20,2022.0,35.0,COVID-19,Taraba,40.0,0.0,0.0,2022-08-29
20,2022.0,35.0,COVID-19,Abia,42.0,0.0,0.0,2022-08-29
20,2022.0,35.0,COVID-19,Adamawa,44.0,0.0,0.0,2022-08-29
20,2022.0,35.0,COVID-19,Anambra,45.0,0.0,0.0,2022-08-29
20,2022.0,35.0,COVID-19,Ondo,46.0,0.0,0.0,2022-08-29
20,2022.0,35.0,COVID-19,Edo,47.0,0.0,0.0,2022-08-29
20,2022.0,35.0,COVID-19,Nasarawa,48.0,0.0,0.0,2022-08-29
20,2022.0,35.0,COVID-19,Niger,49.0,0.0,0.0,2022-08-29
20,2022.0,35.0,COVID-19,Sokoto,50.0,0.0,0.0,2022-08-29
20,2022.0,35.0,COVID-19,Kaduna,51.0,0.0,0.0,2022-08-29
20,2022.0,35.0,COVID-19,Gombe,52.0,0.0,0.0,2022-08-29
20,2022.0,35.0,COVID-19,Delta,53.0,0.0,0.0,2022-08-29
20,2022.0,35.0,COVID-19,Ogun,54.0,0.0,0.0,2022-08-29
20,2022.0,35.0,COVID-19,Ebonyi,55.0,0.0,0.0,2022-08-29
20,2022.0,35.0,COVID-19,Oyo,56.0,0.0,0.0,2022-08-29
20,2022.0,35.0,COVID-19,Rivers,57.0,0.0,0.0,2022-08-29
20,2022.0,35.0,COVID-19,Cross River,58.0,0.0,0.0,2022-08-29
20,2022.0,35.0,COVID-19,Lagos,59.0,0.0,0.0,2022-08-29
20,2022.0,35.0,COVID-19,Benue,60.0,0.0,0.0,2022-08-29
20,2022.0,23.0,COVID-19,Osun,4.0,0.0,0.0,2022-06-06
20,2022.0,23.0,COVID-19,Kogi,6.0,0.0,0.0,2022-06-06
20,2022.0,23.0,COVID-19,Kano,8.0,0.0,0.0,2022-06-06
20,2022.0,23.0,COVID-19,Yobe,10.0,0.0,0.0,2022-06-06
20,2022.0,23.0,COVID-19,Borno,13.0,0.0,0.0,2022-06-06
20,2022.0,23.0,COVID-19,Katsina,14.0,0.0,0.0,2022-06-06
20,2022.0,23.0,COVID-19,Zamfara,17.0,0.0,0.0,2022-06-06
20,2022.0,23.0,COVID-19,Kwara,18.0,0.0,0.0,2022-06-06
20,2022.0,23.0,COVID-19,Plateau,28.0,0.0,0.0,2022-06-06
20,2022.0,23.0,COVID-19,Kebbi,30.0,0.0,0.0,2022-06-06
20,2022.0,23.0,COVID-19,Enugu,31.0,0.0,0.0,2022-06-06
20,2022.0,23.0,COVID-19,Bauchi,33.0,0.0,0.0,2022-06-06
20,2022.0,23.0,COVID-19,Bayelsa,34.0,0.0,0.0,2022-06-06
20,2022.0,23.0,COVID-19,Taraba,40.0,0.0,0.0,2022-06-06
20,2022.0,23.0,COVID-19,Abia,42.0,0.0,0.0,2022-06-06
20,2022.0,23.0,COVID-19,Imo,44.0,0.0,0.0,2022-06-06
20,2022.0,23.0,COVID-19,Anambra,45.0,0.0,0.0,2022-06-06
20,2022.0,23.0,COVID-19,Ondo,46.0,0.0,0.0,2022-06-06
20,2022.0,23.0,COVID-19,Edo,47.0,0.0,0.0,2022-06-06
20,2022.0,23.0,COVID-19,Nasarawa,48.0,0.0,0.0,2022-06-06
20,2022.0,23.0,COVID-19,Niger,49.0,0.0,0.0,2022-06-06
20,2022.0,23.0,COVID-19,Sokoto,50.0,0.0,0.0,2022-06-06
20,2022.0,23.0,COVID-19,Kaduna,51.0,0.0,0.0,2022-06-06
20,2022.0,23.0,COVID-19,Delta,53.0,0.0,0.0,2022-06-06
20,2022.0,23.0,COVID-19,Ogun,54.0,0.0,0.0,2022-06-06
20,2022.0,23.0,COVID-19,Ebonyi,55.0,0.0,0.0,2022-06-06
20,2022.0,23.0,COVID-19,Oyo,56.0,0.0,0.0,2022-06-06
20,2022.0,23.0,COVID-19,Abuja,57.0,0.0,0.0,2022-06-06
20,2022.0,23.0,COVID-19,Cross River,58.0,0.0,0.0,2022-06-06
20,2022.0,23.0,COVID-19,Lagos,59.0,0.0,0.0,2022-06-06
20,2022.0,23.0,COVID-19,Benue,60.0,0.0,0.0,2022-06-06
20,2022.0,30.0,Monkeypox,Rivers,25.0,14.0,56.0,2022-07-25
20,2022.0,30.0,Monkeypox,Bayelsa,19.0,11.0,57.89,2022-07-25
20,2022.0,30.0,Monkeypox,Lagos,4.0,1.0,25.0,2022-07-25
20,2022.0,30.0,Monkeypox,Delta,3.0,6.0,0.0,2022-07-25
20,2022.0,30.0,Monkeypox,Cross River,9.0,3.0,33.33,2022-07-25
20,2022.0,30.0,Monkeypox,Imo,5.0,2.0,40.0,2022-07-25
20,2022.0,30.0,Monkeypox,Akwa Ibom,6.0,0.0,0.0,2022-07-25
20,2022.0,30.0,Monkeypox,Oyo,1.0,3.0,0.0,2022-07-25
20,2022.0,30.0,Monkeypox,Edo,4.0,1.0,25.0,2022-07-25
20,2022.0,30.0,Monkeypox,Abuja,5.0,0.0,0.0,2022-07-25
20,2022.0,30.0,Monkeypox,Enugu,1.0,2.0,0.0,2022-07-25
20,2022.0,30.0,Monkeypox,Abia,1.0,2.0,0.0,2022-07-25
20,2022.0,30.0,Monkeypox,Plateau,0.0,2.0,0.0,2022-07-25
20,2022.0,30.0,Monkeypox,Nasarawa,1.0,1.0,100.0,2022-07-25
20,2022.0,30.0,Monkeypox,Benue,2.0,0.0,0.0,2022-07-25
20,2022.0,30.0,Monkeypox,Anambra,0.0,1.0,0.0,2022-07-25
20,2022.0,30.0,Monkeypox,Ekiti,2.0,0.0,0.0,2022-07-25
20,2022.0,30.0,Monkeypox,Ebonyi,0.0,0.0,0.0,2022-07-25
20,2022.0,30.0,Monkeypox,Niger,0.0,0.0,0.0,2022-07-25
20,2022.0,30.0,Monkeypox,Ogun,0.0,0.0,0.0,2022-07-25
20,2022.0,30.0,Monkeypox,Adamawa,0.0,0.0,0.0,2022-07-25
20,2022.0,30.0,Monkeypox,Kano,0.0,0.0,0.0,2022-07-25
20,2022.0,30.0,Monkeypox,Ondo,0.0,0.0,0.0,2022-07-25
20,2022.0,30.0,Monkeypox,Taraba,0.0,0.0,0.0,2022-07-25
20,2022.0,30.0,Monkeypox,Katsina,0.0,0.0,0.0,2022-07-25
20,2022.0,30.0,Monkeypox,Kwara,0.0,0.0,0.0,2022-07-25
20,2022.0,30.0,Monkeypox,Borno,0.0,0.0,0.0,2022-07-25
20,2022.0,30.0,Monkeypox,Gombe,0.0,0.0,0.0,2022-07-25
20,2022.0,30.0,Monkeypox,Kogi,0.0,0.0,0.0,2022-07-25
20,2022.0,30.0,Monkeypox,Bauchi,0.0,0.0,0.0,2022-07-25
20,2022.0,11.0,COVID-19,Kogi,6.0,0.0,0.0,2022-03-14
20,2022.0,11.0,COVID-19,Kano,8.0,0.0,0.0,2022-03-14
20,2022.0,11.0,COVID-19,Yobe,10.0,0.0,0.0,2022-03-14
20,2022.0,11.0,COVID-19,Borno,13.0,0.0,0.0,2022-03-14
20,2022.0,11.0,COVID-19,Katsina,14.0,0.0,0.0,2022-03-14
20,2022.0,11.0,COVID-19,Zamfara,17.0,0.0,0.0,2022-03-14
20,2022.0,11.0,COVID-19,Kwara,18.0,0.0,0.0,2022-03-14
20,2022.0,11.0,COVID-19,Plateau,28.0,0.0,0.0,2022-03-14
20,2022.0,11.0,COVID-19,Kebbi,30.0,0.0,0.0,2022-03-14
20,2022.0,11.0,COVID-19,Enugu,31.0,0.0,0.0,2022-03-14
20,2022.0,11.0,COVID-19,Bauchi,33.0,0.0,0.0,2022-03-14
20,2022.0,11.0,COVID-19,Bayelsa,34.0,0.0,0.0,2022-03-14
20,2022.0,11.0,COVID-19,Taraba,40.0,0.0,0.0,2022-03-14
20,2022.0,11.0,COVID-19,Abia,42.0,0.0,0.0,2022-03-14
20,2022.0,11.0,COVID-19,Imo,44.0,0.0,0.0,2022-03-14
20,2022.0,11.0,COVID-19,Anambra,45.0,0.0,0.0,2022-03-14
20,2022.0,11.0,COVID-19,Ondo,46.0,0.0,0.0,2022-03-14
20,2022.0,11.0,COVID-19,Edo,47.0,0.0,0.0,2022-03-14
20,2022.0,11.0,COVID-19,Nasarawa,48.0,0.0,0.0,2022-03-14
20,2022.0,11.0,COVID-19,Niger,49.0,0.0,0.0,2022-03-14
20,2022.0,11.0,COVID-19,Sokoto,50.0,0.0,0.0,2022-03-14
20,2022.0,11.0,COVID-19,Kaduna,51.0,0.0,0.0,2022-03-14
20,2022.0,11.0,COVID-19,Ogun,52.0,0.0,0.0,2022-03-14
20,2022.0,11.0,COVID-19,Delta,53.0,0.0,0.0,2022-03-14
20,2022.0,11.0,COVID-19,Osun,54.0,0.0,0.0,2022-03-14
20,2022.0,11.0,COVID-19,Ebonyi,55.0,0.0,0.0,2022-03-14
20,2022.0,11.0,COVID-19,Oyo,56.0,0.0,0.0,2022-03-14
20,2022.0,11.0,COVID-19,Abuja,57.0,0.0,0.0,2022-03-14
20,2022.0,11.0,COVID-19,Cross River,58.0,0.0,0.0,2022-03-14
20,2022.0,11.0,COVID-19,Lagos,59.0,0.0,0.0,2022-03-14
20,2022.0,11.0,COVID-19,Benue,60.0,0.0,0.0,2022-03-14
20,2022.0,37.0,Monkeypox,Lagos,4.0,1.0,25.0,2022-09-12
20,2022.0,37.0,Monkeypox,Rivers,25.0,14.0,56.0,2022-09-12
20,2022.0,37.0,Monkeypox,Bayelsa,19.0,11.0,57.89,2022-09-12
20,2022.0,37.0,Monkeypox,Delta,3.0,6.0,0.0,2022-09-12
20,2022.0,37.0,Monkeypox,Edo,4.0,1.0,25.0,2022-09-12
20,2022.0,37.0,Monkeypox,Abia,1.0,2.0,0.0,2022-09-12
20,2022.0,37.0,Monkeypox,Imo,5.0,2.0,40.0,2022-09-12
20,2022.0,37.0,Monkeypox,Ondo,0.0,0.0,0.0,2022-09-12
20,2022.0,37.0,Monkeypox,Cross River,9.0,3.0,33.33,2022-09-12
20,2022.0,37.0,Monkeypox,Abuja,5.0,0.0,0.0,2022-09-12
20,2022.0,37.0,Monkeypox,Ogun,0.0,0.0,0.0,2022-09-12
20,2022.0,37.0,Monkeypox,Adamawa,0.0,0.0,0.0,2022-09-12
20,2022.0,37.0,Monkeypox,Anambra,0.0,1.0,0.0,2022-09-12
20,2022.0,37.0,Monkeypox,Oyo,1.0,3.0,0.0,2022-09-12
20,2022.0,37.0,Monkeypox,Nasarawa,1.0,1.0,100.0,2022-09-12
20,2022.0,37.0,Monkeypox,Akwa Ibom,6.0,0.0,0.0,2022-09-12
20,2022.0,37.0,Monkeypox,Plateau,0.0,2.0,0.0,2022-09-12
20,2022.0,37.0,Monkeypox,Taraba,0.0,0.0,0.0,2022-09-12
20,2022.0,37.0,Monkeypox,Katsina,0.0,0.0,0.0,2022-09-12
20,2022.0,37.0,Monkeypox,Benue,2.0,0.0,0.0,2022-09-12
20,2022.0,37.0,Monkeypox,Ebonyi,0.0,0.0,0.0,2022-09-12
20,2022.0,37.0,Monkeypox,Borno,0.0,0.0,0.0,2022-09-12
20,2022.0,37.0,Monkeypox,Kaduna,0.0,0.0,0.0,2022-09-12
20,2022.0,37.0,Monkeypox,Kano,0.0,0.0,0.0,2022-09-12
20,2022.0,37.0,Monkeypox,Kwara,0.0,0.0,0.0,2022-09-12
20,2022.0,37.0,Monkeypox,Gombe,0.0,0.0,0.0,2022-09-12
20,2022.0,37.0,Monkeypox,Enugu,1.0,2.0,0.0,2022-09-12
20,2022.0,37.0,Monkeypox,Kogi,0.0,0.0,0.0,2022-09-12
20,2022.0,37.0,Monkeypox,Osun,0.0,0.0,0.0,2022-09-12
20,2022.0,37.0,Monkeypox,Niger,0.0,0.0,0.0,2022-09-12
20,2022.0,37.0,Monkeypox,Ekiti,2.0,0.0,0.0,2022-09-12
20,2022.0,37.0,Monkeypox,Bauchi,0.0,0.0,0.0,2022-09-12
20,2022.0,37.0,Monkeypox,Kebbi,0.0,0.0,0.0,2022-09-12
4,2024.0,34.0,Monkeypox,Enugu,4.0,0.0,0.0,2024-08-19
1,2024.0,34.0,Monkeypox,Bayelsa,1.0,0.0,0.0,2024-08-19
1,2024.0,34.0,Monkeypox,Cross River,1.0,0.0,0.0,2024-08-19
1,2024.0,34.0,Monkeypox,Edo,1.0,0.0,0.0,2024-08-19
1,2024.0,34.0,Monkeypox,Osun,1.0,0.0,0.0,2024-08-19
20,2022.0,25.0,Monkeypox,Rivers,25.0,14.0,56.0,2022-06-20
20,2022.0,25.0,Monkeypox,Bayelsa,19.0,11.0,57.89,2022-06-20
20,2022.0,25.0,Monkeypox,Lagos,4.0,1.0,25.0,2022-06-20
20,2022.0,25.0,Monkeypox,Delta,3.0,6.0,0.0,2022-06-20
20,2022.0,25.0,Monkeypox,Cross River,9.0,3.0,33.33,2022-06-20
20,2022.0,25.0,Monkeypox,Imo,5.0,2.0,40.0,2022-06-20
20,2022.0,25.0,Monkeypox,Akwa Ibom,6.0,0.0,0.0,2022-06-20
20,2022.0,25.0,Monkeypox,Oyo,1.0,3.0,0.0,2022-06-20
20,2022.0,25.0,Monkeypox,Edo,4.0,1.0,25.0,2022-06-20
20,2022.0,25.0,Monkeypox,Abuja,5.0,0.0,0.0,2022-06-20
20,2022.0,25.0,Monkeypox,Enugu,1.0,2.0,0.0,2022-06-20
20,2021.0,1.0,Cholera,Bayelsa,258.0,15.0,5.81,2021-01-04
20,2021.0,1.0,Cholera,Benue,602.0,12.0,1.99,2021-01-04
20,2021.0,1.0,Cholera,Kogi,12.0,4.0,33.33,2021-01-04
20,2021.0,1.0,Cholera,Sokoto,2141.0,86.0,4.02,2021-01-04
20,2021.0,1.0,Cholera,Gombe,190.0,1.0,0.53,2021-01-04
20,2021.0,1.0,Cholera,Delta,583.0,32.0,5.49,2021-01-04
20,2021.0,1.0,Cholera,Kebbi,35.0,1.0,2.86,2021-01-04
20,2021.0,1.0,Cholera,Nasarawa,411.0,17.0,4.14,2021-01-04
20,2025.0,4.0,Diphtheria,Kano,23784.0,821.0,3.45,2025-01-20
20,2025.0,4.0,Diphtheria,Yobe,5330.0,109.0,2.05,2025-01-20
20,2025.0,4.0,Diphtheria,Bauchi,3066.0,104.0,3.39,2025-01-20
20,2025.0,4.0,Diphtheria,Katsina,3708.0,101.0,2.72,2025-01-20
20,2025.0,4.0,Diphtheria,Borno,2902.0,67.0,2.31,2025-01-20
20,2025.0,4.0,Diphtheria,Jigawa,364.0,7.0,1.92,2025-01-20
20,2025.0,4.0,Diphtheria,Kaduna,777.0,11.0,1.42,2025-01-20
20,2025.0,4.0,Diphtheria,Plateau,66.0,15.0,22.73,2025-01-20
20,2025.0,4.0,Diphtheria,Sokoto,200.0,5.0,2.5,2025-01-20
20,2025.0,4.0,Diphtheria,Zamfara,219.0,0.0,0.0,2025-01-20
20,2025.0,4.0,Diphtheria,Abuja,146.0,7.0,4.79,2025-01-20
20,2025.0,4.0,Diphtheria,Gombe,216.0,1.0,0.46,2025-01-20
20,2025.0,4.0,Diphtheria,Edo,20.0,2.0,10.0,2025-01-20
20,2025.0,4.0,Diphtheria,Lagos,37.0,5.0,13.51,2025-01-20
20,2025.0,4.0,Diphtheria,Adamawa,65.0,4.0,6.15,2025-01-20
20,2025.0,4.0,Diphtheria,Nasarawa,104.0,1.0,0.96,2025-01-20
20,2025.0,4.0,Diphtheria,Osun,16.0,1.0,6.25,2025-01-20
20,2025.0,4.0,Diphtheria,Abia,25.0,0.0,0.0,2025-01-20
20,2025.0,4.0,Diphtheria,Kebbi,70.0,0.0,0.0,2025-01-20
20,2025.0,4.0,Diphtheria,Niger,11.0,0.0,0.0,2025-01-20
20,2025.0,4.0,Diphtheria,Taraba,90.0,0.0,0.0,2025-01-20
20,2025.0,4.0,Diphtheria,Cross River,1.0,0.0,0.0,2025-01-20
20,2025.0,4.0,Diphtheria,Ekiti,36.0,1.0,2.78,2025-01-20
20,2025.0,4.0,Diphtheria,Enugu,12.0,0.0,0.0,2025-01-20
20,2025.0,4.0,Diphtheria,Imo,10.0,0.0,0.0,2025-01-20
20,2025.0,4.0,Diphtheria,Ogun,6.0,0.0,0.0,2025-01-20
20,2025.0,4.0,Diphtheria,Akwa Ibom,1.0,0.0,0.0,2025-01-20
20,2025.0,4.0,Diphtheria,Anambra,1.0,0.0,0.0,2025-01-20
20,2025.0,4.0,Diphtheria,Bayelsa,15.0,0.0,0.0,2025-01-20
20,2025.0,4.0,Diphtheria,Benue,1.0,0.0,0.0,2025-01-20
20,2025.0,4.0,Diphtheria,Delta,2.0,0.0,0.0,2025-01-20
20,2025.0,4.0,Diphtheria,Ebonyi,1.0,0.0,0.0,2025-01-20
20,2025.0,4.0,Diphtheria,Kogi,40.0,0.0,0.0,2025-01-20
20,2025.0,4.0,Diphtheria,Kwara,1.0,0.0,0.0,2025-01-20
20,2025.0,4.0,Diphtheria,Ondo,2.0,0.0,0.0,2025-01-20
20,2025.0,4.0,Diphtheria,Oyo,16.0,0.0,0.0,2025-01-20
20,2025.0,4.0,Diphtheria,Rivers,2.0,0.0,0.0,2025-01-20
20,2025.0,6.0,Diphtheria,Kano,24062.0,829.0,3.45,2025-02-03
20,2025.0,6.0,Diphtheria,Yobe,5330.0,109.0,2.05,2025-02-03
20,2025.0,6.0,Diphtheria,Bauchi,3066.0,104.0,3.39,2025-02-03
20,2025.0,6.0,Diphtheria,Katsina,3939.0,110.0,2.79,2025-02-03
20,2025.0,6.0,Diphtheria,Borno,3035.0,68.0,2.24,2025-02-03
20,2025.0,6.0,Diphtheria,Jigawa,364.0,7.0,1.92,2025-02-03
20,2025.0,6.0,Diphtheria,Kaduna,777.0,11.0,1.42,2025-02-03
20,2025.0,6.0,Diphtheria,Plateau,66.0,15.0,22.73,2025-02-03
20,2025.0,6.0,Diphtheria,Sokoto,200.0,5.0,2.5,2025-02-03
20,2025.0,6.0,Diphtheria,Zamfara,219.0,0.0,0.0,2025-02-03
20,2025.0,6.0,Diphtheria,Abuja,146.0,7.0,4.79,2025-02-03
20,2025.0,6.0,Diphtheria,Gombe,216.0,1.0,0.46,2025-02-03
20,2025.0,6.0,Diphtheria,Edo,20.0,2.0,10.0,2025-02-03
20,2025.0,6.0,Diphtheria,Lagos,37.0,5.0,13.51,2025-02-03
20,2025.0,6.0,Diphtheria,Adamawa,65.0,4.0,6.15,2025-02-03
20,2025.0,6.0,Diphtheria,Nasarawa,104.0,1.0,0.96,2025-02-03
20,2025.0,6.0,Diphtheria,Osun,16.0,1.0,6.25,2025-02-03
20,2025.0,6.0,Diphtheria,Abia,25.0,0.0,0.0,2025-02-03
20,2025.0,6.0,Diphtheria,Kebbi,70.0,0.0,0.0,2025-02-03
20,2025.0,6.0,Diphtheria,Niger,11.0,0.0,0.0,2025-02-03
20,2025.0,6.0,Diphtheria,Taraba,90.0,0.0,0.0,2025-02-03
20,2025.0,6.0,Diphtheria,Cross River,1.0,0.0,0.0,2025-02-03
20,2025.0,6.0,Diphtheria,Ekiti,36.0,1.0,2.78,2025-02-03
20,2025.0,6.0,Diphtheria,Enugu,12.0,0.0,0.0,2025-02-03
20,2025.0,6.0,Diphtheria,Imo,10.0,0.0,0.0,2025-02-03
20,2025.0,6.0,Diphtheria,Ogun,6.0,0.0,0.0,2025-02-03
20,2025.0,6.0,Diphtheria,Akwa Ibom,1.0,0.0,0.0,2025-02-03
20,2025.0,6.0,Diphtheria,Anambra,1.0,0.0,0.0,2025-02-03
20,2025.0,6.0,Diphtheria,Bayelsa,15.0,0.0,0.0,2025-02-03
20,2025.0,6.0,Diphtheria,Benue,1.0,0.0,0.0,2025-02-03
20,2025.0,6.0,Diphtheria,Delta,2.0,0.0,0.0,2025-02-03
20,2025.0,6.0,Diphtheria,Ebonyi,1.0,0.0,0.0,2025-02-03
20,2025.0,6.0,Diphtheria,Kogi,40.0,0.0,0.0,2025-02-03
20,2025.0,6.0,Diphtheria,Kwara,1.0,0.0,0.0,2025-02-03
20,2025.0,6.0,Diphtheria,Ondo,2.0,0.0,0.0,2025-02-03
20,2025.0,6.0,Diphtheria,Oyo,16.0,0.0,0.0,2025-02-03
20,2025.0,6.0,Diphtheria,Rivers,2.0,0.0,0.0,2025-02-03
20,2025.0,6.0,Monkeypox,Rivers,25.0,14.0,56.0,2025-02-03
20,2025.0,6.0,Monkeypox,Bayelsa,19.0,11.0,57.89,2025-02-03
20,2025.0,6.0,Monkeypox,Lagos,4.0,1.0,25.0,2025-02-03
20,2025.0,6.0,Monkeypox,Delta,3.0,6.0,0.0,2025-02-03
20,2025.0,6.0,Monkeypox,Cross River,9.0,3.0,33.33,2025-02-03
20,2025.0,6.0,Monkeypox,Imo,5.0,2.0,40.0,2025-02-03
20,2025.0,6.0,Monkeypox,Akwa Ibom,6.0,0.0,0.0,2025-02-03
20,2025.0,6.0,Monkeypox,Oyo,1.0,3.0,0.0,2025-02-03
20,2025.0,6.0,Monkeypox,Edo,4.0,1.0,25.0,2025-02-03
20,2025.0,6.0,Monkeypox,Abuja,5.0,0.0,0.0,2025-02-03
20,2025.0,6.0,Monkeypox,Enugu,1.0,2.0,0.0,2025-02-03
20,2025.0,6.0,Monkeypox,Abia,1.0,2.0,0.0,2025-02-03
20,2025.0,6.0,Monkeypox,Plateau,0.0,2.0,0.0,2025-02-03
20,2025.0,6.0,Monkeypox,Nasarawa,1.0,1.0,100.0,2025-02-03
20,2025.0,6.0,Monkeypox,Benue,2.0,0.0,0.0,2025-02-03
20,2025.0,6.0,Monkeypox,Anambra,0.0,1.0,0.0,2025-02-03
20,2025.0,6.0,Monkeypox,Ekiti,2.0,0.0,0.0,2025-02-03
20,2025.0,6.0,Monkeypox,Ebonyi,0.0,0.0,0.0,2025-02-03
20,2022.0,5.0,COVID-19,Osun,3.0,0.0,0.0,2022-01-31
20,2022.0,5.0,COVID-19,Kogi,5.0,0.0,0.0,2022-01-31
20,2022.0,5.0,COVID-19,Kano,7.0,0.0,0.0,2022-01-31
20,2022.0,5.0,COVID-19,Yobe,9.0,0.0,0.0,2022-01-31
20,2022.0,5.0,COVID-19,Borno,12.0,0.0,0.0,2022-01-31
20,2022.0,5.0,COVID-19,Katsina,13.0,0.0,0.0,2022-01-31
20,2022.0,5.0,COVID-19,Cross River,15.0,0.0,0.0,2022-01-31
20,2022.0,5.0,COVID-19,Zamfara,16.0,0.0,0.0,2022-01-31
20,2022.0,5.0,COVID-19,Kwara,17.0,0.0,0.0,2022-01-31
20,2022.0,5.0,COVID-19,Lagos,23.0,0.0,0.0,2022-01-31
20,2022.0,5.0,COVID-19,Plateau,27.0,0.0,0.0,2022-01-31
20,2022.0,5.0,COVID-19,Kebbi,29.0,0.0,0.0,2022-01-31
20,2022.0,5.0,COVID-19,Enugu,30.0,0.0,0.0,2022-01-31
20,2022.0,5.0,COVID-19,Bauchi,32.0,0.0,0.0,2022-01-31
20,2022.0,5.0,COVID-19,Bayelsa,33.0,0.0,0.0,2022-01-31
20,2022.0,5.0,COVID-19,Taraba,39.0,0.0,0.0,2022-01-31
20,2022.0,5.0,COVID-19,Abia,41.0,0.0,0.0,2022-01-31
20,2022.0,5.0,COVID-19,Benue,42.0,0.0,0.0,2022-01-31
20,2022.0,5.0,COVID-19,Imo,43.0,0.0,0.0,2022-01-31
20,2022.0,5.0,COVID-19,Anambra,44.0,0.0,0.0,2022-01-31
20,2022.0,5.0,COVID-19,Ondo,45.0,0.0,0.0,2022-01-31
20,2022.0,5.0,COVID-19,Edo,46.0,0.0,0.0,2022-01-31
20,2022.0,5.0,COVID-19,Nasarawa,47.0,0.0,0.0,2022-01-31
20,2022.0,5.0,COVID-19,Niger,48.0,0.0,0.0,2022-01-31
20,2022.0,5.0,COVID-19,Sokoto,49.0,0.0,0.0,2022-01-31
20,2022.0,5.0,COVID-19,Kaduna,50.0,0.0,0.0,2022-01-31
20,2022.0,5.0,COVID-19,Ogun,51.0,0.0,0.0,2022-01-31
20,2022.0,5.0,COVID-19,Delta,52.0,0.0,0.0,2022-01-31
20,2022.0,5.0,COVID-19,Abuja,54.0,0.0,0.0,2022-01-31
20,2018.0,10.0,Yellow Fever,Zamfara,24.0,21.4,89.17,2018-03-05
20,2018.0,10.0,Yellow Fever,Kebbi,15.0,13.4,89.33,2018-03-05
20,2018.0,10.0,Yellow Fever,Kogi,17.0,15.2,89.41,2018-03-05
20,2018.0,10.0,Yellow Fever,Kwara,13.0,11.6,89.23,2018-03-05
20,2018.0,10.0,Yellow Fever,Borno,6.0,5.4,90.0,2018-03-05
20,2018.0,10.0,Yellow Fever,Plateau,5.0,4.5,90.0,2018-03-05
20,2018.0,10.0,Yellow Fever,Delta,4.0,3.6,90.0,2018-03-05
20,2018.0,10.0,Yellow Fever,Edo,4.0,3.6,90.0,2018-03-05
20,2018.0,10.0,Yellow Fever,Anambra,3.0,2.7,90.0,2018-03-05
20,2018.0,10.0,Yellow Fever,Rivers,2.0,1.8,90.0,2018-03-05
20,2018.0,10.0,Yellow Fever,Imo,2.0,1.8,90.0,2018-03-05
20,2018.0,10.0,Yellow Fever,Ondo,2.0,1.8,90.0,2018-03-05
20,2018.0,10.0,Yellow Fever,Katsina,2.0,1.8,90.0,2018-03-05
20,2018.0,10.0,Yellow Fever,Lagos,2.0,1.8,90.0,2018-03-05
20,2018.0,10.0,Yellow Fever,Niger,2.0,1.8,90.0,2018-03-05
20,2018.0,10.0,Yellow Fever,Abia,1.0,0.9,90.0,2018-03-05
20,2018.0,10.0,Yellow Fever,Enugu,1.0,0.9,90.0,2018-03-05
20,2018.0,10.0,Yellow Fever,Oyo,1.0,0.9,90.0,2018-03-05
20,2018.0,10.0,Yellow Fever,Nasarawa,1.0,0.9,90.0,2018-03-05
20,2018.0,10.0,Yellow Fever,Kano,1.0,0.9,90.0,2018-03-05
20,2018.0,10.0,Yellow Fever,Ebonyi,1.0,0.9,90.0,2018-03-05
20,2018.0,10.0,Yellow Fever,Jigawa,1.0,0.9,90.0,2018-03-05
20,2018.0,10.0,Yellow Fever,Abuja,1.0,0.9,90.0,2018-03-05
20,2025.0,18.0,COVID-19,Lagos,731.0,19.0,2.6,2025-05-02
20,2025.0,18.0,COVID-19,Abuja,141.0,3.0,2.13,2025-05-02
20,2025.0,18.0,COVID-19,Kano,77.0,1.0,1.3,2025-05-02
20,2025.0,18.0,COVID-19,Gombe,35.0,0.0,0.0,2025-05-02
20,2025.0,18.0,COVID-19,Ogun,35.0,1.0,2.86,2025-05-02
20,2025.0,18.0,COVID-19,Osun,34.0,2.0,5.88,2025-05-02
20,2025.0,18.0,COVID-19,Borno,30.0,2.0,6.67,2025-05-02
20,2025.0,18.0,COVID-19,Katsina,30.0,2.0,6.67,2025-05-02
20,2025.0,18.0,COVID-19,Edo,25.0,3.0,12.0,2025-05-02
20,2025.0,18.0,COVID-19,Oyo,21.0,2.0,9.52,2025-05-02
20,2025.0,18.0,COVID-19,Kaduna,15.0,0.0,0.0,2025-05-02
20,2025.0,18.0,COVID-19,Bauchi,14.0,0.0,0.0,2025-05-02
20,2025.0,18.0,COVID-19,Kwara,11.0,0.0,0.0,2025-05-02
20,2025.0,18.0,COVID-19,Sokoto,10.0,0.0,0.0,2025-05-02
20,2025.0,18.0,COVID-19,Ekiti,8.0,1.0,12.5,2025-05-02
20,2025.0,18.0,COVID-19,Ondo,8.0,0.0,0.0,2025-05-02
20,2025.0,18.0,COVID-19,Delta,6.0,1.0,16.67,2025-05-02
20,2025.0,18.0,COVID-19,Rivers,6.0,2.0,33.33,2025-05-02
20,2025.0,18.0,COVID-19,Taraba,6.0,0.0,0.0,2025-05-02
20,2025.0,18.0,COVID-19,Abia,2.0,0.0,0.0,2025-05-02
20,2025.0,18.0,COVID-19,Enugu,2.0,0.0,0.0,2025-05-02
20,2025.0,18.0,COVID-19,Jigawa,2.0,0.0,0.0,2025-05-02
20,2025.0,18.0,COVID-19,Niger,2.0,0.0,0.0,2025-05-02
20,2025.0,18.0,COVID-19,Zamfara,2.0,0.0,0.0,2025-05-02
20,2025.0,18.0,COVID-19,Adamawa,1.0,0.0,0.0,2025-05-02
20,2025.0,18.0,COVID-19,Anambra,1.0,0.0,0.0,2025-05-02
20,2025.0,18.0,COVID-19,Bayelsa,1.0,0.0,0.0,2025-05-02
20,2025.0,18.0,COVID-19,Benue,1.0,0.0,0.0,2025-05-02
20,2025.0,18.0,COVID-19,Ebonyi,1.0,0.0,0.0,2025-05-02
20,2025.0,18.0,COVID-19,Imo,1.0,0.0,0.0,2025-05-02
20,2025.0,18.0,COVID-19,Kebbi,1.0,0.0,0.0,2025-05-02
20,2025.0,18.0,COVID-19,Plateau,1.0,0.0,0.0,2025-05-02
20,2022.0,16.0,COVID-19,Osun,4.0,0.0,0.0,2022-04-18
20,2022.0,16.0,COVID-19,Kogi,6.0,0.0,0.0,2022-04-18
20,2022.0,16.0,COVID-19,Kano,8.0,0.0,0.0,2022-04-18
20,2022.0,16.0,COVID-19,Yobe,10.0,0.0,0.0,2022-04-18
20,2022.0,16.0,COVID-19,Borno,13.0,0.0,0.0,2022-04-18
20,2022.0,16.0,COVID-19,Katsina,14.0,0.0,0.0,2022-04-18
20,2022.0,16.0,COVID-19,Zamfara,17.0,0.0,0.0,2022-04-18
20,2022.0,16.0,COVID-19,Kwara,18.0,0.0,0.0,2022-04-18
20,2022.0,16.0,COVID-19,Plateau,28.0,0.0,0.0,2022-04-18
20,2022.0,16.0,COVID-19,Kebbi,30.0,0.0,0.0,2022-04-18
20,2022.0,16.0,COVID-19,Enugu,31.0,0.0,0.0,2022-04-18
20,2022.0,16.0,COVID-19,Bauchi,33.0,0.0,0.0,2022-04-18
20,2022.0,16.0,COVID-19,Bayelsa,34.0,0.0,0.0,2022-04-18
20,2022.0,16.0,COVID-19,Taraba,40.0,0.0,0.0,2022-04-18
20,2022.0,16.0,COVID-19,Abia,42.0,0.0,0.0,2022-04-18
20,2022.0,16.0,COVID-19,Imo,44.0,0.0,0.0,2022-04-18
20,2022.0,16.0,COVID-19,Anambra,45.0,0.0,0.0,2022-04-18
20,2022.0,16.0,COVID-19,Ondo,46.0,0.0,0.0,2022-04-18
20,2022.0,16.0,COVID-19,Edo,47.0,0.0,0.0,2022-04-18
20,2022.0,16.0,COVID-19,Nasarawa,48.0,0.0,0.0,2022-04-18
20,2022.0,16.0,COVID-19,Niger,49.0,0.0,0.0,2022-04-18
20,2022.0,16.0,COVID-19,Sokoto,50.0,0.0,0.0,2022-04-18
20,2022.0,16.0,COVID-19,Kaduna,51.0,0.0,0.0,2022-04-18
20,2022.0,16.0,COVID-19,Delta,53.0,0.0,0.0,2022-04-18
20,2022.0,16.0,COVID-19,Ogun,54.0,0.0,0.0,2022-04-18
20,2022.0,16.0,COVID-19,Ebonyi,55.0,0.0,0.0,2022-04-18
20,2022.0,16.0,COVID-19,Oyo,56.0,0.0,0.0,2022-04-18
20,2022.0,16.0,COVID-19,Abuja,57.0,0.0,0.0,2022-04-18
20,2022.0,16.0,COVID-19,Cross River,58.0,0.0,0.0,2022-04-18
20,2022.0,16.0,COVID-19,Lagos,59.0,0.0,0.0,2022-04-18
20,2022.0,16.0,COVID-19,Benue,60.0,0.0,0.0,2022-04-18
20,2022.0,40.0,Monkeypox,Lagos,4.0,1.0,25.0,2022-10-03
20,2022.0,40.0,Monkeypox,Rivers,25.0,14.0,56.0,2022-10-03
20,2022.0,40.0,Monkeypox,Bayelsa,19.0,11.0,57.89,2022-10-03
20,2022.0,40.0,Monkeypox,Delta,3.0,6.0,0.0,2022-10-03
20,2022.0,40.0,Monkeypox,Abia,1.0,2.0,0.0,2022-10-03
20,2022.0,40.0,Monkeypox,Imo,5.0,2.0,40.0,2022-10-03
20,2022.0,40.0,Monkeypox,Edo,4.0,1.0,25.0,2022-10-03
20,2022.0,40.0,Monkeypox,Ondo,0.0,0.0,0.0,2022-10-03
20,2022.0,40.0,Monkeypox,Abuja,5.0,0.0,0.0,2022-10-03
20,2022.0,40.0,Monkeypox,Cross River,9.0,3.0,33.33,2022-10-03
20,2022.0,40.0,Monkeypox,Ogun,0.0,0.0,0.0,2022-10-03
20,2022.0,40.0,Monkeypox,Anambra,0.0,1.0,0.0,2022-10-03
20,2022.0,40.0,Monkeypox,Adamawa,0.0,0.0,0.0,2022-10-03
20,2022.0,40.0,Monkeypox,Oyo,1.0,3.0,0.0,2022-10-03
20,2022.0,40.0,Monkeypox,Akwa Ibom,6.0,0.0,0.0,2022-10-03
20,2022.0,40.0,Monkeypox,Nasarawa,1.0,1.0,100.0,2022-10-03
20,2022.0,40.0,Monkeypox,Benue,2.0,0.0,0.0,2022-10-03
20,2022.0,40.0,Monkeypox,Plateau,0.0,2.0,0.0,2022-10-03
20,2022.0,40.0,Monkeypox,Ebonyi,0.0,0.0,0.0,2022-10-03
20,2022.0,40.0,Monkeypox,Kaduna,0.0,0.0,0.0,2022-10-03
20,2022.0,40.0,Monkeypox,Borno,0.0,0.0,0.0,2022-10-03
20,2022.0,40.0,Monkeypox,Kwara,0.0,0.0,0.0,2022-10-03
20,2022.0,40.0,Monkeypox,Taraba,0.0,0.0,0.0,2022-10-03
20,2022.0,40.0,Monkeypox,Katsina,0.0,0.0,0.0,2022-10-03
20,2022.0,40.0,Monkeypox,Kano,0.0,0.0,0.0,2022-10-03
20,2022.0,40.0,Monkeypox,Gombe,0.0,0.0,0.0,2022-10-03
20,2022.0,40.0,Monkeypox,Enugu,1.0,2.0,0.0,2022-10-03
20,2022.0,40.0,Monkeypox,Kogi,0.0,0.0,0.0,2022-10-03
20,2022.0,40.0,Monkeypox,Osun,0.0,0.0,0.0,2022-10-03
20,2022.0,40.0,Monkeypox,Niger,0.0,0.0,0.0,2022-10-03
20,2022.0,40.0,Monkeypox,Ekiti,2.0,0.0,0.0,2022-10-03
20,2022.0,40.0,Monkeypox,Kebbi,0.0,0.0,0.0,2022-10-03
20,2022.0,40.0,Monkeypox,Bauchi,0.0,0.0,0.0,2022-10-03
20,2022.0,31.0,Monkeypox,Rivers,25.0,14.0,56.0,2022-08-01
20,2022.0,31.0,Monkeypox,Bayelsa,19.0,11.0,57.89,2022-08-01
20,2022.0,31.0,Monkeypox,Lagos,4.0,1.0,25.0,2022-08-01
20,2022.0,31.0,Monkeypox,Delta,3.0,6.0,0.0,2022-08-01
20,2022.0,31.0,Monkeypox,Cross River,9.0,3.0,33.33,2022-08-01
20,2022.0,31.0,Monkeypox,Imo,5.0,2.0,40.0,2022-08-01
20,2022.0,31.0,Monkeypox,Akwa Ibom,6.0,0.0,0.0,2022-08-01
20,2022.0,31.0,Monkeypox,Oyo,1.0,3.0,0.0,2022-08-01
20,2022.0,31.0,Monkeypox,Edo,4.0,1.0,25.0,2022-08-01
20,2022.0,31.0,Monkeypox,Abuja,5.0,0.0,0.0,2022-08-01
20,2022.0,31.0,Monkeypox,Enugu,1.0,2.0,0.0,2022-08-01
20,2022.0,31.0,Monkeypox,Abia,1.0,2.0,0.0,2022-08-01
20,2022.0,31.0,Monkeypox,Plateau,0.0,2.0,0.0,2022-08-01
20,2022.0,31.0,Monkeypox,Nasarawa,1.0,1.0,100.0,2022-08-01
20,2022.0,31.0,Monkeypox,Benue,2.0,0.0,0.0,2022-08-01
20,2022.0,31.0,Monkeypox,Anambra,0.0,1.0,0.0,2022-08-01
20,2022.0,31.0,Monkeypox,Ekiti,2.0,0.0,0.0,2022-08-01
20,2022.0,31.0,Monkeypox,Ebonyi,0.0,0.0,0.0,2022-08-01
20,2022.0,31.0,Monkeypox,Niger,0.0,0.0,0.0,2022-08-01
20,2022.0,31.0,Monkeypox,Ogun,0.0,0.0,0.0,2022-08-01
20,2022.0,31.0,Monkeypox,Adamawa,0.0,0.0,0.0,2022-08-01
20,2022.0,31.0,Monkeypox,Kano,0.0,0.0,0.0,2022-08-01
20,2022.0,31.0,Monkeypox,Ondo,0.0,0.0,0.0,2022-08-01
20,2022.0,31.0,Monkeypox,Taraba,0.0,0.0,0.0,2022-08-01
20,2022.0,31.0,Monkeypox,Katsina,0.0,0.0,0.0,2022-08-01
20,2022.0,31.0,Monkeypox,Kwara,0.0,0.0,0.0,2022-08-01
20,2022.0,31.0,Monkeypox,Borno,0.0,0.0,0.0,2022-08-01
20,2022.0,31.0,Monkeypox,Gombe,0.0,0.0,0.0,2022-08-01
20,2022.0,31.0,Monkeypox,Kogi,0.0,0.0,0.0,2022-08-01
20,2022.0,31.0,Monkeypox,Bauchi,0.0,0.0,0.0,2022-08-01
20,2025.0,10.0,COVID-19,Katsina,4.0,1.0,25.0,2025-03-07
20,2025.0,10.0,COVID-19,Delta,3.0,1.0,33.33,2025-03-07
20,2025.0,10.0,COVID-19,Kwara,2.0,0.0,0.0,2025-03-07
20,2025.0,10.0,COVID-19,Anambra,1.0,0.0,0.0,2025-03-07
20,2025.0,10.0,COVID-19,Niger,1.0,0.0,0.0,2025-03-07
20,2025.0,10.0,COVID-19,Kano,1.0,0.0,0.0,2025-03-07
2,2024.0,35.0,Monkeypox,Akwa Ibom,2.0,0.0,0.0,2024-08-26
1,2024.0,35.0,Monkeypox,Abia,1.0,0.0,0.0,2024-08-26
1,2024.0,35.0,Monkeypox,Delta,1.0,0.0,0.0,2024-08-26
1,2024.0,35.0,Monkeypox,Plateau,1.0,0.0,0.0,2024-08-26
20,2022.0,36.0,Monkeypox,Lagos,4.0,1.0,25.0,2022-09-05
20,2022.0,36.0,Monkeypox,Rivers,25.0,14.0,56.0,2022-09-05
20,2022.0,36.0,Monkeypox,Bayelsa,19.0,11.0,57.89,2022-09-05
20,2022.0,36.0,Monkeypox,Delta,3.0,6.0,0.0,2022-09-05
20,2022.0,36.0,Monkeypox,Edo,4.0,1.0,25.0,2022-09-05
20,2022.0,36.0,Monkeypox,Abia,1.0,2.0,0.0,2022-09-05
20,2022.0,36.0,Monkeypox,Imo,5.0,2.0,40.0,2022-09-05
20,2022.0,36.0,Monkeypox,Ondo,0.0,0.0,0.0,2022-09-05
20,2022.0,36.0,Monkeypox,Cross River,9.0,3.0,33.33,2022-09-05
20,2022.0,36.0,Monkeypox,Abuja,5.0,0.0,0.0,2022-09-05
20,2022.0,36.0,Monkeypox,Ogun,0.0,0.0,0.0,2022-09-05
20,2022.0,36.0,Monkeypox,Adamawa,0.0,0.0,0.0,2022-09-05
20,2022.0,36.0,Monkeypox,Anambra,0.0,1.0,0.0,2022-09-05
20,2022.0,36.0,Monkeypox,Oyo,1.0,3.0,0.0,2022-09-05
20,2022.0,36.0,Monkeypox,Akwa Ibom,6.0,0.0,0.0,2022-09-05
20,2022.0,36.0,Monkeypox,Nasarawa,1.0,1.0,100.0,2022-09-05
20,2022.0,36.0,Monkeypox,Plateau,0.0,2.0,0.0,2022-09-05
20,2022.0,36.0,Monkeypox,Ebonyi,0.0,0.0,0.0,2022-09-05
20,2022.0,36.0,Monkeypox,Taraba,0.0,0.0,0.0,2022-09-05
20,2022.0,36.0,Monkeypox,Katsina,0.0,0.0,0.0,2022-09-05
20,2022.0,36.0,Monkeypox,Benue,2.0,0.0,0.0,2022-09-05
20,2022.0,36.0,Monkeypox,Borno,0.0,0.0,0.0,2022-09-05
20,2022.0,36.0,Monkeypox,Kano,0.0,0.0,0.0,2022-09-05
20,2022.0,36.0,Monkeypox,Kwara,0.0,0.0,0.0,2022-09-05
20,2022.0,36.0,Monkeypox,Gombe,0.0,0.0,0.0,2022-09-05
20,2022.0,36.0,Monkeypox,Enugu,1.0,2.0,0.0,2022-09-05
20,2022.0,36.0,Monkeypox,Kogi,0.0,0.0,0.0,2022-09-05
20,2022.0,36.0,Monkeypox,Osun,0.0,0.0,0.0,2022-09-05
20,2022.0,36.0,Monkeypox,Kaduna,0.0,0.0,0.0,2022-09-05
20,2022.0,36.0,Monkeypox,Niger,0.0,0.0,0.0,2022-09-05
20,2022.0,36.0,Monkeypox,Ekiti,2.0,0.0,0.0,2022-09-05
20,2022.0,36.0,Monkeypox,Bauchi,0.0,0.0,0.0,2022-09-05
20,2022.0,21.0,COVID-19,Osun,4.0,0.0,0.0,2022-05-23
20,2022.0,21.0,COVID-19,Kogi,6.0,0.0,0.0,2022-05-23
20,2022.0,21.0,COVID-19,Kano,8.0,0.0,0.0,2022-05-23
20,2022.0,21.0,COVID-19,Yobe,10.0,0.0,0.0,2022-05-23
20,2022.0,21.0,COVID-19,Borno,13.0,0.0,0.0,2022-05-23
20,2022.0,21.0,COVID-19,Katsina,14.0,0.0,0.0,2022-05-23
20,2022.0,21.0,COVID-19,Zamfara,17.0,0.0,0.0,2022-05-23
20,2022.0,21.0,COVID-19,Kwara,18.0,0.0,0.0,2022-05-23
20,2022.0,21.0,COVID-19,Plateau,28.0,0.0,0.0,2022-05-23
20,2022.0,21.0,COVID-19,Kebbi,30.0,0.0,0.0,2022-05-23
20,2022.0,21.0,COVID-19,Enugu,31.0,0.0,0.0,2022-05-23
20,2022.0,21.0,COVID-19,Bauchi,33.0,0.0,0.0,2022-05-23
20,2022.0,21.0,COVID-19,Bayelsa,34.0,0.0,0.0,2022-05-23
20,2022.0,21.0,COVID-19,Taraba,40.0,0.0,0.0,2022-05-23
20,2022.0,21.0,COVID-19,Abia,42.0,0.0,0.0,2022-05-23
20,2022.0,21.0,COVID-19,Imo,44.0,0.0,0.0,2022-05-23
20,2022.0,21.0,COVID-19,Anambra,45.0,0.0,0.0,2022-05-23
20,2022.0,21.0,COVID-19,Ondo,46.0,0.0,0.0,2022-05-23
20,2022.0,21.0,COVID-19,Edo,47.0,0.0,0.0,2022-05-23
20,2022.0,21.0,COVID-19,Nasarawa,48.0,0.0,0.0,2022-05-23
20,2022.0,21.0,COVID-19,Niger,49.0,0.0,0.0,2022-05-23
20,2022.0,21.0,COVID-19,Sokoto,50.0,0.0,0.0,2022-05-23
20,2022.0,21.0,COVID-19,Kaduna,51.0,0.0,0.0,2022-05-23
20,2022.0,21.0,COVID-19,Delta,53.0,0.0,0.0,2022-05-23
20,2022.0,21.0,COVID-19,Ogun,54.0,0.0,0.0,2022-05-23
20,2022.0,21.0,COVID-19,Ebonyi,55.0,0.0,0.0,2022-05-23
20,2022.0,21.0,COVID-19,Oyo,56.0,0.0,0.0,2022-05-23
20,2022.0,21.0,COVID-19,Abuja,57.0,0.0,0.0,2022-05-23
20,2022.0,21.0,COVID-19,Cross River,58.0,0.0,0.0,2022-05-23
20,2022.0,21.0,COVID-19,Lagos,59.0,0.0,0.0,2022-05-23
20,2022.0,21.0,COVID-19,Benue,60.0,0.0,0.0,2022-05-23
20,2025.0,10.0,COVID-19,Lagos,109.0,1.0,0.92,2025-03-04
20,2025.0,10.0,COVID-19,Abuja,43.0,2.0,4.65,2025-03-04
20,2025.0,10.0,COVID-19,Osun,20.0,0.0,0.0,2025-03-04
20,2025.0,10.0,COVID-19,Oyo,9.0,0.0,0.0,2025-03-04
20,2025.0,10.0,COVID-19,Edo,7.0,1.0,14.29,2025-03-04
20,2025.0,10.0,COVID-19,Bauchi,6.0,0.0,0.0,2025-03-04
20,2025.0,10.0,COVID-19,Akwa Ibom,5.0,0.0,0.0,2025-03-04
20,2025.0,10.0,COVID-19,Ogun,4.0,0.0,0.0,2025-03-04
20,2025.0,10.0,COVID-19,Kaduna,4.0,0.0,0.0,2025-03-04
20,2025.0,10.0,COVID-19,Enugu,2.0,0.0,0.0,2025-03-04
20,2025.0,10.0,COVID-19,Ekiti,2.0,0.0,0.0,2025-03-04
20,2025.0,10.0,COVID-19,Benue,1.0,0.0,0.0,2025-03-04
20,2025.0,10.0,COVID-19,Rivers,1.0,0.0,0.0,2025-03-04
20,2025.0,10.0,COVID-19,Ondo,1.0,0.0,0.0,2025-03-04
44,2018.0,1.0,Measles,Adamawa,38.0,0.0,0.0,2018-12-31
2,2018.0,1.0,Measles,Anambra,20.0,0.0,0.0,2018-12-31
11,2018.0,1.0,Measles,Borno,196.0,0.0,0.0,2018-12-31
2,2018.0,1.0,Measles,Enugu,13.0,0.0,0.0,2018-12-31
4,2018.0,1.0,Measles,Imo,0.0,0.0,0.0,2018-12-31
10,2018.0,1.0,Measles,Kaduna,39.0,0.0,0.0,2018-12-31
21,2018.0,1.0,Measles,Kano,44.0,0.0,0.0,2018-12-31
62,2018.0,1.0,Measles,Katsina,267.0,0.0,0.0,2018-12-31
1,2018.0,1.0,Measles,Kebbi,31.0,0.0,0.0,2018-12-31
1,2018.0,1.0,Measles,Plateau,8.0,0.0,0.0,2018-12-31
2,2018.0,1.0,Measles,Sokoto,83.0,0.0,0.0,2018-12-31
10,2018.0,1.0,Measles,Yobe,98.0,0.0,0.0,2018-12-31
0,2019.0,1.0,Measles,Adamawa,16.0,0.0,0.0,2019-12-30
0,2019.0,1.0,Measles,Akwa Ibom,18.0,0.0,0.0,2019-12-30
0,2019.0,1.0,Measles,Borno,165.0,0.0,0.0,2019-12-30
0,2019.0,1.0,Measles,Cross River,3.0,0.0,0.0,2019-12-30
0,2019.0,1.0,Measles,Kaduna,52.0,0.0,0.0,2019-12-30
0,2019.0,1.0,Measles,Kano,7.0,0.0,0.0,2019-12-30
0,2019.0,1.0,Measles,Katsina,356.0,0.0,0.0,2019-12-30
5,2019.0,1.0,Measles,Sokoto,324.0,5.0,1.54,2019-12-30
0,2019.0,1.0,Measles,Yobe,88.0,0.0,0.0,2019-12-30
20,2022.0,6.0,COVID-19,Osun,3.0,0.0,0.0,2022-02-07
20,2022.0,6.0,COVID-19,Kogi,5.0,0.0,0.0,2022-02-07
20,2022.0,6.0,COVID-19,Kano,7.0,0.0,0.0,2022-02-07
20,2022.0,6.0,COVID-19,Yobe,9.0,0.0,0.0,2022-02-07
20,2022.0,6.0,COVID-19,Borno,12.0,0.0,0.0,2022-02-07
20,2022.0,6.0,COVID-19,Katsina,13.0,0.0,0.0,2022-02-07
20,2022.0,6.0,COVID-19,Cross River,15.0,0.0,0.0,2022-02-07
20,2022.0,6.0,COVID-19,Zamfara,16.0,0.0,0.0,2022-02-07
20,2022.0,6.0,COVID-19,Kwara,17.0,0.0,0.0,2022-02-07
20,2022.0,6.0,COVID-19,Lagos,23.0,0.0,0.0,2022-02-07
20,2022.0,6.0,COVID-19,Plateau,27.0,0.0,0.0,2022-02-07
20,2022.0,6.0,COVID-19,Kebbi,29.0,0.0,0.0,2022-02-07
20,2022.0,6.0,COVID-19,Enugu,30.0,0.0,0.0,2022-02-07
20,2022.0,6.0,COVID-19,Bauchi,32.0,0.0,0.0,2022-02-07
20,2022.0,6.0,COVID-19,Bayelsa,33.0,0.0,0.0,2022-02-07
20,2022.0,6.0,COVID-19,Taraba,39.0,0.0,0.0,2022-02-07
20,2022.0,6.0,COVID-19,Abia,41.0,0.0,0.0,2022-02-07
20,2022.0,6.0,COVID-19,Benue,42.0,0.0,0.0,2022-02-07
20,2022.0,6.0,COVID-19,Imo,43.0,0.0,0.0,2022-02-07
20,2022.0,6.0,COVID-19,Anambra,44.0,0.0,0.0,2022-02-07
20,2022.0,6.0,COVID-19,Ondo,45.0,0.0,0.0,2022-02-07
20,2022.0,6.0,COVID-19,Edo,46.0,0.0,0.0,2022-02-07
20,2022.0,6.0,COVID-19,Nasarawa,47.0,0.0,0.0,2022-02-07
20,2022.0,6.0,COVID-19,Niger,48.0,0.0,0.0,2022-02-07
20,2022.0,6.0,COVID-19,Sokoto,49.0,0.0,0.0,2022-02-07
20,2022.0,6.0,COVID-19,Kaduna,50.0,0.0,0.0,2022-02-07
20,2022.0,6.0,COVID-19,Ogun,51.0,0.0,0.0,2022-02-07
20,2022.0,6.0,COVID-19,Delta,52.0,0.0,0.0,2022-02-07
20,2022.0,6.0,COVID-19,Abuja,54.0,0.0,0.0,2022-02-07
20,2025.0,36.0,COVID-19,Edo,0.0,0.0,0.0,2025-09-06
20,2025.0,36.0,COVID-19,Enugu,0.0,0.0,0.0,2025-09-06
20,2025.0,36.0,COVID-19,Abuja,0.0,0.0,0.0,2025-09-06
20,2025.0,36.0,COVID-19,Kano,0.0,0.0,0.0,2025-09-06
20,2025.0,36.0,COVID-19,Lagos,0.0,0.0,0.0,2025-09-06
20,2025.0,36.0,COVID-19,Rivers,0.0,0.0,0.0,2025-09-06
20,2025.0,36.0,COVID-19,Yobe,0.0,0.0,0.0,2025-09-06
20,2022.0,9.0,COVID-19,Kogi,6.0,0.0,0.0,2022-02-28
20,2022.0,9.0,COVID-19,Kano,8.0,0.0,0.0,2022-02-28
20,2022.0,9.0,COVID-19,Yobe,10.0,0.0,0.0,2022-02-28
20,2022.0,9.0,COVID-19,Borno,13.0,0.0,0.0,2022-02-28
20,2022.0,9.0,COVID-19,Katsina,14.0,0.0,0.0,2022-02-28
20,2022.0,9.0,COVID-19,Zamfara,17.0,0.0,0.0,2022-02-28
20,2022.0,9.0,COVID-19,Kwara,18.0,0.0,0.0,2022-02-28
20,2022.0,9.0,COVID-19,Plateau,28.0,0.0,0.0,2022-02-28
20,2022.0,9.0,COVID-19,Kebbi,30.0,0.0,0.0,2022-02-28
20,2022.0,9.0,COVID-19,Enugu,31.0,0.0,0.0,2022-02-28
20,2022.0,9.0,COVID-19,Bauchi,33.0,0.0,0.0,2022-02-28
20,2022.0,9.0,COVID-19,Bayelsa,34.0,0.0,0.0,2022-02-28
20,2022.0,9.0,COVID-19,Taraba,40.0,0.0,0.0,2022-02-28
20,2022.0,9.0,COVID-19,Abia,42.0,0.0,0.0,2022-02-28
20,2022.0,9.0,COVID-19,Imo,44.0,0.0,0.0,2022-02-28
20,2022.0,9.0,COVID-19,Anambra,45.0,0.0,0.0,2022-02-28
20,2022.0,9.0,COVID-19,Ondo,46.0,0.0,0.0,2022-02-28
20,2022.0,9.0,COVID-19,Edo,47.0,0.0,0.0,2022-02-28
20,2022.0,9.0,COVID-19,Nasarawa,48.0,0.0,0.0,2022-02-28
20,2022.0,9.0,COVID-19,Niger,49.0,0.0,0.0,2022-02-28
20,2022.0,9.0,COVID-19,Sokoto,50.0,0.0,0.0,2022-02-28
20,2022.0,9.0,COVID-19,Kaduna,51.0,0.0,0.0,2022-02-28
20,2022.0,9.0,COVID-19,Ogun,52.0,0.0,0.0,2022-02-28
20,2022.0,9.0,COVID-19,Delta,53.0,0.0,0.0,2022-02-28
20,2022.0,9.0,COVID-19,Osun,54.0,0.0,0.0,2022-02-28
20,2022.0,9.0,COVID-19,Ebonyi,55.0,0.0,0.0,2022-02-28
20,2022.0,9.0,COVID-19,Oyo,56.0,0.0,0.0,2022-02-28
20,2022.0,9.0,COVID-19,Abuja,57.0,0.0,0.0,2022-02-28
20,2022.0,9.0,COVID-19,Cross River,58.0,0.0,0.0,2022-02-28
20,2022.0,9.0,COVID-19,Lagos,59.0,0.0,0.0,2022-02-28
20,2022.0,9.0,COVID-19,Benue,60.0,0.0,0.0,2022-02-28
1,2024.0,29.0,Monkeypox,Ebonyi,1.0,0.0,0.0,2024-07-15
1,2024.0,29.0,Monkeypox,Enugu,1.0,0.0,0.0,2024-07-15
20,2022.0,7.0,COVID-19,Kogi,5.0,0.0,0.0,2022-02-14
20,2022.0,7.0,COVID-19,Kano,7.0,0.0,0.0,2022-02-14
20,2022.0,7.0,COVID-19,Yobe,9.0,0.0,0.0,2022-02-14
20,2022.0,7.0,COVID-19,Borno,12.0,0.0,0.0,2022-02-14
20,2022.0,7.0,COVID-19,Katsina,13.0,0.0,0.0,2022-02-14
20,2022.0,7.0,COVID-19,Cross River,15.0,0.0,0.0,2022-02-14
20,2022.0,7.0,COVID-19,Zamfara,16.0,0.0,0.0,2022-02-14
20,2022.0,7.0,COVID-19,Kwara,17.0,0.0,0.0,2022-02-14
20,2022.0,7.0,COVID-19,Lagos,23.0,0.0,0.0,2022-02-14
20,2022.0,7.0,COVID-19,Plateau,27.0,0.0,0.0,2022-02-14
20,2022.0,7.0,COVID-19,Kebbi,29.0,0.0,0.0,2022-02-14
20,2022.0,7.0,COVID-19,Enugu,30.0,0.0,0.0,2022-02-14
20,2022.0,7.0,COVID-19,Bauchi,32.0,0.0,0.0,2022-02-14
20,2022.0,7.0,COVID-19,Bayelsa,33.0,0.0,0.0,2022-02-14
20,2022.0,7.0,COVID-19,Taraba,39.0,0.0,0.0,2022-02-14
20,2022.0,7.0,COVID-19,Abia,41.0,0.0,0.0,2022-02-14
20,2022.0,7.0,COVID-19,Benue,42.0,0.0,0.0,2022-02-14
20,2022.0,7.0,COVID-19,Imo,43.0,0.0,0.0,2022-02-14
20,2022.0,7.0,COVID-19,Anambra,44.0,0.0,0.0,2022-02-14
20,2022.0,7.0,COVID-19,Ondo,45.0,0.0,0.0,2022-02-14
20,2022.0,7.0,COVID-19,Edo,46.0,0.0,0.0,2022-02-14
20,2022.0,7.0,COVID-19,Nasarawa,47.0,0.0,0.0,2022-02-14
20,2022.0,7.0,COVID-19,Niger,48.0,0.0,0.0,2022-02-14
20,2022.0,7.0,COVID-19,Sokoto,49.0,0.0,0.0,2022-02-14
20,2022.0,7.0,COVID-19,Kaduna,50.0,0.0,0.0,2022-02-14
20,2022.0,7.0,COVID-19,Ogun,51.0,0.0,0.0,2022-02-14
20,2022.0,7.0,COVID-19,Delta,52.0,0.0,0.0,2022-02-14
20,2022.0,7.0,COVID-19,Osun,53.0,0.0,0.0,2022-02-14
20,2022.0,7.0,COVID-19,Ebonyi,54.0,0.0,0.0,2022-02-14
20,2025.0,46.0,COVID-19,Lagos,376.0,13.0,3.46,2025-11-10
20,2025.0,46.0,COVID-19,Abuja,88.0,2.0,2.27,2025-11-10
20,2025.0,46.0,COVID-19,Kano,36.0,1.0,2.78,2025-11-10
20,2025.0,46.0,COVID-19,Osun,20.0,0.0,0.0,2025-11-10
20,2025.0,46.0,COVID-19,Oyo,16.0,0.0,0.0,2025-11-10
20,2025.0,46.0,COVID-19,Edo,15.0,1.0,6.67,2025-11-10
20,2025.0,46.0,COVID-19,Ogun,12.0,0.0,0.0,2025-11-10
20,2025.0,46.0,COVID-19,Katsina,12.0,1.0,8.33,2025-11-10
20,2025.0,46.0,COVID-19,Kwara,9.0,0.0,0.0,2025-11-10
20,2025.0,46.0,COVID-19,Akwa Ibom,9.0,1.0,11.11,2025-11-10
20,2025.0,46.0,COVID-19,Bauchi,7.0,0.0,0.0,2025-11-10
20,2025.0,46.0,COVID-19,Kaduna,6.0,0.0,0.0,2025-11-10
20,2025.0,46.0,COVID-19,Delta,4.0,1.0,25.0,2025-11-10
20,2025.0,46.0,COVID-19,Ekiti,3.0,0.0,0.0,2025-11-10
20,2025.0,46.0,COVID-19,Ondo,3.0,0.0,0.0,2025-11-10
20,2025.0,46.0,COVID-19,Rivers,2.0,0.0,0.0,2025-11-10
20,2025.0,46.0,COVID-19,Niger,2.0,0.0,0.0,2025-11-10
20,2025.0,46.0,COVID-19,Enugu,2.0,0.0,0.0,2025-11-10
20,2025.0,46.0,COVID-19,Jigawa,2.0,0.0,0.0,2025-11-10
20,2025.0,46.0,COVID-19,Benue,1.0,0.0,0.0,2025-11-10
20,2025.0,46.0,COVID-19,Anambra,1.0,0.0,0.0,2025-11-10
20,2022.0,39.0,Monkeypox,Lagos,4.0,1.0,25.0,2022-09-26
20,2022.0,39.0,Monkeypox,Rivers,25.0,14.0,56.0,2022-09-26
20,2022.0,39.0,Monkeypox,Bayelsa,19.0,11.0,57.89,2022-09-26
20,2022.0,39.0,Monkeypox,Delta,3.0,6.0,0.0,2022-09-26
20,2022.0,39.0,Monkeypox,Abia,1.0,2.0,0.0,2022-09-26
20,2022.0,39.0,Monkeypox,Imo,5.0,2.0,40.0,2022-09-26
20,2022.0,39.0,Monkeypox,Edo,4.0,1.0,25.0,2022-09-26
20,2022.0,39.0,Monkeypox,Ondo,0.0,0.0,0.0,2022-09-26
20,2022.0,39.0,Monkeypox,Abuja,5.0,0.0,0.0,2022-09-26
20,2022.0,39.0,Monkeypox,Cross River,9.0,3.0,33.33,2022-09-26
20,2022.0,39.0,Monkeypox,Ogun,0.0,0.0,0.0,2022-09-26
20,2022.0,39.0,Monkeypox,Anambra,0.0,1.0,0.0,2022-09-26
20,2022.0,39.0,Monkeypox,Adamawa,0.0,0.0,0.0,2022-09-26
20,2022.0,39.0,Monkeypox,Oyo,1.0,3.0,0.0,2022-09-26
20,2022.0,39.0,Monkeypox,Nasarawa,1.0,1.0,100.0,2022-09-26
20,2022.0,39.0,Monkeypox,Akwa Ibom,6.0,0.0,0.0,2022-09-26
20,2022.0,39.0,Monkeypox,Benue,2.0,0.0,0.0,2022-09-26
20,2022.0,39.0,Monkeypox,Plateau,0.0,2.0,0.0,2022-09-26
20,2022.0,39.0,Monkeypox,Borno,0.0,0.0,0.0,2022-09-26
20,2022.0,39.0,Monkeypox,Kaduna,0.0,0.0,0.0,2022-09-26
20,2022.0,39.0,Monkeypox,Kwara,0.0,0.0,0.0,2022-09-26
20,2022.0,39.0,Monkeypox,Taraba,0.0,0.0,0.0,2022-09-26
20,2022.0,39.0,Monkeypox,Katsina,0.0,0.0,0.0,2022-09-26
20,2022.0,39.0,Monkeypox,Ebonyi,0.0,0.0,0.0,2022-09-26
20,2022.0,39.0,Monkeypox,Kano,0.0,0.0,0.0,2022-09-26
20,2022.0,39.0,Monkeypox,Gombe,0.0,0.0,0.0,2022-09-26
20,2022.0,39.0,Monkeypox,Enugu,1.0,2.0,0.0,2022-09-26
20,2022.0,39.0,Monkeypox,Kogi,0.0,0.0,0.0,2022-09-26
20,2022.0,39.0,Monkeypox,Osun,0.0,0.0,0.0,2022-09-26
20,2022.0,39.0,Monkeypox,Niger,0.0,0.0,0.0,2022-09-26
20,2022.0,39.0,Monkeypox,Ekiti,2.0,0.0,0.0,2022-09-26
20,2022.0,39.0,Monkeypox,Kebbi,0.0,0.0,0.0,2022-09-26
20,2022.0,39.0,Monkeypox,Bauchi,0.0,0.0,0.0,2022-09-26
20,2022.0,27.0,COVID-19,Osun,4.0,0.0,0.0,2022-07-04
20,2022.0,27.0,COVID-19,Kogi,6.0,0.0,0.0,2022-07-04
20,2022.0,27.0,COVID-19,Kano,8.0,0.0,0.0,2022-07-04
20,2022.0,27.0,COVID-19,Yobe,10.0,0.0,0.0,2022-07-04
20,2022.0,27.0,COVID-19,Borno,13.0,0.0,0.0,2022-07-04
20,2022.0,27.0,COVID-19,Katsina,14.0,0.0,0.0,2022-07-04
20,2022.0,27.0,COVID-19,Zamfara,17.0,0.0,0.0,2022-07-04
20,2022.0,27.0,COVID-19,Kwara,18.0,0.0,0.0,2022-07-04
20,2022.0,27.0,COVID-19,Plateau,28.0,0.0,0.0,2022-07-04
20,2022.0,27.0,COVID-19,Kebbi,30.0,0.0,0.0,2022-07-04
20,2022.0,27.0,COVID-19,Enugu,31.0,0.0,0.0,2022-07-04
20,2022.0,27.0,COVID-19,Bauchi,33.0,0.0,0.0,2022-07-04
20,2022.0,27.0,COVID-19,Bayelsa,34.0,0.0,0.0,2022-07-04
20,2022.0,27.0,COVID-19,Taraba,40.0,0.0,0.0,2022-07-04
20,2022.0,27.0,COVID-19,Abia,42.0,0.0,0.0,2022-07-04
20,2022.0,27.0,COVID-19,Imo,44.0,0.0,0.0,2022-07-04
20,2022.0,27.0,COVID-19,Anambra,45.0,0.0,0.0,2022-07-04
20,2022.0,27.0,COVID-19,Ondo,46.0,0.0,0.0,2022-07-04
20,2022.0,27.0,COVID-19,Edo,47.0,0.0,0.0,2022-07-04
20,2022.0,27.0,COVID-19,Nasarawa,48.0,0.0,0.0,2022-07-04
20,2022.0,27.0,COVID-19,Niger,49.0,0.0,0.0,2022-07-04
20,2022.0,27.0,COVID-19,Sokoto,50.0,0.0,0.0,2022-07-04
20,2022.0,27.0,COVID-19,Kaduna,51.0,0.0,0.0,2022-07-04
20,2022.0,27.0,COVID-19,Delta,53.0,0.0,0.0,2022-07-04
20,2022.0,27.0,COVID-19,Ogun,54.0,0.0,0.0,2022-07-04
20,2022.0,27.0,COVID-19,Ebonyi,55.0,0.0,0.0,2022-07-04
20,2022.0,27.0,COVID-19,Oyo,56.0,0.0,0.0,2022-07-04
20,2022.0,27.0,COVID-19,Abuja,57.0,0.0,0.0,2022-07-04
20,2022.0,27.0,COVID-19,Cross River,58.0,0.0,0.0,2022-07-04
20,2022.0,27.0,COVID-19,Lagos,59.0,0.0,0.0,2022-07-04
20,2022.0,27.0,COVID-19,Benue,60.0,0.0,0.0,2022-07-04
20,2025.0,30.0,COVID-19,Adamawa,0.0,0.0,0.0,2025-07-24
20,2025.0,30.0,COVID-19,Bauchi,1.0,0.0,0.0,2025-07-24
20,2025.0,30.0,COVID-19,Bayelsa,0.0,0.0,0.0,2025-07-24
20,2025.0,30.0,COVID-19,Cross River,0.0,0.0,0.0,2025-07-24
20,2025.0,30.0,COVID-19,Delta,0.0,0.0,0.0,2025-07-24
20,2025.0,30.0,COVID-19,Ebonyi,0.0,0.0,0.0,2025-07-24
20,2025.0,30.0,COVID-19,Edo,1.0,0.0,0.0,2025-07-24
20,2025.0,30.0,COVID-19,Ekiti,1.0,0.0,0.0,2025-07-24
20,2025.0,30.0,COVID-19,Enugu,0.0,0.0,0.0,2025-07-24
20,2025.0,30.0,COVID-19,Abuja,10.0,1.0,10.0,2025-07-24
20,2025.0,30.0,COVID-19,Kano,0.0,0.0,0.0,2025-07-24
20,2025.0,30.0,COVID-19,Katsina,0.0,0.0,0.0,2025-07-24
20,2025.0,30.0,COVID-19,Kebbi,0.0,0.0,0.0,2025-07-24
20,2025.0,30.0,COVID-19,Lagos,32.0,0.0,0.0,2025-07-24
20,2025.0,30.0,COVID-19,Nasarawa,0.0,0.0,0.0,2025-07-24
20,2025.0,30.0,COVID-19,Ogun,3.0,0.0,0.0,2025-07-24
20,2025.0,30.0,COVID-19,Ondo,0.0,0.0,0.0,2025-07-24
20,2025.0,30.0,COVID-19,Osun,1.0,0.0,0.0,2025-07-24
20,2025.0,30.0,COVID-19,Oyo,1.0,0.0,0.0,2025-07-24
20,2025.0,30.0,COVID-19,Plateau,0.0,0.0,0.0,2025-07-24
20,2025.0,30.0,COVID-19,Rivers,1.0,0.0,0.0,2025-07-24
20,2025.0,30.0,COVID-19,Sokoto,0.0,0.0,0.0,2025-07-24
20,2025.0,30.0,COVID-19,Yobe,0.0,0.0,0.0,2025-07-24
20,2022.0,15.0,COVID-19,Osun,4.0,0.0,0.0,2022-04-11
20,2022.0,15.0,COVID-19,Kogi,6.0,0.0,0.0,2022-04-11
20,2022.0,15.0,COVID-19,Kano,8.0,0.0,0.0,2022-04-11
20,2022.0,15.0,COVID-19,Yobe,10.0,0.0,0.0,2022-04-11
20,2022.0,15.0,COVID-19,Borno,13.0,0.0,0.0,2022-04-11
20,2022.0,15.0,COVID-19,Katsina,14.0,0.0,0.0,2022-04-11
20,2022.0,15.0,COVID-19,Zamfara,17.0,0.0,0.0,2022-04-11
20,2022.0,15.0,COVID-19,Kwara,18.0,0.0,0.0,2022-04-11
20,2022.0,15.0,COVID-19,Plateau,28.0,0.0,0.0,2022-04-11
20,2022.0,15.0,COVID-19,Kebbi,30.0,0.0,0.0,2022-04-11
20,2022.0,15.0,COVID-19,Enugu,31.0,0.0,0.0,2022-04-11
20,2022.0,15.0,COVID-19,Bauchi,33.0,0.0,0.0,2022-04-11
20,2022.0,15.0,COVID-19,Bayelsa,34.0,0.0,0.0,2022-04-11
20,2022.0,15.0,COVID-19,Taraba,40.0,0.0,0.0,2022-04-11
20,2022.0,15.0,COVID-19,Abia,42.0,0.0,0.0,2022-04-11
20,2022.0,15.0,COVID-19,Imo,44.0,0.0,0.0,2022-04-11
20,2022.0,15.0,COVID-19,Anambra,45.0,0.0,0.0,2022-04-11
20,2022.0,15.0,COVID-19,Ondo,46.0,0.0,0.0,2022-04-11
20,2022.0,15.0,COVID-19,Edo,47.0,0.0,0.0,2022-04-11
20,2022.0,15.0,COVID-19,Nasarawa,48.0,0.0,0.0,2022-04-11
20,2022.0,15.0,COVID-19,Niger,49.0,0.0,0.0,2022-04-11
20,2022.0,15.0,COVID-19,Sokoto,50.0,0.0,0.0,2022-04-11
20,2022.0,15.0,COVID-19,Kaduna,51.0,0.0,0.0,2022-04-11
20,2022.0,15.0,COVID-19,Delta,53.0,0.0,0.0,2022-04-11
20,2022.0,15.0,COVID-19,Ogun,54.0,0.0,0.0,2022-04-11
20,2022.0,15.0,COVID-19,Ebonyi,55.0,0.0,0.0,2022-04-11
20,2022.0,15.0,COVID-19,Oyo,56.0,0.0,0.0,2022-04-11
20,2022.0,15.0,COVID-19,Abuja,57.0,0.0,0.0,2022-04-11
20,2022.0,15.0,COVID-19,Cross River,58.0,0.0,0.0,2022-04-11
20,2022.0,15.0,COVID-19,Lagos,59.0,0.0,0.0,2022-04-11
20,2022.0,15.0,COVID-19,Benue,60.0,0.0,0.0,2022-04-11
20,2022.0,34.0,Monkeypox,Lagos,4.0,1.0,25.0,2022-08-22
20,2022.0,34.0,Monkeypox,Rivers,25.0,14.0,56.0,2022-08-22
20,2022.0,34.0,Monkeypox,Bayelsa,19.0,11.0,57.89,2022-08-22
20,2022.0,34.0,Monkeypox,Delta,3.0,6.0,0.0,2022-08-22
20,2022.0,34.0,Monkeypox,Edo,4.0,1.0,25.0,2022-08-22
20,2022.0,34.0,Monkeypox,Ondo,0.0,0.0,0.0,2022-08-22
20,2022.0,34.0,Monkeypox,Imo,5.0,2.0,40.0,2022-08-22
20,2022.0,34.0,Monkeypox,Cross River,9.0,3.0,33.33,2022-08-22
20,2022.0,34.0,Monkeypox,Abia,1.0,2.0,0.0,2022-08-22
20,2022.0,34.0,Monkeypox,Abuja,5.0,0.0,0.0,2022-08-22
20,2022.0,34.0,Monkeypox,Adamawa,0.0,0.0,0.0,2022-08-22
20,2022.0,34.0,Monkeypox,Anambra,0.0,1.0,0.0,2022-08-22
20,2022.0,34.0,Monkeypox,Oyo,1.0,3.0,0.0,2022-08-22
20,2022.0,34.0,Monkeypox,Nasarawa,1.0,1.0,100.0,2022-08-22
20,2022.0,34.0,Monkeypox,Akwa Ibom,6.0,0.0,0.0,2022-08-22
20,2022.0,34.0,Monkeypox,Plateau,0.0,2.0,0.0,2022-08-22
20,2022.0,34.0,Monkeypox,Ogun,0.0,0.0,0.0,2022-08-22
20,2022.0,34.0,Monkeypox,Benue,2.0,0.0,0.0,2022-08-22
20,2022.0,34.0,Monkeypox,Ebonyi,0.0,0.0,0.0,2022-08-22
20,2022.0,34.0,Monkeypox,Kano,0.0,0.0,0.0,2022-08-22
20,2022.0,34.0,Monkeypox,Taraba,0.0,0.0,0.0,2022-08-22
20,2022.0,34.0,Monkeypox,Katsina,0.0,0.0,0.0,2022-08-22
20,2022.0,34.0,Monkeypox,Kwara,0.0,0.0,0.0,2022-08-22
20,2022.0,34.0,Monkeypox,Gombe,0.0,0.0,0.0,2022-08-22
20,2022.0,34.0,Monkeypox,Enugu,1.0,2.0,0.0,2022-08-22
20,2022.0,34.0,Monkeypox,Borno,0.0,0.0,0.0,2022-08-22
20,2022.0,34.0,Monkeypox,Kogi,0.0,0.0,0.0,2022-08-22
20,2022.0,34.0,Monkeypox,Ekiti,2.0,0.0,0.0,2022-08-22
20,2022.0,34.0,Monkeypox,Niger,0.0,0.0,0.0,2022-08-22
20,2022.0,34.0,Monkeypox,Bauchi,0.0,0.0,0.0,2022-08-22
20,2022.0,34.0,Monkeypox,Osun,0.0,0.0,0.0,2022-08-22
20,2022.0,34.0,Monkeypox,Kaduna,0.0,0.0,0.0,2022-08-22
20,2025.0,11.0,Diphtheria,Kano,24385.0,856.0,3.51,2025-03-10
20,2025.0,11.0,Diphtheria,Yobe,5330.0,109.0,2.05,2025-03-10
20,2025.0,11.0,Diphtheria,Bauchi,3066.0,104.0,3.39,2025-03-10
20,2025.0,11.0,Diphtheria,Katsina,4253.0,120.0,2.82,2025-03-10
20,2025.0,11.0,Diphtheria,Borno,3059.0,68.0,2.22,2025-03-10
20,2024.0,35.0,Diphtheria,Kano,22457.0,730.0,3.25,2024-08-26
20,2024.0,35.0,Diphtheria,Bauchi,2490.0,91.0,3.65,2024-08-26
20,2024.0,35.0,Diphtheria,Yobe,3114.0,83.0,2.67,2024-08-26
20,2024.0,35.0,Diphtheria,Borno,2173.0,50.0,2.3,2024-08-26
20,2024.0,35.0,Diphtheria,Katsina,3586.0,100.0,2.79,2024-08-26
20,2024.0,35.0,Diphtheria,Jigawa,364.0,7.0,1.92,2024-08-26
20,2024.0,35.0,Diphtheria,Kaduna,734.0,11.0,1.5,2024-08-26
20,2024.0,35.0,Diphtheria,Plateau,66.0,15.0,22.73,2024-08-26
20,2024.0,35.0,Diphtheria,Zamfara,219.0,0.0,0.0,2024-08-26
20,2024.0,35.0,Diphtheria,Abuja,146.0,7.0,4.79,2024-08-26
20,2024.0,35.0,Diphtheria,Gombe,182.0,1.0,0.55,2024-08-26
20,2024.0,35.0,Diphtheria,Lagos,37.0,5.0,13.51,2024-08-26
20,2024.0,35.0,Diphtheria,Adamawa,65.0,4.0,6.15,2024-08-26
20,2024.0,35.0,Diphtheria,Sokoto,41.0,0.0,0.0,2024-08-26
20,2024.0,35.0,Diphtheria,Edo,5.0,0.0,0.0,2024-08-26
20,2024.0,35.0,Diphtheria,Osun,16.0,1.0,6.25,2024-08-26
20,2024.0,35.0,Diphtheria,Abia,25.0,0.0,0.0,2024-08-26
20,2024.0,35.0,Diphtheria,Kebbi,59.0,0.0,0.0,2024-08-26
20,2024.0,35.0,Diphtheria,Niger,11.0,0.0,0.0,2024-08-26
20,2024.0,35.0,Diphtheria,Taraba,90.0,0.0,0.0,2024-08-26
20,2024.0,35.0,Diphtheria,Ekiti,36.0,1.0,2.78,2024-08-26
20,2024.0,35.0,Diphtheria,Enugu,12.0,0.0,0.0,2024-08-26
20,2024.0,35.0,Diphtheria,Imo,10.0,0.0,0.0,2024-08-26
20,2024.0,35.0,Diphtheria,Ogun,6.0,0.0,0.0,2024-08-26
20,2024.0,35.0,Diphtheria,Anambra,1.0,0.0,0.0,2024-08-26
20,2024.0,35.0,Diphtheria,Bayelsa,15.0,0.0,0.0,2024-08-26
20,2024.0,35.0,Diphtheria,Benue,1.0,0.0,0.0,2024-08-26
20,2024.0,35.0,Diphtheria,Delta,2.0,0.0,0.0,2024-08-26
20,2024.0,35.0,Diphtheria,Ebonyi,1.0,0.0,0.0,2024-08-26
20,2024.0,35.0,Diphtheria,Kogi,40.0,0.0,0.0,2024-08-26
20,2024.0,35.0,Diphtheria,Kwara,1.0,0.0,0.0,2024-08-26
20,2025.0,45.0,Monkeypox,Rivers,25.0,14.0,56.0,2025-11-08
20,2025.0,45.0,Monkeypox,Bayelsa,19.0,11.0,57.89,2025-11-08
20,2025.0,45.0,Monkeypox,Lagos,4.0,1.0,25.0,2025-11-08
20,2025.0,45.0,Monkeypox,Delta,3.0,6.0,0.0,2025-11-08
20,2025.0,45.0,Monkeypox,Cross River,9.0,3.0,33.33,2025-11-08
20,2025.0,45.0,Monkeypox,Imo,5.0,2.0,40.0,2025-11-08
20,2025.0,45.0,Monkeypox,Akwa Ibom,6.0,0.0,0.0,2025-11-08
20,2025.0,45.0,Monkeypox,Oyo,1.0,3.0,0.0,2025-11-08
20,2025.0,45.0,Monkeypox,Edo,4.0,1.0,25.0,2025-11-08
20,2025.0,45.0,Monkeypox,Abuja,5.0,0.0,0.0,2025-11-08
20,2025.0,45.0,Monkeypox,Enugu,1.0,2.0,0.0,2025-11-08
20,2025.0,45.0,Monkeypox,Abia,1.0,2.0,0.0,2025-11-08
20,2025.0,45.0,Monkeypox,Plateau,0.0,2.0,0.0,2025-11-08
20,2025.0,45.0,Monkeypox,Nasarawa,1.0,1.0,100.0,2025-11-08
20,2025.0,45.0,Monkeypox,Benue,2.0,0.0,0.0,2025-11-08
20,2025.0,45.0,Monkeypox,Anambra,0.0,1.0,0.0,2025-11-08
20,2025.0,45.0,Monkeypox,Ekiti,2.0,0.0,0.0,2025-11-08
20,2025.0,45.0,Monkeypox,Ebonyi,0.0,0.0,0.0,2025-11-08
20,2025.0,45.0,Monkeypox,Niger,0.0,0.0,0.0,2025-11-08
20,2025.0,45.0,Monkeypox,Ogun,0.0,0.0,0.0,2025-11-08
20,2025.0,45.0,Monkeypox,Adamawa,0.0,0.0,0.0,2025-11-08
20,2020.0,46.0,Yellow Fever,Bauchi,1.0,0.0,0.0,2020-11-09
20,2017.0,52.0,Monkeypox,Rivers,25.0,14.0,56.0,2017-01-01
20,2017.0,52.0,Monkeypox,Bayelsa,19.0,11.0,57.89,2017-01-01
20,2017.0,52.0,Monkeypox,Lagos,4.0,1.0,25.0,2017-01-01
20,2017.0,52.0,Monkeypox,Delta,3.0,6.0,0.0,2017-01-01
20,2017.0,52.0,Monkeypox,Cross River,9.0,3.0,33.33,2017-01-01
20,2017.0,52.0,Monkeypox,Imo,5.0,2.0,40.0,2017-01-01
20,2017.0,52.0,Monkeypox,Akwa Ibom,6.0,0.0,0.0,2017-01-01
20,2017.0,52.0,Monkeypox,Oyo,1.0,3.0,0.0,2017-01-01
20,2017.0,52.0,Monkeypox,Edo,4.0,1.0,25.0,2017-01-01
20,2017.0,52.0,Monkeypox,Abuja,5.0,0.0,0.0,2017-01-01
20,2017.0,52.0,Monkeypox,Enugu,1.0,2.0,0.0,2017-01-01
20,2017.0,52.0,Monkeypox,Abia,1.0,2.0,0.0,2017-01-01
20,2017.0,52.0,Monkeypox,Plateau,0.0,2.0,0.0,2017-01-01
20,2017.0,52.0,Monkeypox,Nasarawa,1.0,1.0,100.0,2017-01-01
20,2017.0,52.0,Monkeypox,Benue,2.0,0.0,0.0,2017-01-01
20,2017.0,52.0,Monkeypox,Anambra,0.0,1.0,0.0,2017-01-01
20,2017.0,52.0,Monkeypox,Ekiti,2.0,0.0,0.0,2017-01-01
20,2017.0,52.0,Monkeypox,Ebonyi,0.0,0.0,0.0,2017-01-01
20,2017.0,52.0,Monkeypox,Niger,0.0,0.0,0.0,2017-01-01
20,2017.0,52.0,Monkeypox,Ogun,0.0,0.0,0.0,2017-01-01
20,2017.0,52.0,Monkeypox,Adamawa,0.0,0.0,0.0,2017-01-01
20,2017.0,52.0,Monkeypox,Kano,0.0,0.0,0.0,2017-01-01
20,2022.0,27.0,Monkeypox,Rivers,25.0,14.0,56.0,2022-07-04
20,2022.0,27.0,Monkeypox,Bayelsa,19.0,11.0,57.89,2022-07-04
20,2022.0,27.0,Monkeypox,Lagos,4.0,1.0,25.0,2022-07-04
20,2022.0,27.0,Monkeypox,Delta,3.0,6.0,0.0,2022-07-04
20,2022.0,27.0,Monkeypox,Cross River,9.0,3.0,33.33,2022-07-04
20,2022.0,27.0,Monkeypox,Imo,5.0,2.0,40.0,2022-07-04
20,2022.0,27.0,Monkeypox,Akwa Ibom,6.0,0.0,0.0,2022-07-04
20,2022.0,27.0,Monkeypox,Oyo,1.0,3.0,0.0,2022-07-04
20,2022.0,27.0,Monkeypox,Edo,4.0,1.0,25.0,2022-07-04
20,2022.0,27.0,Monkeypox,Abuja,5.0,0.0,0.0,2022-07-04
20,2022.0,27.0,Monkeypox,Enugu,1.0,2.0,0.0,2022-07-04
20,2022.0,27.0,Monkeypox,Abia,1.0,2.0,0.0,2022-07-04
20,2022.0,27.0,Monkeypox,Plateau,0.0,2.0,0.0,2022-07-04
20,2022.0,27.0,Monkeypox,Nasarawa,1.0,1.0,100.0,2022-07-04
20,2022.0,27.0,Monkeypox,Benue,2.0,0.0,0.0,2022-07-04
20,2022.0,27.0,Monkeypox,Anambra,0.0,1.0,0.0,2022-07-04
20,2022.0,27.0,Monkeypox,Ekiti,2.0,0.0,0.0,2022-07-04
20,2022.0,27.0,Monkeypox,Ebonyi,0.0,0.0,0.0,2022-07-04
20,2022.0,27.0,Monkeypox,Niger,0.0,0.0,0.0,2022-07-04
20,2022.0,27.0,Monkeypox,Ogun,0.0,0.0,0.0,2022-07-04
20,2022.0,27.0,Monkeypox,Adamawa,0.0,0.0,0.0,2022-07-04
20,2022.0,27.0,Monkeypox,Kano,0.0,0.0,0.0,2022-07-04
20,2022.0,27.0,Monkeypox,Ondo,0.0,0.0,0.0,2022-07-04
20,2022.0,27.0,Monkeypox,Taraba,0.0,0.0,0.0,2022-07-04
20,2022.0,27.0,Monkeypox,Katsina,0.0,0.0,0.0,2022-07-04
20,2022.0,27.0,Monkeypox,Kwara,0.0,0.0,0.0,2022-07-04
20,2022.0,27.0,Monkeypox,Borno,0.0,0.0,0.0,2022-07-04
20,2022.0,27.0,Monkeypox,Gombe,0.0,0.0,0.0,2022-07-04
20,2022.0,27.0,Monkeypox,Kogi,0.0,0.0,0.0,2022-07-04
20,2022.0,29.0,Monkeypox,Rivers,25.0,14.0,56.0,2022-07-18
20,2022.0,29.0,Monkeypox,Bayelsa,19.0,11.0,57.89,2022-07-18
20,2022.0,29.0,Monkeypox,Lagos,4.0,1.0,25.0,2022-07-18
20,2022.0,29.0,Monkeypox,Delta,3.0,6.0,0.0,2022-07-18
20,2022.0,29.0,Monkeypox,Cross River,9.0,3.0,33.33,2022-07-18
20,2022.0,29.0,Monkeypox,Imo,5.0,2.0,40.0,2022-07-18
20,2022.0,29.0,Monkeypox,Akwa Ibom,6.0,0.0,0.0,2022-07-18
20,2022.0,29.0,Monkeypox,Oyo,1.0,3.0,0.0,2022-07-18
20,2022.0,29.0,Monkeypox,Edo,4.0,1.0,25.0,2022-07-18
20,2022.0,29.0,Monkeypox,Abuja,5.0,0.0,0.0,2022-07-18
20,2022.0,29.0,Monkeypox,Enugu,1.0,2.0,0.0,2022-07-18
20,2022.0,29.0,Monkeypox,Abia,1.0,2.0,0.0,2022-07-18
20,2022.0,29.0,Monkeypox,Plateau,0.0,2.0,0.0,2022-07-18
20,2022.0,29.0,Monkeypox,Nasarawa,1.0,1.0,100.0,2022-07-18
20,2022.0,29.0,Monkeypox,Benue,2.0,0.0,0.0,2022-07-18
20,2022.0,29.0,Monkeypox,Anambra,0.0,1.0,0.0,2022-07-18
20,2022.0,29.0,Monkeypox,Ekiti,2.0,0.0,0.0,2022-07-18
20,2022.0,29.0,Monkeypox,Ebonyi,0.0,0.0,0.0,2022-07-18
20,2022.0,29.0,Monkeypox,Niger,0.0,0.0,0.0,2022-07-18
20,2022.0,29.0,Monkeypox,Ogun,0.0,0.0,0.0,2022-07-18
20,2022.0,29.0,Monkeypox,Adamawa,0.0,0.0,0.0,2022-07-18
20,2022.0,29.0,Monkeypox,Kano,0.0,0.0,0.0,2022-07-18
20,2022.0,29.0,Monkeypox,Ondo,0.0,0.0,0.0,2022-07-18
20,2022.0,29.0,Monkeypox,Taraba,0.0,0.0,0.0,2022-07-18
20,2022.0,29.0,Monkeypox,Katsina,0.0,0.0,0.0,2022-07-18
20,2022.0,29.0,Monkeypox,Kwara,0.0,0.0,0.0,2022-07-18
20,2022.0,29.0,Monkeypox,Borno,0.0,0.0,0.0,2022-07-18
20,2022.0,29.0,Monkeypox,Gombe,0.0,0.0,0.0,2022-07-18
20,2022.0,29.0,Monkeypox,Kogi,0.0,0.0,0.0,2022-07-18
20,2022.0,29.0,Monkeypox,Bauchi,0.0,0.0,0.0,2022-07-18
20,2022.0,13.0,COVID-19,Osun,4.0,0.0,0.0,2022-03-28
20,2022.0,13.0,COVID-19,Kogi,6.0,0.0,0.0,2022-03-28
20,2022.0,13.0,COVID-19,Kano,8.0,0.0,0.0,2022-03-28
20,2022.0,13.0,COVID-19,Yobe,10.0,0.0,0.0,2022-03-28
20,2022.0,13.0,COVID-19,Borno,13.0,0.0,0.0,2022-03-28
20,2022.0,13.0,COVID-19,Katsina,14.0,0.0,0.0,2022-03-28
20,2022.0,13.0,COVID-19,Zamfara,17.0,0.0,0.0,2022-03-28
20,2022.0,13.0,COVID-19,Kwara,18.0,0.0,0.0,2022-03-28
20,2022.0,13.0,COVID-19,Plateau,28.0,0.0,0.0,2022-03-28
20,2022.0,13.0,COVID-19,Kebbi,30.0,0.0,0.0,2022-03-28
20,2022.0,13.0,COVID-19,Enugu,31.0,0.0,0.0,2022-03-28
20,2022.0,13.0,COVID-19,Bauchi,33.0,0.0,0.0,2022-03-28
20,2022.0,13.0,COVID-19,Bayelsa,34.0,0.0,0.0,2022-03-28
20,2022.0,13.0,COVID-19,Taraba,40.0,0.0,0.0,2022-03-28
20,2022.0,13.0,COVID-19,Abia,42.0,0.0,0.0,2022-03-28
20,2022.0,13.0,COVID-19,Imo,44.0,0.0,0.0,2022-03-28
20,2022.0,13.0,COVID-19,Anambra,45.0,0.0,0.0,2022-03-28
20,2022.0,13.0,COVID-19,Ondo,46.0,0.0,0.0,2022-03-28
20,2022.0,13.0,COVID-19,Edo,47.0,0.0,0.0,2022-03-28
20,2022.0,13.0,COVID-19,Nasarawa,48.0,0.0,0.0,2022-03-28
20,2022.0,13.0,COVID-19,Niger,49.0,0.0,0.0,2022-03-28
20,2022.0,13.0,COVID-19,Sokoto,50.0,0.0,0.0,2022-03-28
20,2022.0,13.0,COVID-19,Kaduna,51.0,0.0,0.0,2022-03-28
20,2022.0,13.0,COVID-19,Delta,53.0,0.0,0.0,2022-03-28
20,2022.0,13.0,COVID-19,Ogun,54.0,0.0,0.0,2022-03-28
20,2022.0,13.0,COVID-19,Ebonyi,55.0,0.0,0.0,2022-03-28
20,2022.0,13.0,COVID-19,Oyo,56.0,0.0,0.0,2022-03-28
20,2022.0,13.0,COVID-19,Abuja,57.0,0.0,0.0,2022-03-28
20,2022.0,13.0,COVID-19,Cross River,58.0,0.0,0.0,2022-03-28
20,2022.0,13.0,COVID-19,Lagos,59.0,0.0,0.0,2022-03-28
20,2022.0,13.0,COVID-19,Benue,60.0,0.0,0.0,2022-03-28
20,2022.0,37.0,COVID-19,Abuja,2.0,0.0,0.0,2022-09-12
20,2022.0,37.0,COVID-19,Kogi,6.0,0.0,0.0,2022-09-12
20,2022.0,37.0,COVID-19,Kano,8.0,0.0,0.0,2022-09-12
20,2022.0,37.0,COVID-19,Yobe,10.0,0.0,0.0,2022-09-12
20,2022.0,37.0,COVID-19,Borno,13.0,0.0,0.0,2022-09-12
20,2022.0,37.0,COVID-19,Katsina,14.0,0.0,0.0,2022-09-12
20,2022.0,37.0,COVID-19,Zamfara,17.0,0.0,0.0,2022-09-12
20,2022.0,37.0,COVID-19,Kwara,18.0,0.0,0.0,2022-09-12
20,2022.0,37.0,COVID-19,Osun,24.0,0.0,0.0,2022-09-12
20,2022.0,37.0,COVID-19,Plateau,28.0,0.0,0.0,2022-09-12
20,2022.0,37.0,COVID-19,Kebbi,30.0,0.0,0.0,2022-09-12
20,2022.0,37.0,COVID-19,Enugu,31.0,0.0,0.0,2022-09-12
20,2022.0,37.0,COVID-19,Bauchi,33.0,0.0,0.0,2022-09-12
20,2022.0,37.0,COVID-19,Bayelsa,34.0,0.0,0.0,2022-09-12
20,2022.0,37.0,COVID-19,Taraba,40.0,0.0,0.0,2022-09-12
20,2022.0,37.0,COVID-19,Abia,42.0,0.0,0.0,2022-09-12
20,2022.0,37.0,COVID-19,Adamawa,44.0,0.0,0.0,2022-09-12
20,2022.0,37.0,COVID-19,Anambra,45.0,0.0,0.0,2022-09-12
20,2022.0,37.0,COVID-19,Ondo,46.0,0.0,0.0,2022-09-12
20,2022.0,37.0,COVID-19,Edo,47.0,0.0,0.0,2022-09-12
20,2022.0,37.0,COVID-19,Nasarawa,48.0,0.0,0.0,2022-09-12
20,2022.0,37.0,COVID-19,Niger,49.0,0.0,0.0,2022-09-12
20,2022.0,37.0,COVID-19,Sokoto,50.0,0.0,0.0,2022-09-12
20,2022.0,37.0,COVID-19,Kaduna,51.0,0.0,0.0,2022-09-12
20,2022.0,37.0,COVID-19,Gombe,52.0,0.0,0.0,2022-09-12
20,2022.0,37.0,COVID-19,Delta,53.0,0.0,0.0,2022-09-12
20,2022.0,37.0,COVID-19,Ogun,54.0,0.0,0.0,2022-09-12
20,2022.0,37.0,COVID-19,Ebonyi,55.0,0.0,0.0,2022-09-12
20,2022.0,37.0,COVID-19,Oyo,56.0,0.0,0.0,2022-09-12
20,2022.0,37.0,COVID-19,Rivers,57.0,0.0,0.0,2022-09-12
20,2022.0,37.0,COVID-19,Cross River,58.0,0.0,0.0,2022-09-12
20,2022.0,37.0,COVID-19,Lagos,59.0,0.0,0.0,2022-09-12
20,2022.0,37.0,COVID-19,Benue,60.0,0.0,0.0,2022-09-12
20,2020.0,1.0,COVID-19,Lagos,214.0,6.0,2.8,2020-01-01
20,2020.0,1.0,COVID-19,Abuja,58.0,2.0,3.45,2020-01-01
20,2020.0,1.0,COVID-19,Osun,20.0,0.0,0.0,2020-01-01
20,2020.0,1.0,COVID-19,Edo,15.0,1.0,6.67,2020-01-01
20,2020.0,1.0,COVID-19,Oyo,11.0,0.0,0.0,2020-01-01
20,2020.0,1.0,COVID-19,Ogun,9.0,0.0,0.0,2020-01-01
20,2020.0,1.0,COVID-19,Bauchi,6.0,0.0,0.0,2020-01-01
20,2020.0,1.0,COVID-19,Kaduna,6.0,0.0,0.0,2020-01-01
20,2020.0,1.0,COVID-19,Akwa Ibom,6.0,0.0,0.0,2020-01-01
20,2020.0,1.0,COVID-19,Katsina,5.0,1.0,20.0,2020-01-01
20,2020.0,1.0,COVID-19,Kwara,4.0,0.0,0.0,2020-01-01
20,2020.0,1.0,COVID-19,Kano,4.0,0.0,0.0,2020-01-01
20,2020.0,1.0,COVID-19,Delta,3.0,1.0,33.33,2020-01-01
20,2020.0,1.0,COVID-19,Ondo,3.0,0.0,0.0,2020-01-01
20,2020.0,1.0,COVID-19,Ekiti,2.0,0.0,0.0,2020-01-01
20,2020.0,1.0,COVID-19,Enugu,2.0,0.0,0.0,2020-01-01
20,2020.0,1.0,COVID-19,Rivers,2.0,0.0,0.0,2020-01-01
20,2020.0,1.0,COVID-19,Benue,1.0,0.0,0.0,2020-01-01
20,2020.0,1.0,COVID-19,Anambra,1.0,0.0,0.0,2020-01-01
20,2020.0,1.0,COVID-19,Niger,1.0,0.0,0.0,2020-01-01
20,2022.0,18.0,Monkeypox,Rivers,25.0,14.0,56.0,2022-05-07
20,2022.0,18.0,Monkeypox,Bayelsa,19.0,11.0,57.89,2022-05-07
20,2022.0,18.0,Monkeypox,Lagos,4.0,1.0,25.0,2022-05-07
20,2022.0,18.0,Monkeypox,Delta,3.0,6.0,0.0,2022-05-07
20,2022.0,18.0,Monkeypox,Cross River,9.0,3.0,33.33,2022-05-07
20,2022.0,18.0,Monkeypox,Imo,5.0,2.0,40.0,2022-05-07
20,2022.0,18.0,Monkeypox,Akwa Ibom,6.0,0.0,0.0,2022-05-07
20,2022.0,18.0,Monkeypox,Oyo,1.0,3.0,0.0,2022-05-07
20,2022.0,18.0,Monkeypox,Edo,4.0,1.0,25.0,2022-05-07
20,2022.0,18.0,Monkeypox,Abuja,5.0,0.0,0.0,2022-05-07
20,2022.0,18.0,Monkeypox,Enugu,1.0,2.0,0.0,2022-05-07
20,2022.0,18.0,Monkeypox,Abia,1.0,2.0,0.0,2022-05-07
20,2022.0,18.0,Monkeypox,Plateau,0.0,2.0,0.0,2022-05-07
20,2022.0,18.0,Monkeypox,Nasarawa,1.0,1.0,100.0,2022-05-07
20,2022.0,18.0,Monkeypox,Benue,2.0,0.0,0.0,2022-05-07
20,2022.0,18.0,Monkeypox,Anambra,0.0,1.0,0.0,2022-05-07
20,2022.0,18.0,Monkeypox,Ekiti,2.0,0.0,0.0,2022-05-07
20,2022.0,18.0,Monkeypox,Ebonyi,0.0,0.0,0.0,2022-05-07
20,2022.0,18.0,Monkeypox,Niger,0.0,0.0,0.0,2022-05-07
20,2022.0,18.0,Monkeypox,Ogun,0.0,0.0,0.0,2022-05-07
20,2022.0,18.0,Monkeypox,Adamawa,0.0,0.0,0.0,2022-05-07
20,2022.0,18.0,Monkeypox,Kano,0.0,0.0,0.0,2022-05-07
