state,disease,year,week,cases,deaths,temperature_2m_mean,relative_humidity_2m_mean,precipitation_sum,who_cases_national,population,urban_percent,cases_last_week,cases_2w_avg,deaths_last_week,cases_mean_4w,cases_std_4w,deaths_mean_4w,cases_growth_rate,cases_per_100k
Abia,Covid-19,2020,1,2,0,26.485714285714288,39.0,0.0,0.0,213996181.0,51.958,0.0,0.0,0.0,2.0,0.0,0.0,0.0,0.0009345961178624959
Abia,Covid-19,2020,1,2,0,26.485714285714288,39.0,0.0,0.0,213996181.0,51.958,2.0,0.0,0.0,2.0,0.0,0.0,0.0,0.0009345961178624959
Abia,Covid-19,2020,1,2,0,26.485714285714288,39.0,0.0,0.0,213996181.0,51.958,2.0,2.0,0.0,2.0,0.0,0.0,0.0,0.0009345961178624959
Abia,Covid-19,2025,46,2,0,0.0,0.0,0.0,0.0,0.0,0.0,2.0,2.0,0.0,2.0,0.0,0.0,0.0,0.0
Abuja,Covid-19,2020,1,41,2,25.285714285714285,22.285714285714285,0.0,0.0,213996181.0,51.958,0.0,0.0,0.0,41.0,0.0,2.0,0.0,0.019159220416181167
Abuja,Covid-19,2020,1,41,2,25.285714285714285,22.285714285714285,0.0,0.0,213996181.0,51.958,41.0,0.0,2.0,41.0,0.0,2.0,0.0,0.019159220416181167
Abuja,Covid-19,2020,1,41,2,25.285714285714285,22.285714285714285,0.0,0.0,213996181.0,51.958,41.0,41.0,2.0,41.0,0.0,2.0,0.0,0.019159220416181167
Abuja,Covid-19,2025,10,43,2,31.914285714285715,37.57142857142857,0.1,0.0,0.0,0.0,41.0,41.0,2.0,41.5,1.0,2.0,0.04878048780487805,0.0
Abuja,Covid-19,2025,10,43,2,31.914285714285715,37.57142857142857,0.1,0.0,0.0,0.0,43.0,42.0,2.0,42.0,1.1547005383792521,2.0,0.0,0.0
Abuja,Covid-19,2025,10,43,2,31.914285714285715,37.57142857142857,0.1,0.0,0.0,0.0,43.0,43.0,2.0,42.5,1.0,2.0,0.0,0.0
Abuja,Covid-19,2025,30,10,1,22.77142857142857,91.42857142857144,63.7,0.0,0.0,0.0,43.0,43.0,2.0,34.75,16.5,1.75,-0.7674418604651163,0.0
Abuja,Covid-19,2025,30,10,1,22.77142857142857,91.42857142857144,63.7,0.0,0.0,0.0,10.0,26.5,1.0,26.5,19.05255888325765,1.5,0.0,0.0
Abuja,Covid-19,2025,30,10,1,22.77142857142857,91.42857142857144,63.7,0.0,0.0,0.0,10.0,10.0,1.0,18.25,16.5,1.25,0.0,0.0
Abuja,Covid-19,2025,36,0,0,23.942857142857143,85.42857142857143,17.9,0.0,0.0,0.0,10.0,10.0,1.0,7.5,5.0,0.75,-1.0,0.0
Abuja,Covid-19,2025,36,0,0,23.942857142857143,85.42857142857143,17.9,0.0,0.0,0.0,0.0,5.0,0.0,5.0,5.773502691896258,0.5,0.0,0.0
Abuja,Covid-19,2025,36,0,0,23.942857142857143,85.42857142857143,17.9,0.0,0.0,0.0,0.0,0.0,0.0,2.5,5.0,0.25,0.0,0.0
Abuja,Covid-19,2025,44,8,1,27.27142857142857,67.14285714285714,2.3,0.0,0.0,0.0,0.0,0.0,0.0,2.0,3.999999999999999,0.25,0.0,0.0
Abuja,Covid-19,2025,44,8,1,27.27142857142857,67.14285714285714,2.3,0.0,0.0,0.0,8.0,4.0,1.0,4.0,4.618802153517006,0.5,0.0,0.0
Abuja,Covid-19,2025,44,8,1,27.27142857142857,67.14285714285714,2.3,0.0,0.0,0.0,8.0,8.0,1.0,6.0,3.9999999999999996,0.75,0.0,0.0
Abuja,Covid-19,2025,45,0,0,27.675,66.0,0.3,0.0,0.0,0.0,8.0,8.0,1.0,6.0,3.9999999999999996,0.75,-1.0,0.0
Abuja,Covid-19,2025,45,0,0,27.675,66.0,0.3,0.0,0.0,0.0,0.0,4.0,0.0,4.0,4.618802153517006,0.5,0.0,0.0
Abuja,Covid-19,2025,45,0,0,27.675,66.0,0.3,0.0,0.0,0.0,0.0,0.0,0.0,2.0,3.9999999999999996,0.25,0.0,0.0
Abuja,Covid-19,2025,46,133,3,0.0,0.0,0.0,0.0,0.0,0.0,0.0,0.0,0.0,33.25,66.5,0.75,0.0,0.0
Abuja,Covid-19,2025,48,0,0,0.0,0.0,0.0,0.0,0.0,0.0,133.0,66.5,3.0,33.25,66.5,0.75,-1.0,0.0
Adamawa,Covid-19,2020,1,1,0,24.8,20.0,0.0,0.0,213996181.0,51.958,0.0,0.0,0.0,1.0,0.0,0.0,0.0,0.00046729805893124795
Adamawa,Covid-19,2020,1,1,0,24.8,20.0,0.0,0.0,213996181.0,51.958,1.0,0.0,0.0,1.0,0.0,0.0,0.0,0.00046729805893124795
Adamawa,Covid-19,2020,1,1,0,24.8,20.0,0.0,0.0,213996181.0,51.958,1.0,1.0,0.0,1.0,0.0,0.0,0.0,0.00046729805893124795
Adamawa,Covid-19,2025,30,0,0,26.74285714285714,77.85714285714286,69.2,0.0,0.0,0.0,1.0,1.0,0.0,0.75,0.5,0.0,-1.0,0.0
Adamawa,Covid-19,2025,30,0,0,26.74285714285714,77.85714285714286,69.2,0.0,0.0,0.0,0.0,0.5,0.0,0.5,0.5773502691896257,0.0,0.0,0.0
Adamawa,Covid-19,2025,30,0,0,26.74285714285714,77.85714285714286,69.2,0.0,0.0,0.0,0.0,0.0,0.0,0.25,0.5,0.0,0.0,0.0
Adamawa,Covid-19,2025,36,0,0,26.071428571428573,83.85714285714286,52.2,0.0,0.0,0.0,0.0,0.0,0.0,0.0,0.0,0.0,0.0,0.0
Adamawa,Covid-19,2025,36,0,0,26.071428571428573,83.85714285714286,52.2,0.0,0.0,0.0,0.0,0.0,0.0,0.0,0.0,0.0,0.0,0.0
Adamawa,Covid-19,2025,36,0,0,26.071428571428573,83.85714285714286,52.2,0.0,0.0,0.0,0.0,0.0,0.0,0.0,0.0,0.0,0.0,0.0
Adamawa,Covid-19,2025,44,0,0,28.27142857142857,66.0,2.8000000000000003,0.0,0.0,0.0,0.0,0.0,0.0,0.0,0.0,0.0,0.0,0.0
Adamawa,Covid-19,2025,44,0,0,28.27142857142857,66.0,2.8000000000000003,0.0,0.0,0.0,0.0,0.0,0.0,0.0,0.0,0.0,0.0,0.0
Adamawa,Covid-19,2025,44,0,0,28.27142857142857,66.0,2.8000000000000003,0.0,0.0,0.0,0.0,0.0,0.0,0.0,0.0,0.0,0.0,0.0
Adamawa,Covid-19,2025,46,1,0,0.0,0.0,0.0,0.0,0.0,0.0,0.0,0.0,0.0,0.25,0.5,0.0,0.0,0.0
Akwa Ibom,Covid-19,2020,1,11,1,26.385714285714283,52.71428571428572,0.0,0.0,213996181.0,51.958,0.0,0.0,0.0,11.0,0.0,1.0,0.0,0.005140278648243728
Akwa Ibom,Covid-19,2020,1,11,1,26.385714285714283,52.71428571428572,0.0,0.0,213996181.0,51.958,11.0,0.0,1.0,11.0,0.0,1.0,0.0,0.005140278648243728
Akwa Ibom,Covid-19,2020,1,11,1,26.385714285714283,52.71428571428572,0.0,0.0,213996181.0,51.958,11.0,11.0,1.0,11.0,0.0,1.0,0.0,0.005140278648243728
Akwa Ibom,Covid-19,2020,1,5,0,26.385714285714283,52.71428571428572,0.0,0.0,213996181.0,51.958,11.0,11.0,1.0,9.5,3.0,0.75,-0.5454545454545454,0.0023364902946562396
Akwa Ibom,Covid-19,2020,1,5,0,26.385714285714283,52.71428571428572,0.0,0.0,213996181.0,51.958,5.0,8.0,0.0,8.0,3.4641016151377544,0.5,0.0,0.0023364902946562396
Akwa Ibom,Covid-19,2020,1,5,0,26.385714285714283,52.71428571428572,0.0,0.0,213996181.0,51.958,5.0,5.0,0.0,6.5,3.0,0.25,0.0,0.0023364902946562396
Akwa Ibom,Covid-19,2025,10,5,0,28.17142857142857,77.57142857142857,15.4,0.0,0.0,0.0,5.0,5.0,0.0,5.0,0.0,0.0,0.0,0.0
Akwa Ibom,Covid-19,2025,10,5,0,28.17142857142857,77.57142857142857,15.4,0.0,0.0,0.0,5.0,5.0,0.0,5.0,0.0,0.0,0.0,0.0
Akwa Ibom,Covid-19,2025,10,5,0,28.17142857142857,77.57142857142857,15.4,0.0,0.0,0.0,5.0,5.0,0.0,5.0,0.0,0.0,0.0,0.0
Akwa Ibom,Covid-19,2025,45,5,0,24.825,90.5,34.1,0.0,0.0,0.0,5.0,5.0,0.0,5.0,0.0,0.0,0.0,0.0
Akwa Ibom,Covid-19,2025,45,5,0,24.825,90.5,34.1,0.0,0.0,0.0,5.0,5.0,0.0,5.0,0.0,0.0,0.0,0.0
Akwa Ibom,Covid-19,2025,45,5,0,24.825,90.5,34.1,0.0,0.0,0.0,5.0,5.0,0.0,5.0,0.0,0.0,0.0,0.0
Akwa Ibom,Covid-19,2025,46,11,1,0.0,0.0,0.0,0.0,0.0,0.0,5.0,5.0,0.0,6.5,3.0,0.25,1.2,0.0
Anambra,Covid-19,2020,1,1,0,26.228571428571428,40.0,0.0,0.0,213996181.0,51.958,0.0,0.0,0.0,1.0,0.0,0.0,0.0,0.00046729805893124795
Anambra,Covid-19,2020,1,1,0,26.228571428571428,40.0,0.0,0.0,213996181.0,51.958,1.0,0.0,0.0,1.0,0.0,0.0,0.0,0.00046729805893124795
Anambra,Covid-19,2020,1,1,0,26.228571428571428,40.0,0.0,0.0,213996181.0,51.958,1.0,1.0,0.0,1.0,0.0,0.0,0.0,0.00046729805893124795
Anambra,Covid-19,2025,46,1,0,0.0,0.0,0.0,0.0,0.0,0.0,1.0,1.0,0.0,1.0,0.0,0.0,0.0,0.0
Bauchi,Covid-19,2020,1,3,0,18.67142857142857,24.0,0.0,0.0,213996181.0,51.958,0.0,0.0,0.0,3.0,0.0,0.0,0.0,0.0014018941767937438
Bauchi,Covid-19,2020,1,3,0,18.67142857142857,24.0,0.0,0.0,213996181.0,51.958,3.0,0.0,0.0,3.0,0.0,0.0,0.0,0.0014018941767937438
Bauchi,Covid-19,2020,1,3,0,18.67142857142857,24.0,0.0,0.0,213996181.0,51.958,3.0,3.0,0.0,3.0,0.0,0.0,0.0,0.0014018941767937438
Bauchi,Covid-19,2025,10,6,0,28.785714285714285,17.285714285714285,0.0,0.0,0.0,0.0,3.0,3.0,0.0,3.75,1.5,0.0,1.0,0.0
Bauchi,Covid-19,2025,10,6,0,28.785714285714285,17.285714285714285,0.0,0.0,0.0,0.0,6.0,4.5,0.0,4.5,1.7320508075688772,0.0,0.0,0.0
Bauchi,Covid-19,2025,10,6,0,28.785714285714285,17.285714285714285,0.0,0.0,0.0,0.0,6.0,6.0,0.0,5.25,1.5,0.0,0.0,0.0
Bauchi,Covid-19,2025,30,1,0,23.6,85.14285714285714,45.6,0.0,0.0,0.0,6.0,6.0,0.0,4.75,2.5,0.0,-0.8333333333333334,0.0
Bauchi,Covid-19,2025,30,1,0,23.6,85.14285714285714,45.6,0.0,0.0,0.0,1.0,3.5,0.0,3.5,2.8867513459481287,0.0,0.0,0.0
Bauchi,Covid-19,2025,30,1,0,23.6,85.14285714285714,45.6,0.0,0.0,0.0,1.0,1.0,0.0,2.25,2.5,0.0,0.0,0.0
Bauchi,Covid-19,2025,36,0,0,23.457142857142856,84.57142857142857,56.6,0.0,0.0,0.0,1.0,1.0,0.0,0.75,0.4999999999999988,0.0,-1.0,0.0
Bauchi,Covid-19,2025,36,0,0,23.457142857142856,84.57142857142857,56.6,0.0,0.0,0.0,0.0,0.5,0.0,0.5,0.5773502691896247,0.0,0.0,0.0
Bauchi,Covid-19,2025,36,0,0,23.457142857142856,84.57142857142857,56.6,0.0,0.0,0.0,0.0,0.0,0.0,0.25,0.49999999999999883,0.0,0.0,0.0
Bauchi,Covid-19,2025,44,1,0,26.071428571428573,42.57142857142857,0.0,0.0,0.0,0.0,0.0,0.0,0.0,0.25,0.49999999999999883,0.0,0.0,0.0
Bauchi,Covid-19,2025,44,1,0,26.071428571428573,42.57142857142857,0.0,0.0,0.0,0.0,1.0,0.5,0.0,0.5,0.5773502691896247,0.0,0.0,0.0
Bauchi,Covid-19,2025,44,1,0,26.071428571428573,42.57142857142857,0.0,0.0,0.0,0.0,1.0,1.0,0.0,0.75,0.49999999999999883,0.0,0.0,0.0
Bauchi,Covid-19,2025,45,6,0,26.925,34.25,0.0,0.0,0.0,0.0,1.0,1.0,0.0,2.25,2.5,0.0,5.0,0.0
Bauchi,Covid-19,2025,45,6,0,26.925,34.25,0.0,0.0,0.0,0.0,6.0,3.5,0.0,3.5,2.886751345948129,0.0,0.0,0.0
Bauchi,Covid-19,2025,45,6,0,26.925,34.25,0.0,0.0,0.0,0.0,6.0,6.0,0.0,4.75,2.5,0.0,0.0,0.0
Bauchi,Covid-19,2025,46,8,0,0.0,0.0,0.0,0.0,0.0,0.0,6.0,6.0,0.0,6.5,1.0,0.0,0.3333333333333333,0.0
Bayelsa,Covid-19,2025,30,0,0,23.914285714285715,94.28571428571428,144.4,0.0,0.0,0.0,0.0,0.0,0.0,0.0,0.0,0.0,0.0,0.0
Bayelsa,Covid-19,2025,30,0,0,23.914285714285715,94.28571428571428,144.4,0.0,0.0,0.0,0.0,0.0,0.0,0.0,0.0,0.0,0.0,0.0
Bayelsa,Covid-19,2025,30,0,0,23.914285714285715,94.28571428571428,144.4,0.0,0.0,0.0,0.0,0.0,0.0,0.0,0.0,0.0,0.0,0.0
Bayelsa,Covid-19,2025,36,0,0,25.02857142857143,86.57142857142857,29.0,0.0,0.0,0.0,0.0,0.0,0.0,0.0,0.0,0.0,0.0,0.0
Bayelsa,Covid-19,2025,36,0,0,25.02857142857143,86.57142857142857,29.0,0.0,0.0,0.0,0.0,0.0,0.0,0.0,0.0,0.0,0.0,0.0
Bayelsa,Covid-19,2025,36,0,0,25.02857142857143,86.57142857142857,29.0,0.0,0.0,0.0,0.0,0.0,0.0,0.0,0.0,0.0,0.0,0.0
Bayelsa,Covid-19,2025,44,0,0,25.11428571428572,92.0,84.1,0.0,0.0,0.0,0.0,0.0,0.0,0.0,0.0,0.0,0.0,0.0
Bayelsa,Covid-19,2025,44,0,0,25.11428571428572,92.0,84.1,0.0,0.0,0.0,0.0,0.0,0.0,0.0,0.0,0.0,0.0,0.0
Bayelsa,Covid-19,2025,44,0,0,25.11428571428572,92.0,84.1,0.0,0.0,0.0,0.0,0.0,0.0,0.0,0.0,0.0,0.0,0.0
Benue,Covid-19,2020,1,1,0,25.485714285714288,22.0,0.0,0.0,213996181.0,51.958,0.0,0.0,0.0,1.0,0.0,0.0,0.0,0.00046729805893124795
Benue,Covid-19,2020,1,1,0,25.485714285714288,22.0,0.0,0.0,213996181.0,51.958,1.0,0.0,0.0,1.0,0.0,0.0,0.0,0.00046729805893124795
Benue,Covid-19,2020,1,1,0,25.485714285714288,22.0,0.0,0.0,213996181.0,51.958,1.0,1.0,0.0,1.0,0.0,0.0,0.0,0.00046729805893124795
Benue,Covid-19,2025,10,1,0,31.957142857142856,50.85714285714285,0.0,0.0,0.0,0.0,1.0,1.0,0.0,1.0,0.0,0.0,0.0,0.0
Benue,Covid-19,2025,10,1,0,31.957142857142856,50.85714285714285,0.0,0.0,0.0,0.0,1.0,1.0,0.0,1.0,0.0,0.0,0.0,0.0
Benue,Covid-19,2025,10,1,0,31.957142857142856,50.85714285714285,0.0,0.0,0.0,0.0,1.0,1.0,0.0,1.0,0.0,0.0,0.0,0.0
Benue,Covid-19,2025,44,1,0,26.62857142857143,80.85714285714286,32.6,0.0,0.0,0.0,1.0,1.0,0.0,1.0,0.0,0.0,0.0,0.0
Benue,Covid-19,2025,44,1,0,26.62857142857143,80.85714285714286,32.6,0.0,0.0,0.0,1.0,1.0,0.0,1.0,0.0,0.0,0.0,0.0
Benue,Covid-19,2025,44,1,0,26.62857142857143,80.85714285714286,32.6,0.0,0.0,0.0,1.0,1.0,0.0,1.0,0.0,0.0,0.0,0.0
Benue,Covid-19,2025,45,1,0,26.875,79.75,8.3,0.0,0.0,0.0,1.0,1.0,0.0,1.0,0.0,0.0,0.0,0.0
Benue,Covid-19,2025,45,1,0,26.875,79.75,8.3,0.0,0.0,0.0,1.0,1.0,0.0,1.0,0.0,0.0,0.0,0.0
Benue,Covid-19,2025,45,1,0,26.875,79.75,8.3,0.0,0.0,0.0,1.0,1.0,0.0,1.0,0.0,0.0,0.0,0.0
Benue,Covid-19,2025,46,1,0,0.0,0.0,0.0,0.0,0.0,0.0,1.0,1.0,0.0,1.0,0.0,0.0,0.0,0.0
Borno,Covid-19,2020,1,30,2,19.428571428571427,23.285714285714285,0.0,0.0,213996181.0,51.958,0.0,0.0,0.0,30.0,0.0,2.0,0.0,0.014018941767937438
Borno,Covid-19,2020,1,30,2,19.428571428571427,23.285714285714285,0.0,0.0,213996181.0,51.958,30.0,0.0,2.0,30.0,0.0,2.0,0.0,0.014018941767937438
Borno,Covid-19,2020,1,30,2,19.428571428571427,23.285714285714285,0.0,0.0,213996181.0,51.958,30.0,30.0,2.0,30.0,0.0,2.0,0.0,0.014018941767937438
Borno,Covid-19,2025,46,12,2,0.0,0.0,0.0,0.0,0.0,0.0,30.0,30.0,2.0,25.5,9.0,2.0,-0.6,0.0
Cross River,Covid-19,2025,30,0,0,24.17142857142857,92.71428571428572,116.4,0.0,0.0,0.0,0.0,0.0,0.0,0.0,0.0,0.0,0.0,0.0
Cross River,Covid-19,2025,30,0,0,24.17142857142857,92.71428571428572,116.4,0.0,0.0,0.0,0.0,0.0,0.0,0.0,0.0,0.0,0.0,0.0
Cross River,Covid-19,2025,30,0,0,24.17142857142857,92.71428571428572,116.4,0.0,0.0,0.0,0.0,0.0,0.0,0.0,0.0,0.0,0.0,0.0
Cross River,Covid-19,2025,36,0,0,25.042857142857144,89.0,59.1,0.0,0.0,0.0,0.0,0.0,0.0,0.0,0.0,0.0,0.0,0.0
Cross River,Covid-19,2025,36,0,0,25.042857142857144,89.0,59.1,0.0,0.0,0.0,0.0,0.0,0.0,0.0,0.0,0.0,0.0,0.0
Cross River,Covid-19,2025,36,0,0,25.042857142857144,89.0,59.1,0.0,0.0,0.0,0.0,0.0,0.0,0.0,0.0,0.0,0.0,0.0
Cross River,Covid-19,2025,44,0,0,25.82857142857143,88.57142857142857,187.9,0.0,0.0,0.0,0.0,0.0,0.0,0.0,0.0,0.0,0.0,0.0
Cross River,Covid-19,2025,44,0,0,25.82857142857143,88.57142857142857,187.9,0.0,0.0,0.0,0.0,0.0,0.0,0.0,0.0,0.0,0.0,0.0
Cross River,Covid-19,2025,44,0,0,25.82857142857143,88.57142857142857,187.9,0.0,0.0,0.0,0.0,0.0,0.0,0.0,0.0,0.0,0.0,0.0
Delta,Covid-19,2020,1,6,1,26.228571428571428,51.71428571428572,0.0,0.0,213996181.0,51.958,0.0,0.0,0.0,6.0,0.0,1.0,0.0,0.0028037883535874876
Delta,Covid-19,2020,1,6,1,26.228571428571428,51.71428571428572,0.0,0.0,213996181.0,51.958,6.0,0.0,1.0,6.0,0.0,1.0,0.0,0.0028037883535874876
Delta,Covid-19,2020,1,6,1,26.228571428571428,51.71428571428572,0.0,0.0,213996181.0,51.958,6.0,6.0,1.0,6.0,0.0,1.0,0.0,0.0028037883535874876
Delta,Covid-19,2025,30,0,0,24.1,93.0,80.6,0.0,0.0,0.0,6.0,6.0,1.0,4.5,3.0,0.75,-1.0,0.0
Delta,Covid-19,2025,30,0,0,24.1,93.0,80.6,0.0,0.0,0.0,0.0,3.0,0.0,3.0,3.4641016151377544,0.5,0.0,0.0
Delta,Covid-19,2025,30,0,0,24.1,93.0,80.6,0.0,0.0,0.0,0.0,0.0,0.0,1.5,3.0,0.25,0.0,0.0
Delta,Covid-19,2025,36,0,0,25.0,88.14285714285714,44.3,0.0,0.0,0.0,0.0,0.0,0.0,0.0,0.0,0.0,0.0,0.0
Delta,Covid-19,2025,36,0,0,25.0,88.14285714285714,44.3,0.0,0.0,0.0,0.0,0.0,0.0,0.0,0.0,0.0,0.0,0.0
Delta,Covid-19,2025,36,0,0,25.0,88.14285714285714,44.3,0.0,0.0,0.0,0.0,0.0,0.0,0.0,0.0,0.0,0.0,0.0
Delta,Covid-19,2025,44,0,0,25.414285714285715,90.57142857142856,52.4,0.0,0.0,0.0,0.0,0.0,0.0,0.0,0.0,0.0,0.0,0.0
Delta,Covid-19,2025,44,0,0,25.414285714285715,90.57142857142856,52.4,0.0,0.0,0.0,0.0,0.0,0.0,0.0,0.0,0.0,0.0,0.0
Delta,Covid-19,2025,44,0,0,25.414285714285715,90.57142857142856,52.4,0.0,0.0,0.0,0.0,0.0,0.0,0.0,0.0,0.0,0.0,0.0
Delta,Covid-19,2025,46,6,1,0.0,0.0,0.0,0.0,0.0,0.0,0.0,0.0,0.0,1.5,3.0,0.25,0.0,0.0
Ebonyi,Covid-19,2025,30,0,0,24.342857142857145,91.0,105.6,0.0,0.0,0.0,0.0,0.0,0.0,0.0,0.0,0.0,0.0,0.0
Ebonyi,Covid-19,2025,30,0,0,24.342857142857145,91.0,105.6,0.0,0.0,0.0,0.0,0.0,0.0,0.0,0.0,0.0,0.0,0.0
Ebonyi,Covid-19,2025,36,0,0,25.25714285714286,87.28571428571429,56.4,0.0,0.0,0.0,0.0,0.0,0.0,0.0,0.0,0.0,0.0,0.0
Ebonyi,Covid-19,2025,36,0,0,25.25714285714286,87.28571428571429,56.4,0.0,0.0,0.0,0.0,0.0,0.0,0.0,0.0,0.0,0.0,0.0
Ebonyi,Covid-19,2025,44,0,0,26.32857142857143,85.71428571428571,50.2,0.0,0.0,0.0,0.0,0.0,0.0,0.0,0.0,0.0,0.0,0.0
Ebonyi,Covid-19,2025,44,0,0,26.32857142857143,85.71428571428571,50.2,0.0,0.0,0.0,0.0,0.0,0.0,0.0,0.0,0.0,0.0,0.0
Edo,Covid-19,2020,1,7,1,26.24285714285714,42.142857142857146,0.0,0.0,213996181.0,51.958,0.0,0.0,0.0,7.0,0.0,1.0,0.0,0.0032710864125187356
Edo,Covid-19,2020,1,7,1,26.24285714285714,42.142857142857146,0.0,0.0,213996181.0,51.958,7.0,0.0,1.0,7.0,0.0,1.0,0.0,0.0032710864125187356
Edo,Covid-19,2020,1,7,1,26.24285714285714,42.142857142857146,0.0,0.0,213996181.0,51.958,7.0,7.0,1.0,7.0,0.0,1.0,0.0,0.0032710864125187356
Edo,Covid-19,2025,10,7,1,28.67142857142857,76.85714285714286,28.4,0.0,0.0,0.0,7.0,7.0,1.0,7.0,0.0,1.0,0.0,0.0
Edo,Covid-19,2025,10,7,1,28.67142857142857,76.85714285714286,28.4,0.0,0.0,0.0,7.0,7.0,1.0,7.0,0.0,1.0,0.0,0.0
Edo,Covid-19,2025,10,7,1,28.67142857142857,76.85714285714286,28.4,0.0,0.0,0.0,7.0,7.0,1.0,7.0,0.0,1.0,0.0,0.0
Edo,Covid-19,2025,30,1,0,24.0,90.85714285714286,66.9,0.0,0.0,0.0,7.0,7.0,1.0,5.5,3.0,0.75,-0.8571428571428571,0.0
Edo,Covid-19,2025,30,1,0,24.0,90.85714285714286,66.9,0.0,0.0,0.0,1.0,4.0,0.0,4.0,3.4641016151377544,0.5,0.0,0.0
Edo,Covid-19,2025,30,1,0,24.0,90.85714285714286,66.9,0.0,0.0,0.0,1.0,1.0,0.0,2.5,3.0,0.25,0.0,0.0
Edo,Covid-19,2025,36,0,0,24.985714285714288,85.14285714285714,21.0,0.0,0.0,0.0,1.0,1.0,0.0,0.75,0.5,0.0,-1.0,0.0
Edo,Covid-19,2025,36,0,0,24.985714285714288,85.14285714285714,21.0,0.0,0.0,0.0,0.0,0.5,0.0,0.5,0.5773502691896257,0.0,0.0,0.0
Edo,Covid-19,2025,36,0,0,24.985714285714288,85.14285714285714,21.0,0.0,0.0,0.0,0.0,0.0,0.0,0.25,0.5,0.0,0.0,0.0
Edo,Covid-19,2025,44,1,0,25.65714285714285,88.71428571428571,5.2,0.0,0.0,0.0,0.0,0.0,0.0,0.25,0.5,0.0,0.0,0.0
Edo,Covid-19,2025,44,1,0,25.65714285714285,88.71428571428571,5.2,0.0,0.0,0.0,1.0,0.5,0.0,0.5,0.5773502691896257,0.0,0.0,0.0
Edo,Covid-19,2025,44,1,0,25.65714285714285,88.71428571428571,5.2,0.0,0.0,0.0,1.0,1.0,0.0,0.75,0.5,0.0,0.0,0.0
Edo,Covid-19,2025,45,0,0,25.3,90.0,38.8,0.0,0.0,0.0,1.0,1.0,0.0,0.75,0.5,0.0,-1.0,0.0
Edo,Covid-19,2025,45,0,0,25.3,90.0,38.8,0.0,0.0,0.0,0.0,0.5,0.0,0.5,0.5773502691896257,0.0,0.0,0.0
Edo,Covid-19,2025,45,0,0,25.3,90.0,38.8,0.0,0.0,0.0,0.0,0.0,0.0,0.25,0.5,0.0,0.0,0.0
Edo,Covid-19,2025,46,17,2,0.0,0.0,0.0,0.0,0.0,0.0,0.0,0.0,0.0,4.25,8.5,0.5,0.0,0.0
Edo,Covid-19,2025,48,0,0,0.0,0.0,0.0,0.0,0.0,0.0,17.0,8.5,2.0,4.25,8.5,0.5,-1.0,0.0
Ekiti,Covid-19,2020,1,2,0,24.6,28.142857142857142,0.0,0.0,213996181.0,51.958,0.0,0.0,0.0,2.0,0.0,0.0,0.0,0.0009345961178624959
Ekiti,Covid-19,2020,1,2,0,24.6,28.142857142857142,0.0,0.0,213996181.0,51.958,2.0,0.0,0.0,2.0,0.0,0.0,0.0,0.0009345961178624959
Ekiti,Covid-19,2020,1,2,0,24.6,28.142857142857142,0.0,0.0,213996181.0,51.958,2.0,2.0,0.0,2.0,0.0,0.0,0.0,0.0009345961178624959
Ekiti,Covid-19,2025,10,2,0,28.27142857142857,70.14285714285714,1.1,0.0,0.0,0.0,2.0,2.0,0.0,2.0,0.0,0.0,0.0,0.0
Ekiti,Covid-19,2025,10,2,0,28.27142857142857,70.14285714285714,1.1,0.0,0.0,0.0,2.0,2.0,0.0,2.0,0.0,0.0,0.0,0.0
Ekiti,Covid-19,2025,10,2,0,28.27142857142857,70.14285714285714,1.1,0.0,0.0,0.0,2.0,2.0,0.0,2.0,0.0,0.0,0.0,0.0
Ekiti,Covid-19,2025,30,1,0,22.985714285714288,88.0,33.6,0.0,0.0,0.0,2.0,2.0,0.0,1.75,0.5,0.0,-0.5,0.0
Ekiti,Covid-19,2025,30,1,0,22.985714285714288,88.0,33.6,0.0,0.0,0.0,1.0,1.5,0.0,1.5,0.5773502691896257,0.0,0.0,0.0
Ekiti,Covid-19,2025,30,1,0,22.985714285714288,88.0,33.6,0.0,0.0,0.0,1.0,1.0,0.0,1.25,0.5,0.0,0.0,0.0
Ekiti,Covid-19,2025,36,1,0,23.685714285714287,84.85714285714286,10.6,0.0,0.0,0.0,1.0,1.0,0.0,1.0,0.0,0.0,0.0,0.0
Ekiti,Covid-19,2025,36,1,0,23.685714285714287,84.85714285714286,10.6,0.0,0.0,0.0,1.0,1.0,0.0,1.0,0.0,0.0,0.0,0.0
Ekiti,Covid-19,2025,36,1,0,23.685714285714287,84.85714285714286,10.6,0.0,0.0,0.0,1.0,1.0,0.0,1.0,0.0,0.0,0.0,0.0
Ekiti,Covid-19,2025,44,1,0,25.685714285714287,77.57142857142857,1.6,0.0,0.0,0.0,1.0,1.0,0.0,1.0,0.0,0.0,0.0,0.0
Ekiti,Covid-19,2025,44,1,0,25.685714285714287,77.57142857142857,1.6,0.0,0.0,0.0,1.0,1.0,0.0,1.0,0.0,0.0,0.0,0.0
Ekiti,Covid-19,2025,44,1,0,25.685714285714287,77.57142857142857,1.6,0.0,0.0,0.0,1.0,1.0,0.0,1.0,0.0,0.0,0.0,0.0
Ekiti,Covid-19,2025,45,2,0,24.875,84.0,14.2,0.0,0.0,0.0,1.0,1.0,0.0,1.25,0.5,0.0,1.0,0.0
Ekiti,Covid-19,2025,45,2,0,24.875,84.0,14.2,0.0,0.0,0.0,2.0,1.5,0.0,1.5,0.5773502691896257,0.0,0.0,0.0
Ekiti,Covid-19,2025,45,2,0,24.875,84.0,14.2,0.0,0.0,0.0,2.0,2.0,0.0,1.75,0.5,0.0,0.0,0.0
Ekiti,Covid-19,2025,46,4,1,0.0,0.0,0.0,0.0,0.0,0.0,2.0,2.0,0.0,2.5,1.0,0.25,1.0,0.0
Enugu,Covid-19,2020,1,2,0,26.385714285714283,23.857142857142858,0.0,0.0,213996181.0,51.958,0.0,0.0,0.0,2.0,0.0,0.0,0.0,0.0009345961178624959
Enugu,Covid-19,2020,1,2,0,26.385714285714283,23.857142857142858,0.0,0.0,213996181.0,51.958,2.0,0.0,0.0,2.0,0.0,0.0,0.0,0.0009345961178624959
Enugu,Covid-19,2020,1,2,0,26.385714285714283,23.857142857142858,0.0,0.0,213996181.0,51.958,2.0,2.0,0.0,2.0,0.0,0.0,0.0,0.0009345961178624959
Enugu,Covid-19,2025,10,2,0,30.342857142857145,62.85714285714285,1.2,0.0,0.0,0.0,2.0,2.0,0.0,2.0,0.0,0.0,0.0,0.0
Enugu,Covid-19,2025,10,2,0,30.342857142857145,62.85714285714285,1.2,0.0,0.0,0.0,2.0,2.0,0.0,2.0,0.0,0.0,0.0,0.0
Enugu,Covid-19,2025,10,2,0,30.342857142857145,62.85714285714285,1.2,0.0,0.0,0.0,2.0,2.0,0.0,2.0,0.0,0.0,0.0,0.0
Enugu,Covid-19,2025,30,0,0,23.785714285714285,90.85714285714286,75.39999999999999,0.0,0.0,0.0,2.0,2.0,0.0,1.5,1.0,0.0,-1.0,0.0
Enugu,Covid-19,2025,30,0,0,23.785714285714285,90.85714285714286,75.39999999999999,0.0,0.0,0.0,0.0,1.0,0.0,1.0,1.1547005383792515,0.0,0.0,0.0
Enugu,Covid-19,2025,30,0,0,23.785714285714285,90.85714285714286,75.39999999999999,0.0,0.0,0.0,0.0,0.0,0.0,0.5,1.0,0.0,0.0,0.0
Enugu,Covid-19,2025,36,0,0,24.67142857142857,86.71428571428571,42.4,0.0,0.0,0.0,0.0,0.0,0.0,0.0,0.0,0.0,0.0,0.0
Enugu,Covid-19,2025,36,0,0,24.67142857142857,86.71428571428571,42.4,0.0,0.0,0.0,0.0,0.0,0.0,0.0,0.0,0.0,0.0,0.0
Enugu,Covid-19,2025,36,0,0,24.67142857142857,86.71428571428571,42.4,0.0,0.0,0.0,0.0,0.0,0.0,0.0,0.0,0.0,0.0,0.0
Enugu,Covid-19,2025,44,0,0,25.542857142857144,87.85714285714286,44.2,0.0,0.0,0.0,0.0,0.0,0.0,0.0,0.0,0.0,0.0,0.0
Enugu,Covid-19,2025,44,0,0,25.542857142857144,87.85714285714286,44.2,0.0,0.0,0.0,0.0,0.0,0.0,0.0,0.0,0.0,0.0,0.0
Enugu,Covid-19,2025,44,0,0,25.542857142857144,87.85714285714286,44.2,0.0,0.0,0.0,0.0,0.0,0.0,0.0,0.0,0.0,0.0,0.0
Enugu,Covid-19,2025,45,0,0,25.775,84.75,10.4,0.0,0.0,0.0,0.0,0.0,0.0,0.0,0.0,0.0,0.0,0.0
Enugu,Covid-19,2025,45,0,0,25.775,84.75,10.4,0.0,0.0,0.0,0.0,0.0,0.0,0.0,0.0,0.0,0.0,0.0
Enugu,Covid-19,2025,45,0,0,25.775,84.75,10.4,0.0,0.0,0.0,0.0,0.0,0.0,0.0,0.0,0.0,0.0,0.0
Enugu,Covid-19,2025,46,2,0,0.0,0.0,0.0,0.0,0.0,0.0,0.0,0.0,0.0,0.5,1.0,0.0,0.0,0.0
Gombe,Covid-19,2020,1,30,0,20.842857142857145,19.285714285714285,0.0,0.0,213996181.0,51.958,0.0,0.0,0.0,30.0,0.0,0.0,0.0,0.014018941767937438
Gombe,Covid-19,2020,1,30,0,20.842857142857145,19.285714285714285,0.0,0.0,213996181.0,51.958,30.0,0.0,0.0,30.0,0.0,0.0,0.0,0.014018941767937438
Gombe,Covid-19,2020,1,30,0,20.842857142857145,19.285714285714285,0.0,0.0,213996181.0,51.958,30.0,30.0,0.0,30.0,0.0,0.0,0.0,0.014018941767937438
Gombe,Covid-19,2025,46,9,0,0.0,0.0,0.0,0.0,0.0,0.0,30.0,30.0,0.0,24.75,10.5,0.0,-0.7,0.0
Imo,Covid-19,2020,1,1,0,27.185714285714287,39.142857142857146,0.0,0.0,213996181.0,51.958,0.0,0.0,0.0,1.0,0.0,0.0,0.0,0.00046729805893124795
Imo,Covid-19,2020,1,1,0,27.185714285714287,39.142857142857146,0.0,0.0,213996181.0,51.958,1.0,0.0,0.0,1.0,0.0,0.0,0.0,0.00046729805893124795
Imo,Covid-19,2020,1,1,0,27.185714285714287,39.142857142857146,0.0,0.0,213996181.0,51.958,1.0,1.0,0.0,1.0,0.0,0.0,0.0,0.00046729805893124795
Jigawa,Covid-19,2020,1,2,0,18.185714285714287,22.428571428571427,0.0,0.0,213996181.0,51.958,0.0,0.0,0.0,2.0,0.0,0.0,0.0,0.0009345961178624959
Jigawa,Covid-19,2020,1,2,0,18.185714285714287,22.428571428571427,0.0,0.0,213996181.0,51.958,2.0,0.0,0.0,2.0,0.0,0.0,0.0,0.0009345961178624959
Jigawa,Covid-19,2020,1,2,0,18.185714285714287,22.428571428571427,0.0,0.0,213996181.0,51.958,2.0,2.0,0.0,2.0,0.0,0.0,0.0,0.0009345961178624959
Jigawa,Covid-19,2025,36,0,0,25.15714285714285,83.71428571428571,48.4,0.0,0.0,0.0,2.0,2.0,0.0,1.5,1.0,0.0,-1.0,0.0
Jigawa,Covid-19,2025,36,0,0,25.15714285714285,83.71428571428571,48.4,0.0,0.0,0.0,0.0,1.0,0.0,1.0,1.1547005383792515,0.0,0.0,0.0
Jigawa,Covid-19,2025,36,0,0,25.15714285714285,83.71428571428571,48.4,0.0,0.0,0.0,0.0,0.0,0.0,0.5,1.0,0.0,0.0,0.0
Jigawa,Covid-19,2025,46,2,0,0.0,0.0,0.0,0.0,0.0,0.0,0.0,0.0,0.0,0.5,1.0,0.0,0.0,0.0
Kaduna,Covid-19,2020,1,4,0,19.642857142857142,24.285714285714285,0.0,0.0,213996181.0,51.958,0.0,0.0,0.0,4.0,0.0,0.0,0.0,0.0018691922357249918
Kaduna,Covid-19,2020,1,4,0,19.642857142857142,24.285714285714285,0.0,0.0,213996181.0,51.958,4.0,0.0,0.0,4.0,0.0,0.0,0.0,0.0018691922357249918
Kaduna,Covid-19,2020,1,4,0,19.642857142857142,24.285714285714285,0.0,0.0,213996181.0,51.958,4.0,4.0,0.0,4.0,0.0,0.0,0.0,0.0018691922357249918
Kaduna,Covid-19,2025,10,4,0,29.15714285714285,19.285714285714285,0.0,0.0,0.0,0.0,4.0,4.0,0.0,4.0,0.0,0.0,0.0,0.0
Kaduna,Covid-19,2025,10,4,0,29.15714285714285,19.285714285714285,0.0,0.0,0.0,0.0,4.0,4.0,0.0,4.0,0.0,0.0,0.0,0.0
Kaduna,Covid-19,2025,10,4,0,29.15714285714285,19.285714285714285,0.0,0.0,0.0,0.0,4.0,4.0,0.0,4.0,0.0,0.0,0.0,0.0
Kaduna,Covid-19,2025,36,0,0,23.357142857142858,86.28571428571429,37.0,0.0,0.0,0.0,4.0,4.0,0.0,3.0,2.0,0.0,-1.0,0.0
Kaduna,Covid-19,2025,36,0,0,23.357142857142858,86.28571428571429,37.0,0.0,0.0,0.0,0.0,2.0,0.0,2.0,2.309401076758503,0.0,0.0,0.0
Kaduna,Covid-19,2025,36,0,0,23.357142857142858,86.28571428571429,37.0,0.0,0.0,0.0,0.0,0.0,0.0,1.0,2.0,0.0,0.0,0.0
Kaduna,Covid-19,2025,44,1,0,24.914285714285715,55.0,0.0,0.0,0.0,0.0,0.0,0.0,0.0,0.25,0.5000000000000006,0.0,0.0,0.0
Kaduna,Covid-19,2025,44,1,0,24.914285714285715,55.0,0.0,0.0,0.0,0.0,1.0,0.5,0.0,0.5,0.5773502691896263,0.0,0.0,0.0
Kaduna,Covid-19,2025,44,1,0,24.914285714285715,55.0,0.0,0.0,0.0,0.0,1.0,1.0,0.0,0.75,0.5000000000000006,0.0,0.0,0.0
Kaduna,Covid-19,2025,45,5,0,26.275,43.25,0.0,0.0,0.0,0.0,1.0,1.0,0.0,2.0,2.0,0.0,4.0,0.0
Kaduna,Covid-19,2025,45,5,0,26.275,43.25,0.0,0.0,0.0,0.0,5.0,3.0,0.0,3.0,2.309401076758503,0.0,0.0,0.0
Kaduna,Covid-19,2025,45,5,0,26.275,43.25,0.0,0.0,0.0,0.0,5.0,5.0,0.0,4.0,2.0,0.0,0.0,0.0
Kaduna,Covid-19,2025,46,9,0,0.0,0.0,0.0,0.0,0.0,0.0,5.0,5.0,0.0,6.0,2.0,0.0,0.8,0.0
Kano,Covid-19,2020,1,77,1,17.32857142857143,25.285714285714285,0.0,0.0,213996181.0,51.958,0.0,0.0,0.0,77.0,0.0,1.0,0.0,0.035981950537706094
Kano,Covid-19,2020,1,77,1,17.32857142857143,25.285714285714285,0.0,0.0,213996181.0,51.958,77.0,0.0,1.0,77.0,0.0,1.0,0.0,0.035981950537706094
Kano,Covid-19,2020,1,77,1,17.32857142857143,25.285714285714285,0.0,0.0,213996181.0,51.958,77.0,77.0,1.0,77.0,0.0,1.0,0.0,0.035981950537706094
Kano,Covid-19,2025,30,0,0,24.97142857142857,82.28571428571429,80.9,0.0,0.0,0.0,77.0,77.0,1.0,57.75,38.5,0.75,-1.0,0.0
Kano,Covid-19,2025,30,0,0,24.97142857142857,82.28571428571429,80.9,0.0,0.0,0.0,0.0,38.5,0.0,38.5,44.45597072760118,0.5,0.0,0.0
Kano,Covid-19,2025,30,0,0,24.97142857142857,82.28571428571429,80.9,0.0,0.0,0.0,0.0,0.0,0.0,19.25,38.5,0.25,0.0,0.0
Kano,Covid-19,2025,36,0,0,24.342857142857145,85.0,51.6,0.0,0.0,0.0,0.0,0.0,0.0,0.0,0.0,0.0,0.0,0.0
Kano,Covid-19,2025,36,0,0,24.342857142857145,85.0,51.6,0.0,0.0,0.0,0.0,0.0,0.0,0.0,0.0,0.0,0.0,0.0
Kano,Covid-19,2025,36,0,0,24.342857142857145,85.0,51.6,0.0,0.0,0.0,0.0,0.0,0.0,0.0,0.0,0.0,0.0,0.0
Kano,Covid-19,2025,44,0,0,27.085714285714285,33.714285714285715,0.0,0.0,0.0,0.0,0.0,0.0,0.0,0.0,0.0,0.0,0.0,0.0
Kano,Covid-19,2025,44,0,0,27.085714285714285,33.714285714285715,0.0,0.0,0.0,0.0,0.0,0.0,0.0,0.0,0.0,0.0,0.0,0.0
Kano,Covid-19,2025,44,0,0,27.085714285714285,33.714285714285715,0.0,0.0,0.0,0.0,0.0,0.0,0.0,0.0,0.0,0.0,0.0,0.0
Kano,Covid-19,2025,45,0,0,27.825,29.0,0.0,0.0,0.0,0.0,0.0,0.0,0.0,0.0,0.0,0.0,0.0,0.0
Kano,Covid-19,2025,45,0,0,27.825,29.0,0.0,0.0,0.0,0.0,0.0,0.0,0.0,0.0,0.0,0.0,0.0,0.0
Kano,Covid-19,2025,45,0,0,27.825,29.0,0.0,0.0,0.0,0.0,0.0,0.0,0.0,0.0,0.0,0.0,0.0,0.0
Kano,Covid-19,2025,46,73,1,0.0,0.0,0.0,0.0,0.0,0.0,0.0,0.0,0.0,18.25,36.5,0.25,0.0,0.0
Kano,Covid-19,2025,48,0,0,0.0,0.0,0.0,0.0,0.0,0.0,73.0,36.5,1.0,18.25,36.5,0.25,-1.0,0.0
Katsina,Covid-19,2020,1,30,1,16.8,22.857142857142858,0.0,0.0,213996181.0,51.958,0.0,0.0,0.0,30.0,0.0,1.0,0.0,0.014018941767937438
Katsina,Covid-19,2020,1,30,1,16.8,22.857142857142858,0.0,0.0,213996181.0,51.958,30.0,0.0,1.0,30.0,0.0,1.0,0.0,0.014018941767937438
Katsina,Covid-19,2020,1,30,1,16.8,22.857142857142858,0.0,0.0,213996181.0,51.958,30.0,30.0,1.0,30.0,0.0,1.0,0.0,0.014018941767937438
Katsina,Covid-19,2025,30,0,0,25.228571428571428,80.42857142857143,25.700000000000003,0.0,0.0,0.0,30.0,30.0,1.0,22.5,15.0,0.75,-1.0,0.0
Katsina,Covid-19,2025,30,0,0,25.228571428571428,80.42857142857143,25.700000000000003,0.0,0.0,0.0,0.0,15.0,0.0,15.0,17.320508075688775,0.5,0.0,0.0
Katsina,Covid-19,2025,30,0,0,25.228571428571428,80.42857142857143,25.700000000000003,0.0,0.0,0.0,0.0,0.0,0.0,7.5,15.0,0.25,0.0,0.0
Katsina,Covid-19,2025,36,0,0,24.542857142857144,84.28571428571429,67.8,0.0,0.0,0.0,0.0,0.0,0.0,0.0,0.0,0.0,0.0,0.0
Katsina,Covid-19,2025,36,0,0,24.542857142857144,84.28571428571429,67.8,0.0,0.0,0.0,0.0,0.0,0.0,0.0,0.0,0.0,0.0,0.0
Katsina,Covid-19,2025,36,0,0,24.542857142857144,84.28571428571429,67.8,0.0,0.0,0.0,0.0,0.0,0.0,0.0,0.0,0.0,0.0,0.0
Katsina,Covid-19,2025,44,0,0,27.32857142857143,29.857142857142858,0.0,0.0,0.0,0.0,0.0,0.0,0.0,0.0,0.0,0.0,0.0,0.0
Katsina,Covid-19,2025,44,0,0,27.32857142857143,29.857142857142858,0.0,0.0,0.0,0.0,0.0,0.0,0.0,0.0,0.0,0.0,0.0,0.0
Katsina,Covid-19,2025,44,0,0,27.32857142857143,29.857142857142858,0.0,0.0,0.0,0.0,0.0,0.0,0.0,0.0,0.0,0.0,0.0,0.0
Katsina,Covid-19,2025,46,21,1,0.0,0.0,0.0,0.0,0.0,0.0,0.0,0.0,0.0,5.25,10.5,0.25,0.0,0.0
Kebbi,Covid-19,2025,30,0,0,26.4,79.71428571428571,66.8,0.0,0.0,0.0,0.0,0.0,0.0,0.0,0.0,0.0,0.0,0.0
Kebbi,Covid-19,2025,30,0,0,26.4,79.71428571428571,66.8,0.0,0.0,0.0,0.0,0.0,0.0,0.0,0.0,0.0,0.0,0.0
Kebbi,Covid-19,2025,30,0,0,26.4,79.71428571428571,66.8,0.0,0.0,0.0,0.0,0.0,0.0,0.0,0.0,0.0,0.0,0.0
Kebbi,Covid-19,2025,36,0,0,25.3,86.71428571428571,48.2,0.0,0.0,0.0,0.0,0.0,0.0,0.0,0.0,0.0,0.0,0.0
Kebbi,Covid-19,2025,36,0,0,25.3,86.71428571428571,48.2,0.0,0.0,0.0,0.0,0.0,0.0,0.0,0.0,0.0,0.0,0.0
Kebbi,Covid-19,2025,36,0,0,25.3,86.71428571428571,48.2,0.0,0.0,0.0,0.0,0.0,0.0,0.0,0.0,0.0,0.0,0.0
Kwara,Covid-19,2020,1,11,0,23.557142857142857,26.0,0.0,0.0,213996181.0,51.958,0.0,0.0,0.0,11.0,0.0,0.0,0.0,0.005140278648243728
Kwara,Covid-19,2020,1,11,0,23.557142857142857,26.0,0.0,0.0,213996181.0,51.958,11.0,0.0,0.0,11.0,0.0,0.0,0.0,0.005140278648243728
Kwara,Covid-19,2025,46,11,0,0.0,0.0,0.0,0.0,0.0,0.0,11.0,11.0,0.0,11.0,0.0,0.0,0.0,0.0
Lagos,Covid-19,2020,1,109,1,26.714285714285715,45.0,0.0,0.0,213996181.0,51.958,0.0,0.0,0.0,109.0,0.0,1.0,0.0,0.05093548842350602
Lagos,Covid-19,2020,1,109,1,26.714285714285715,45.0,0.0,0.0,213996181.0,51.958,109.0,0.0,1.0,109.0,0.0,1.0,0.0,0.05093548842350602
Lagos,Covid-19,2025,10,109,1,28.785714285714285,80.71428571428571,20.9,0.0,0.0,0.0,109.0,109.0,1.0,109.0,0.0,1.0,0.0,0.0
Lagos,Covid-19,2025,10,109,1,28.785714285714285,80.71428571428571,20.9,0.0,0.0,0.0,109.0,109.0,1.0,109.0,0.0,1.0,0.0,0.0
Lagos,Covid-19,2025,30,32,0,25.5,81.71428571428571,8.2,0.0,0.0,0.0,109.0,109.0,1.0,89.75,38.5,0.75,-0.7064220183486238,0.0
Lagos,Covid-19,2025,30,32,0,25.5,81.71428571428571,8.2,0.0,0.0,0.0,32.0,70.5,0.0,70.5,44.45597072760118,0.5,0.0,0.0
Lagos,Covid-19,2025,36,0,0,25.642857142857142,81.71428571428571,4.8,0.0,0.0,0.0,32.0,32.0,0.0,43.25,46.35640912178883,0.25,-1.0,0.0
Lagos,Covid-19,2025,36,0,0,25.642857142857142,81.71428571428571,4.8,0.0,0.0,0.0,0.0,16.0,0.0,16.0,18.475208614068016,0.0,0.0,0.0
Lagos,Covid-19,2025,44,29,0,27.17142857142857,83.28571428571429,46.8,0.0,0.0,0.0,0.0,0.0,0.0,15.25,17.651723239767076,0.0,0.0,0.0
Lagos,Covid-19,2025,44,29,0,27.17142857142857,83.28571428571429,46.8,0.0,0.0,0.0,29.0,14.5,0.0,14.5,16.74315780649914,0.0,0.0,0.0
Lagos,Covid-19,2025,45,0,0,26.95,83.75,33.6,0.0,0.0,0.0,29.0,29.0,0.0,14.5,16.74315780649914,0.0,-1.0,0.0
Lagos,Covid-19,2025,45,0,0,26.95,83.75,33.6,0.0,0.0,0.0,0.0,14.5,0.0,14.5,16.74315780649914,0.0,0.0,0.0
Lagos,Covid-19,2025,46,582,16,0.0,0.0,0.0,0.0,0.0,0.0,0.0,0.0,0.0,152.75,286.4930191121592,4.0,0.0,0.0
Lagos,Covid-19,2025,48,0,0,0.0,0.0,0.0,0.0,0.0,0.0,582.0,291.0,16.0,145.5,291.0,4.0,-1.0,0.0
Nasarawa,Covid-19,2025,30,0,0,24.47142857142857,88.42857142857143,92.1,0.0,0.0,0.0,0.0,0.0,0.0,0.0,0.0,0.0,0.0,0.0
Nasarawa,Covid-19,2025,30,0,0,24.47142857142857,88.42857142857143,92.1,0.0,0.0,0.0,0.0,0.0,0.0,0.0,0.0,0.0,0.0,0.0
Nasarawa,Covid-19,2025,36,0,0,25.31428571428572,84.28571428571429,55.8,0.0,0.0,0.0,0.0,0.0,0.0,0.0,0.0,0.0,0.0,0.0
Nasarawa,Covid-19,2025,36,0,0,25.31428571428572,84.28571428571429,55.8,0.0,0.0,0.0,0.0,0.0,0.0,0.0,0.0,0.0,0.0,0.0
Nasarawa,Covid-19,2025,44,0,0,28.014285714285712,71.14285714285714,16.4,0.0,0.0,0.0,0.0,0.0,0.0,0.0,0.0,0.0,0.0,0.0
Nasarawa,Covid-19,2025,44,0,0,28.014285714285712,71.14285714285714,16.4,0.0,0.0,0.0,0.0,0.0,0.0,0.0,0.0,0.0,0.0,0.0
Niger,Covid-19,2020,1,2,0,24.4,22.571428571428573,0.0,0.0,213996181.0,51.958,0.0,0.0,0.0,2.0,0.0,0.0,0.0,0.0009345961178624959
Niger,Covid-19,2020,1,2,0,24.4,22.571428571428573,0.0,0.0,213996181.0,51.958,2.0,0.0,0.0,2.0,0.0,0.0,0.0,0.0009345961178624959
Niger,Covid-19,2025,46,2,0,0.0,0.0,0.0,0.0,0.0,0.0,2.0,2.0,0.0,2.0,0.0,0.0,0.0,0.0
Ogun,Covid-19,2020,1,4,0,27.02857142857143,28.0,0.0,0.0,213996181.0,51.958,0.0,0.0,0.0,4.0,0.0,0.0,0.0,0.0018691922357249918
Ogun,Covid-19,2020,1,4,0,27.02857142857143,28.0,0.0,0.0,213996181.0,51.958,4.0,0.0,0.0,4.0,0.0,0.0,0.0,0.0018691922357249918
Ogun,Covid-19,2025,10,4,0,29.37142857142857,76.0,7.2,0.0,0.0,0.0,4.0,4.0,0.0,4.0,0.0,0.0,0.0,0.0
Ogun,Covid-19,2025,10,4,0,29.37142857142857,76.0,7.2,0.0,0.0,0.0,4.0,4.0,0.0,4.0,0.0,0.0,0.0,0.0
Ogun,Covid-19,2025,30,3,0,24.928571428571427,84.14285714285714,21.0,0.0,0.0,0.0,4.0,4.0,0.0,3.75,0.5,0.0,-0.25,0.0
Ogun,Covid-19,2025,30,3,0,24.928571428571427,84.14285714285714,21.0,0.0,0.0,0.0,3.0,3.5,0.0,3.5,0.5773502691896257,0.0,0.0,0.0
Ogun,Covid-19,2025,36,0,1,25.4,81.71428571428571,6.7,0.0,0.0,0.0,3.0,3.0,0.0,2.5,1.7320508075688772,0.25,-1.0,0.0
Ogun,Covid-19,2025,36,0,1,25.4,81.71428571428571,6.7,0.0,0.0,0.0,0.0,1.5,1.0,1.5,1.7320508075688772,0.5,0.0,0.0
Ogun,Covid-19,2025,44,3,0,26.61428571428572,84.71428571428571,14.7,0.0,0.0,0.0,0.0,0.0,1.0,1.5,1.7320508075688772,0.5,0.0,0.0
Ogun,Covid-19,2025,44,3,0,26.61428571428572,84.71428571428571,14.7,0.0,0.0,0.0,3.0,1.5,0.0,1.5,1.7320508075688772,0.5,0.0,0.0
Ogun,Covid-19,2025,45,0,0,26.4,85.5,9.2,0.0,0.0,0.0,3.0,3.0,0.0,1.5,1.7320508075688772,0.25,-1.0,0.0
Ogun,Covid-19,2025,45,0,0,26.4,85.5,9.2,0.0,0.0,0.0,0.0,1.5,0.0,1.5,1.7320508075688772,0.0,0.0,0.0
Ogun,Covid-19,2025,46,29,1,0.0,0.0,0.0,0.0,0.0,0.0,0.0,0.0,0.0,8.0,14.071247279470288,0.25,0.0,0.0
Ogun,Covid-19,2025,48,0,0,0.0,0.0,0.0,0.0,0.0,0.0,29.0,14.5,1.0,7.25,14.5,0.25,-1.0,0.0
Ondo,Covid-19,2020,1,1,0,25.014285714285712,31.142857142857142,0.0,0.0,213996181.0,51.958,0.0,0.0,0.0,1.0,0.0,0.0,0.0,0.00046729805893124795
Ondo,Covid-19,2020,1,1,0,25.014285714285712,31.142857142857142,0.0,0.0,213996181.0,51.958,1.0,0.0,0.0,1.0,0.0,0.0,0.0,0.00046729805893124795
Ondo,Covid-19,2025,10,1,0,28.11428571428572,74.28571428571429,6.4,0.0,0.0,0.0,1.0,1.0,0.0,1.0,0.0,0.0,0.0,0.0
Ondo,Covid-19,2025,10,1,0,28.11428571428572,74.28571428571429,6.4,0.0,0.0,0.0,1.0,1.0,0.0,1.0,0.0,0.0,0.0,0.0
Ondo,Covid-19,2025,30,0,0,23.228571428571428,88.85714285714286,21.2,0.0,0.0,0.0,1.0,1.0,0.0,0.75,0.5,0.0,-1.0,0.0
Ondo,Covid-19,2025,30,0,0,23.228571428571428,88.85714285714286,21.2,0.0,0.0,0.0,0.0,0.5,0.0,0.5,0.5773502691896257,0.0,0.0,0.0
Ondo,Covid-19,2025,36,0,0,23.97142857142857,84.85714285714286,11.4,0.0,0.0,0.0,0.0,0.0,0.0,0.25,0.5,0.0,0.0,0.0
Ondo,Covid-19,2025,36,0,0,23.97142857142857,84.85714285714286,11.4,0.0,0.0,0.0,0.0,0.0,0.0,0.0,0.0,0.0,0.0,0.0
Ondo,Covid-19,2025,44,0,0,25.585714285714285,82.42857142857143,7.199999999999999,0.0,0.0,0.0,0.0,0.0,0.0,0.0,0.0,0.0,0.0,0.0
Ondo,Covid-19,2025,44,0,0,25.585714285714285,82.42857142857143,7.199999999999999,0.0,0.0,0.0,0.0,0.0,0.0,0.0,0.0,0.0,0.0,0.0
Ondo,Covid-19,2025,45,1,0,25.275,84.75,30.5,0.0,0.0,0.0,0.0,0.0,0.0,0.25,0.5,0.0,0.0,0.0
Ondo,Covid-19,2025,45,1,0,25.275,84.75,30.5,0.0,0.0,0.0,1.0,0.5,0.0,0.5,0.5773502691896257,0.0,0.0,0.0
Ondo,Covid-19,2025,46,3,0,0.0,0.0,0.0,0.0,0.0,0.0,1.0,1.0,0.0,1.25,1.2583057392117918,0.0,2.0,0.0
Osun,Covid-19,2020,1,22,0,25.042857142857144,27.142857142857142,0.0,0.0,213996181.0,51.958,0.0,0.0,0.0,22.0,0.0,0.0,0.0,0.010280557296487455
Osun,Covid-19,2020,1,22,0,25.042857142857144,27.142857142857142,0.0,0.0,213996181.0,51.958,22.0,0.0,0.0,22.0,0.0,0.0,0.0,0.010280557296487455
Osun,Covid-19,2020,1,22,0,25.042857142857144,27.142857142857142,0.0,0.0,213996181.0,51.958,22.0,22.0,0.0,22.0,0.0,0.0,0.0,0.010280557296487455
Osun,Covid-19,2025,10,20,0,29.0,70.42857142857143,5.4,0.0,0.0,0.0,22.0,22.0,0.0,21.5,1.0,0.0,-0.09090909090909091,0.0
Osun,Covid-19,2025,10,20,0,29.0,70.42857142857143,5.4,0.0,0.0,0.0,20.0,21.0,0.0,21.0,1.1547005383792512,0.0,0.0,0.0
Osun,Covid-19,2025,10,20,0,29.0,70.42857142857143,5.4,0.0,0.0,0.0,20.0,20.0,0.0,20.5,1.0,0.0,0.0,0.0
Osun,Covid-19,2025,30,1,0,23.67142857142857,87.0,52.7,0.0,0.0,0.0,20.0,20.0,0.0,15.25,9.5,0.0,-0.95,0.0
Osun,Covid-19,2025,30,1,0,23.67142857142857,87.0,52.7,0.0,0.0,0.0,1.0,10.5,0.0,10.5,10.969655114602888,0.0,0.0,0.0
Osun,Covid-19,2025,30,1,0,23.67142857142857,87.0,52.7,0.0,0.0,0.0,1.0,1.0,0.0,5.75,9.5,0.0,0.0,0.0
Osun,Covid-19,2025,36,1,0,24.6,81.42857142857143,7.5,0.0,0.0,0.0,1.0,1.0,0.0,1.0,0.0,0.0,0.0,0.0
Osun,Covid-19,2025,36,1,0,24.6,81.42857142857143,7.5,0.0,0.0,0.0,1.0,1.0,0.0,1.0,0.0,0.0,0.0,0.0
Osun,Covid-19,2025,36,1,0,24.6,81.42857142857143,7.5,0.0,0.0,0.0,1.0,1.0,0.0,1.0,0.0,0.0,0.0,0.0
Osun,Covid-19,2025,44,2,0,26.785714285714285,75.57142857142857,2.0,0.0,0.0,0.0,1.0,1.0,0.0,1.25,0.5,0.0,1.0,0.0
Osun,Covid-19,2025,44,2,0,26.785714285714285,75.57142857142857,2.0,0.0,0.0,0.0,2.0,1.5,0.0,1.5,0.5773502691896257,0.0,0.0,0.0
Osun,Covid-19,2025,44,2,0,26.785714285714285,75.57142857142857,2.0,0.0,0.0,0.0,2.0,2.0,0.0,1.75,0.5,0.0,0.0,0.0
Osun,Covid-19,2025,45,20,0,26.1,80.0,21.700000000000003,0.0,0.0,0.0,2.0,2.0,0.0,6.5,9.0,0.0,9.0,0.0
Osun,Covid-19,2025,45,20,0,26.1,80.0,21.700000000000003,0.0,0.0,0.0,20.0,11.0,0.0,11.0,10.392304845413264,0.0,0.0,0.0
Osun,Covid-19,2025,45,20,0,26.1,80.0,21.700000000000003,0.0,0.0,0.0,20.0,20.0,0.0,15.5,9.0,0.0,0.0,0.0
Osun,Covid-19,2025,46,20,0,0.0,0.0,0.0,0.0,0.0,0.0,20.0,20.0,0.0,20.0,0.0,0.0,0.0,0.0
Oyo,Covid-19,2020,1,8,0,24.914285714285715,25.142857142857142,0.0,0.0,213996181.0,51.958,0.0,0.0,0.0,8.0,0.0,0.0,0.0,0.0037383844714499836
Oyo,Covid-19,2020,1,8,0,24.914285714285715,25.142857142857142,0.0,0.0,213996181.0,51.958,8.0,0.0,0.0,8.0,0.0,0.0,0.0,0.0037383844714499836
Oyo,Covid-19,2020,1,8,0,24.914285714285715,25.142857142857142,0.0,0.0,213996181.0,51.958,8.0,8.0,0.0,8.0,0.0,0.0,0.0,0.0037383844714499836
Oyo,Covid-19,2025,10,9,0,29.24285714285714,68.57142857142857,0.7000000000000001,0.0,0.0,0.0,8.0,8.0,0.0,8.25,0.5,0.0,0.125,0.0
Oyo,Covid-19,2025,10,9,0,29.24285714285714,68.57142857142857,0.7000000000000001,0.0,0.0,0.0,9.0,8.5,0.0,8.5,0.5773502691896256,0.0,0.0,0.0
Oyo,Covid-19,2025,10,9,0,29.24285714285714,68.57142857142857,0.7000000000000001,0.0,0.0,0.0,9.0,9.0,0.0,8.75,0.5,0.0,0.0,0.0
Oyo,Covid-19,2025,30,1,0,23.75714285714286,86.14285714285714,30.4,0.0,0.0,0.0,9.0,9.0,0.0,7.0,4.0,0.0,-0.8888888888888888,0.0
Oyo,Covid-19,2025,30,1,0,23.75714285714286,86.14285714285714,30.4,0.0,0.0,0.0,1.0,5.0,0.0,5.0,4.618802153517006,0.0,0.0,0.0
Oyo,Covid-19,2025,30,1,0,23.75714285714286,86.14285714285714,30.4,0.0,0.0,0.0,1.0,1.0,0.0,3.0,4.0,0.0,0.0,0.0
Oyo,Covid-19,2025,36,1,0,24.357142857142858,82.71428571428571,7.1,0.0,0.0,0.0,1.0,1.0,0.0,1.0,0.0,0.0,0.0,0.0
Oyo,Covid-19,2025,36,1,0,24.357142857142858,82.71428571428571,7.1,0.0,0.0,0.0,1.0,1.0,0.0,1.0,0.0,0.0,0.0,0.0
Oyo,Covid-19,2025,36,1,0,24.357142857142858,82.71428571428571,7.1,0.0,0.0,0.0,1.0,1.0,0.0,1.0,0.0,0.0,0.0,0.0
Oyo,Covid-19,2025,44,1,0,26.0,80.57142857142857,5.0,0.0,0.0,0.0,1.0,1.0,0.0,1.0,0.0,0.0,0.0,0.0
Oyo,Covid-19,2025,44,1,0,26.0,80.57142857142857,5.0,0.0,0.0,0.0,1.0,1.0,0.0,1.0,0.0,0.0,0.0,0.0
Oyo,Covid-19,2025,44,1,0,26.0,80.57142857142857,5.0,0.0,0.0,0.0,1.0,1.0,0.0,1.0,0.0,0.0,0.0,0.0
Oyo,Covid-19,2025,45,9,0,25.625,83.25,19.3,0.0,0.0,0.0,1.0,1.0,0.0,3.0,4.0,0.0,8.0,0.0
Oyo,Covid-19,2025,45,9,0,25.625,83.25,19.3,0.0,0.0,0.0,9.0,5.0,0.0,5.0,4.618802153517006,0.0,0.0,0.0
Oyo,Covid-19,2025,45,9,0,25.625,83.25,19.3,0.0,0.0,0.0,9.0,9.0,0.0,7.0,4.0,0.0,0.0,0.0
Oyo,Covid-19,2025,46,17,1,0.0,0.0,0.0,0.0,0.0,0.0,9.0,9.0,0.0,11.0,4.0,0.25,0.8888888888888888,0.0
Plateau,Covid-19,2020,1,1,0,24.857142857142858,23.571428571428573,0.0,0.0,213996181.0,51.958,0.0,0.0,0.0,1.0,0.0,0.0,0.0,0.00046729805893124795
Plateau,Covid-19,2020,1,1,0,24.857142857142858,23.571428571428573,0.0,0.0,213996181.0,51.958,1.0,0.0,0.0,1.0,0.0,0.0,0.0,0.00046729805893124795
Plateau,Covid-19,2020,1,1,0,24.857142857142858,23.571428571428573,0.0,0.0,213996181.0,51.958,1.0,1.0,0.0,1.0,0.0,0.0,0.0,0.00046729805893124795
Plateau,Covid-19,2025,30,0,0,23.3,91.14285714285714,75.3,0.0,0.0,0.0,1.0,1.0,0.0,0.75,0.5,0.0,-1.0,0.0
Plateau,Covid-19,2025,30,0,0,23.3,91.14285714285714,75.3,0.0,0.0,0.0,0.0,0.5,0.0,0.5,0.5773502691896257,0.0,0.0,0.0
Plateau,Covid-19,2025,30,0,0,23.3,91.14285714285714,75.3,0.0,0.0,0.0,0.0,0.0,0.0,0.25,0.5,0.0,0.0,0.0
Plateau,Covid-19,2025,36,0,0,24.085714285714285,86.0,50.900000000000006,0.0,0.0,0.0,0.0,0.0,0.0,0.0,0.0,0.0,0.0,0.0
Plateau,Covid-19,2025,36,0,0,24.085714285714285,86.0,50.900000000000006,0.0,0.0,0.0,0.0,0.0,0.0,0.0,0.0,0.0,0.0,0.0
Plateau,Covid-19,2025,36,0,0,24.085714285714285,86.0,50.900000000000006,0.0,0.0,0.0,0.0,0.0,0.0,0.0,0.0,0.0,0.0,0.0
Plateau,Covid-19,2025,44,0,0,25.32857142857143,74.85714285714286,1.1,0.0,0.0,0.0,0.0,0.0,0.0,0.0,0.0,0.0,0.0,0.0
Plateau,Covid-19,2025,44,0,0,25.32857142857143,74.85714285714286,1.1,0.0,0.0,0.0,0.0,0.0,0.0,0.0,0.0,0.0,0.0,0.0
Plateau,Covid-19,2025,44,0,0,25.32857142857143,74.85714285714286,1.1,0.0,0.0,0.0,0.0,0.0,0.0,0.0,0.0,0.0,0.0,0.0
Plateau,Covid-19,2025,46,1,0,0.0,0.0,0.0,0.0,0.0,0.0,0.0,0.0,0.0,0.25,0.5,0.0,0.0,0.0
Rivers,Covid-19,2020,1,1,0,27.27142857142857,58.285714285714285,0.0,0.0,213996181.0,51.958,0.0,0.0,0.0,1.0,0.0,0.0,0.0,0.00046729805893124795
Rivers,Covid-19,2020,1,1,0,27.27142857142857,58.285714285714285,0.0,0.0,213996181.0,51.958,1.0,0.0,0.0,1.0,0.0,0.0,0.0,0.00046729805893124795
Rivers,Covid-19,2020,1,1,0,27.27142857142857,58.285714285714285,0.0,0.0,213996181.0,51.958,1.0,1.0,0.0,1.0,0.0,0.0,0.0,0.00046729805893124795
Rivers,Covid-19,2025,10,1,0,27.928571428571427,81.42857142857143,20.9,0.0,0.0,0.0,1.0,1.0,0.0,1.0,0.0,0.0,0.0,0.0
Rivers,Covid-19,2025,10,1,0,27.928571428571427,81.42857142857143,20.9,0.0,0.0,0.0,1.0,1.0,0.0,1.0,0.0,0.0,0.0,0.0
Rivers,Covid-19,2025,10,1,0,27.928571428571427,81.42857142857143,20.9,0.0,0.0,0.0,1.0,1.0,0.0,1.0,0.0,0.0,0.0,0.0
Rivers,Covid-19,2025,30,1,0,23.97142857142857,93.71428571428572,114.2,0.0,0.0,0.0,1.0,1.0,0.0,1.0,0.0,0.0,0.0,0.0
Rivers,Covid-19,2025,30,1,0,23.97142857142857,93.71428571428572,114.2,0.0,0.0,0.0,1.0,1.0,0.0,1.0,0.0,0.0,0.0,0.0
Rivers,Covid-19,2025,30,1,0,23.97142857142857,93.71428571428572,114.2,0.0,0.0,0.0,1.0,1.0,0.0,1.0,0.0,0.0,0.0,0.0
Rivers,Covid-19,2025,36,0,0,25.12857142857143,87.14285714285714,42.9,0.0,0.0,0.0,1.0,1.0,0.0,0.75,0.5,0.0,-1.0,0.0
Rivers,Covid-19,2025,36,0,0,25.12857142857143,87.14285714285714,42.9,0.0,0.0,0.0,0.0,0.5,0.0,0.5,0.5773502691896257,0.0,0.0,0.0
Rivers,Covid-19,2025,36,0,0,25.12857142857143,87.14285714285714,42.9,0.0,0.0,0.0,0.0,0.0,0.0,0.25,0.5,0.0,0.0,0.0
Rivers,Covid-19,2025,44,0,0,25.457142857142856,90.14285714285714,70.9,0.0,0.0,0.0,0.0,0.0,0.0,0.0,0.0,0.0,0.0,0.0
Rivers,Covid-19,2025,44,0,0,25.457142857142856,90.14285714285714,70.9,0.0,0.0,0.0,0.0,0.0,0.0,0.0,0.0,0.0,0.0,0.0
Rivers,Covid-19,2025,44,0,0,25.457142857142856,90.14285714285714,70.9,0.0,0.0,0.0,0.0,0.0,0.0,0.0,0.0,0.0,0.0,0.0
Rivers,Covid-19,2025,45,0,0,25.325,91.0,31.8,0.0,0.0,0.0,0.0,0.0,0.0,0.0,0.0,0.0,0.0,0.0
Rivers,Covid-19,2025,45,0,0,25.325,91.0,31.8,0.0,0.0,0.0,0.0,0.0,0.0,0.0,0.0,0.0,0.0,0.0
Rivers,Covid-19,2025,45,0,0,25.325,91.0,31.8,0.0,0.0,0.0,0.0,0.0,0.0,0.0,0.0,0.0,0.0,0.0
Rivers,Covid-19,2025,46,3,1,0.0,0.0,0.0,0.0,0.0,0.0,0.0,0.0,0.0,0.75,1.5,0.25,0.0,0.0
Rivers,Covid-19,2025,48,0,0,0.0,0.0,0.0,0.0,0.0,0.0,3.0,1.5,1.0,0.75,1.5,0.25,-1.0,0.0
Sokoto,Covid-19,2020,1,2,0,19.74285714285714,19.142857142857142,0.0,0.0,213996181.0,51.958,0.0,0.0,0.0,2.0,0.0,0.0,0.0,0.0009345961178624959
Sokoto,Covid-19,2020,1,2,0,19.74285714285714,19.142857142857142,0.0,0.0,213996181.0,51.958,2.0,0.0,0.0,2.0,0.0,0.0,0.0,0.0009345961178624959
Sokoto,Covid-19,2020,1,2,0,19.74285714285714,19.142857142857142,0.0,0.0,213996181.0,51.958,2.0,2.0,0.0,2.0,0.0,0.0,0.0,0.0009345961178624959
Sokoto,Covid-19,2025,30,0,0,26.62857142857143,77.28571428571429,38.6,0.0,0.0,0.0,2.0,2.0,0.0,1.5,1.0,0.0,-1.0,0.0
Sokoto,Covid-19,2025,30,0,0,26.62857142857143,77.28571428571429,38.6,0.0,0.0,0.0,0.0,1.0,0.0,1.0,1.1547005383792515,0.0,0.0,0.0
Sokoto,Covid-19,2025,30,0,0,26.62857142857143,77.28571428571429,38.6,0.0,0.0,0.0,0.0,0.0,0.0,0.5,1.0,0.0,0.0,0.0
Sokoto,Covid-19,2025,36,0,0,25.214285714285715,85.85714285714286,50.3,0.0,0.0,0.0,0.0,0.0,0.0,0.0,0.0,0.0,0.0,0.0
Sokoto,Covid-19,2025,36,0,0,25.214285714285715,85.85714285714286,50.3,0.0,0.0,0.0,0.0,0.0,0.0,0.0,0.0,0.0,0.0,0.0
Sokoto,Covid-19,2025,36,0,0,25.214285714285715,85.85714285714286,50.3,0.0,0.0,0.0,0.0,0.0,0.0,0.0,0.0,0.0,0.0,0.0
Sokoto,Covid-19,2025,46,1,0,0.0,0.0,0.0,0.0,0.0,0.0,0.0,0.0,0.0,0.25,0.5000000000000001,0.0,0.0,0.0
Yobe,Covid-19,2025,30,0,0,27.042857142857144,74.85714285714286,29.0,0.0,0.0,0.0,0.0,0.0,0.0,0.0,0.0,0.0,0.0,0.0
Yobe,Covid-19,2025,30,0,0,27.042857142857144,74.85714285714286,29.0,0.0,0.0,0.0,0.0,0.0,0.0,0.0,0.0,0.0,0.0,0.0
Yobe,Covid-19,2025,30,0,0,27.042857142857144,74.85714285714286,29.0,0.0,0.0,0.0,0.0,0.0,0.0,0.0,0.0,0.0,0.0,0.0
Yobe,Covid-19,2025,36,0,0,26.12857142857143,80.28571428571429,17.1,0.0,0.0,0.0,0.0,0.0,0.0,0.0,0.0,0.0,0.0,0.0
Yobe,Covid-19,2025,36,0,0,26.12857142857143,80.28571428571429,17.1,0.0,0.0,0.0,0.0,0.0,0.0,0.0,0.0,0.0,0.0,0.0
Yobe,Covid-19,2025,36,0,0,26.12857142857143,80.28571428571429,17.1,0.0,0.0,0.0,0.0,0.0,0.0,0.0,0.0,0.0,0.0,0.0
Yobe,Covid-19,2025,44,0,0,27.5,25.857142857142858,0.0,0.0,0.0,0.0,0.0,0.0,0.0,0.0,0.0,0.0,0.0,0.0
Yobe,Covid-19,2025,44,0,0,27.5,25.857142857142858,0.0,0.0,0.0,0.0,0.0,0.0,0.0,0.0,0.0,0.0,0.0,0.0
Yobe,Covid-19,2025,44,0,0,27.5,25.857142857142858,0.0,0.0,0.0,0.0,0.0,0.0,0.0,0.0,0.0,0.0,0.0,0.0
Yobe,Covid-19,2025,45,0,0,27.875,26.5,0.0,0.0,0.0,0.0,0.0,0.0,0.0,0.0,0.0,0.0,0.0,0.0
Yobe,Covid-19,2025,45,0,0,27.875,26.5,0.0,0.0,0.0,0.0,0.0,0.0,0.0,0.0,0.0,0.0,0.0,0.0
Yobe,Covid-19,2025,45,0,0,27.875,26.5,0.0,0.0,0.0,0.0,0.0,0.0,0.0,0.0,0.0,0.0,0.0,0.0
Yobe,Covid-19,2025,48,0,0,0.0,0.0,0.0,0.0,0.0,0.0,0.0,0.0,0.0,0.0,0.0,0.0,0.0,0.0
Zamfara,Covid-19,2020,1,2,0,19.928571428571427,20.428571428571427,0.0,0.0,213996181.0,51.958,0.0,0.0,0.0,2.0,0.0,0.0,0.0,0.0009345961178624959
Zamfara,Covid-19,2020,1,2,0,19.928571428571427,20.428571428571427,0.0,0.0,213996181.0,51.958,2.0,0.0,0.0,2.0,0.0,0.0,0.0,0.0009345961178624959
Zamfara,Covid-19,2020,1,2,0,19.928571428571427,20.428571428571427,0.0,0.0,213996181.0,51.958,2.0,2.0,0.0,2.0,0.0,0.0,0.0,0.0009345961178624959
