time,temperature_2m_mean,precipitation_sum,relative_humidity_2m_mean
2015-01-01,27.3,0.0,73
2015-01-02,27.3,0.0,77
2015-01-03,27.5,0.0,78
2015-01-04,26.9,0.0,67
2015-01-05,26.0,0.0,52
2015-01-06,25.5,0.0,53
2015-01-07,25.6,0.0,56
2015-01-08,25.8,0.0,63
2015-01-09,26.2,0.0,60
2015-01-10,25.4,0.0,50
2015-01-11,25.2,0.0,53
2015-01-12,25.6,0.0,45
2015-01-13,24.9,0.0,48
2015-01-14,24.9,0.0,55
2015-01-15,25.2,0.0,69
2015-01-16,25.6,0.0,76
2015-01-17,26.1,0.0,77
2015-01-18,26.7,0.0,78
2015-01-19,26.9,0.0,80
2015-01-20,26.9,0.8,84
2015-01-21,27.3,0.0,80
2015-01-22,27.4,0.1,81
2015-01-23,27.9,0.0,81
2015-01-24,27.2,2.1,85
2015-01-25,26.8,2.0,86
2015-01-26,27.0,1.7,84
2015-01-27,27.6,0.4,84
2015-01-28,27.2,1.5,85
2015-01-29,27.3,0.8,84
2015-01-30,27.2,3.3,85
2015-01-31,27.4,0.6,83
2015-02-01,27.6,0.4,83
2015-02-02,27.7,0.9,84
2015-02-03,27.7,1.7,84
2015-02-04,27.9,1.4,82
2015-02-05,27.9,0.7,83
2015-02-06,27.9,1.2,84
2015-02-07,27.8,0.6,83
2015-02-08,28.1,0.7,82
2015-02-09,28.2,0.1,82
2015-02-10,28.2,0.8,81
2015-02-11,28.3,1.2,82
2015-02-12,27.4,4.0,84
2015-02-13,27.8,2.1,82
2015-02-14,27.7,1.8,83
2015-02-15,27.9,0.9,82
2015-02-16,28.2,0.1,80
2015-02-17,28.0,5.1,82
2015-02-18,26.8,12.3,85
2015-02-19,27.1,2.0,81
2015-02-20,27.2,4.1,83
2015-02-21,27.7,0.1,83
2015-02-22,26.7,7.6,85
2015-02-23,27.2,2.3,86
2015-02-24,27.6,0.0,83
2015-02-25,28.0,0.5,84
2015-02-26,27.8,2.0,84
2015-02-27,26.6,8.1,85
2015-02-28,27.6,0.4,81
2015-03-01,27.7,3.9,83
2015-03-02,27.9,0.9,83
2015-03-03,27.7,0.1,85
2015-03-04,27.3,4.1,85
2015-03-05,27.9,0.1,82
2015-03-06,28.2,0.2,83
2015-03-07,28.0,0.6,83
2015-03-08,27.7,2.0,84
2015-03-09,28.0,3.8,85
2015-03-10,28.0,1.0,85
2015-03-11,28.3,3.6,84
2015-03-12,28.4,0.5,84
2015-03-13,27.8,5.0,84
2015-03-14,27.9,3.4,83
2015-03-15,28.2,3.4,84
2015-03-16,27.9,7.0,88
2015-03-17,27.6,0.2,87
2015-03-18,27.8,0.7,84
2015-03-19,28.0,1.2,83
2015-03-20,28.2,0.2,83
2015-03-21,27.4,5.0,85
2015-03-22,28.1,0.0,81
2015-03-23,28.5,0.1,79
2015-03-24,28.1,3.1,83
2015-03-25,26.8,8.8,87
2015-03-26,27.3,7.3,87
2015-03-27,27.8,9.1,84
2015-03-28,28.1,0.7,83
2015-03-29,27.4,5.4,85
2015-03-30,26.9,7.4,86
2015-03-31,25.9,13.2,89
2015-04-01,26.0,0.6,89
2015-04-02,27.4,0.0,83
2015-04-03,27.7,1.1,83
2015-04-04,27.7,0.9,84
2015-04-05,27.4,2.3,85
2015-04-06,27.4,3.3,84
2015-04-07,27.3,5.8,85
2015-04-08,27.8,1.3,83
2015-04-09,27.8,0.6,84
2015-04-10,27.3,8.3,86
2015-04-11,27.4,4.5,85
2015-04-12,26.9,10.0,87
2015-04-13,27.7,1.5,83
2015-04-14,27.9,0.5,83
2015-04-15,28.0,1.0,84
2015-04-16,27.9,1.1,84
2015-04-17,28.2,1.6,83
2015-04-18,28.1,1.5,83
2015-04-19,28.2,1.6,82
2015-04-20,28.3,1.8,82
2015-04-21,28.4,1.2,80
2015-04-22,28.4,2.7,81
2015-04-23,28.4,0.4,81
2015-04-24,28.2,1.6,83
2015-04-25,27.9,2.2,84
2015-04-26,28.2,0.7,81
2015-04-27,28.2,0.0,79
2015-04-28,28.7,0.2,78
2015-04-29,28.4,1.9,81
2015-04-30,28.3,3.8,81
2015-05-01,28.8,0.3,78
2015-05-02,28.8,0.4,78
2015-05-03,28.2,6.9,81
2015-05-04,27.5,10.5,86
2015-05-05,26.8,13.7,87
2015-05-06,27.1,3.6,87
2015-05-07,28.3,0.3,82
2015-05-08,28.1,3.2,84
2015-05-09,27.8,2.4,85
2015-05-10,27.6,8.1,84
2015-05-11,28.0,1.9,82
2015-05-12,27.8,13.4,84
2015-05-13,27.7,10.0,87
2015-05-14,27.2,17.5,87
2015-05-15,27.3,8.5,87
2015-05-16,28.3,0.3,82
2015-05-17,27.8,12.9,86
2015-05-18,27.7,9.0,86
2015-05-19,27.6,2.9,84
2015-05-20,27.2,1.7,85
2015-05-21,28.2,0.8,81
2015-05-22,27.6,2.7,85
2015-05-23,26.4,20.3,88
2015-05-24,27.0,5.9,84
2015-05-25,27.8,0.0,81
2015-05-26,27.4,4.4,84
2015-05-27,26.7,6.0,88
2015-05-28,26.7,7.5,87
2015-05-29,26.5,8.1,87
2015-05-30,26.8,12.7,86
2015-05-31,25.9,23.7,90
2015-06-01,26.6,4.3,88
2015-06-02,26.1,5.9,88
2015-06-03,25.7,11.2,88
2015-06-04,25.9,14.5,88
2015-06-05,26.1,3.5,87
2015-06-06,26.0,4.5,87
2015-06-07,25.7,16.1,87
2015-06-08,25.5,11.7,90
2015-06-09,25.4,17.9,91
2015-06-10,25.8,4.0,87
2015-06-11,26.4,0.9,85
2015-06-12,26.3,1.3,87
2015-06-13,26.2,3.4,86
2015-06-14,25.4,7.1,89
2015-06-15,25.9,3.3,87
2015-06-16,26.1,3.4,84
2015-06-17,26.3,4.4,85
2015-06-18,26.0,6.3,87
2015-06-19,25.9,4.9,86
2015-06-20,25.6,16.5,87
2015-06-21,25.2,8.9,89
2015-06-22,25.4,6.8,87
2015-06-23,26.2,3.7,82
2015-06-24,26.0,3.2,83
2015-06-25,25.6,4.8,86
2015-06-26,25.5,10.6,86
2015-06-27,25.2,14.4,89
2015-06-28,24.5,69.7,94
2015-06-29,25.0,25.5,90
2015-06-30,25.3,8.8,88
2015-07-01,25.8,1.5,85
2015-07-02,25.3,11.8,89
2015-07-03,24.6,47.3,93
2015-07-04,25.3,5.3,89
2015-07-05,25.2,3.3,89
2015-07-06,25.8,0.9,87
2015-07-07,25.7,4.5,88
2015-07-08,25.8,5.4,88
2015-07-09,26.0,1.6,89
2015-07-10,25.7,4.6,89
2015-07-11,26.1,1.6,87
2015-07-12,25.7,6.2,89
2015-07-13,25.7,1.1,88
2015-07-14,25.7,3.7,87
2015-07-15,25.3,6.6,88
2015-07-16,24.8,10.7,89
2015-07-17,25.4,1.1,87
2015-07-18,25.6,0.4,88
2015-07-19,25.4,4.3,87
2015-07-20,25.0,5.4,87
2015-07-21,25.0,0.5,87
2015-07-22,25.2,0.1,83
2015-07-23,25.2,1.0,84
2015-07-24,24.9,2.5,85
2015-07-25,25.1,1.6,84
2015-07-26,25.1,0.2,83
2015-07-27,24.9,0.8,83
2015-07-28,24.8,0.4,81
2015-07-29,24.6,0.7,81
2015-07-30,24.6,5.0,85
2015-07-31,24.9,0.3,83
2015-08-01,24.8,5.4,86
2015-08-02,25.1,0.4,85
2015-08-03,24.7,4.1,89
2015-08-04,24.7,0.8,88
2015-08-05,25.1,0.6,86
2015-08-06,25.1,1.9,86
2015-08-07,25.1,2.0,87
2015-08-08,25.0,3.2,86
2015-08-09,24.9,5.9,88
2015-08-10,24.8,3.8,88
2015-08-11,25.0,0.4,86
2015-08-12,24.9,8.8,88
2015-08-13,24.9,0.4,88
2015-08-14,25.0,2.4,88
2015-08-15,24.9,2.5,88
2015-08-16,24.9,0.5,88
2015-08-17,24.9,2.1,89
2015-08-18,25.0,3.9,88
2015-08-19,25.1,0.7,87
2015-08-20,24.5,11.8,90
2015-08-21,24.5,18.9,90
2015-08-22,25.1,1.1,88
2015-08-23,25.1,2.8,87
2015-08-24,25.2,0.4,88
2015-08-25,24.8,4.9,89
2015-08-26,25.2,1.8,88
2015-08-27,25.2,3.4,87
2015-08-28,24.8,7.1,88
2015-08-29,24.9,1.8,87
2015-08-30,25.2,0.6,85
2015-08-31,25.0,1.6,86
2015-09-01,24.2,19.2,90
2015-09-02,24.8,1.1,87
2015-09-03,25.1,0.7,85
2015-09-04,25.3,0.6,86
2015-09-05,25.0,3.5,88
2015-09-06,25.1,3.8,88
2015-09-07,25.2,1.3,87
2015-09-08,24.5,3.3,90
2015-09-09,25.4,1.1,85
2015-09-10,25.3,0.2,86
2015-09-11,25.1,4.1,89
2015-09-12,25.4,0.6,88
2015-09-13,25.1,2.5,88
2015-09-14,25.5,1.0,86
2015-09-15,25.0,3.2,88
2015-09-16,25.2,2.1,87
2015-09-17,25.2,2.9,88
2015-09-18,25.4,2.0,88
2015-09-19,25.2,5.0,88
2015-09-20,25.1,5.0,89
2015-09-21,25.0,2.6,90
2015-09-22,25.2,2.2,88
2015-09-23,25.7,0.5,87
2015-09-24,25.3,5.3,89
2015-09-25,24.7,69.5,92
2015-09-26,25.6,2.4,89
2015-09-27,25.9,1.5,86
2015-09-28,25.5,8.0,88
2015-09-29,25.3,12.8,89
2015-09-30,25.0,8.4,90
2015-10-01,25.8,0.7,86
2015-10-02,25.8,1.3,87
2015-10-03,25.3,6.8,89
2015-10-04,25.2,16.2,90
2015-10-05,26.2,0.2,86
2015-10-06,26.3,1.3,86
2015-10-07,25.5,11.2,89
2015-10-08,25.9,9.5,88
2015-10-09,26.0,4.0,86
2015-10-10,26.2,3.9,86
2015-10-11,26.3,1.8,87
2015-10-12,26.6,1.1,86
2015-10-13,26.7,4.1,87
2015-10-14,26.4,3.4,87
2015-10-15,26.5,3.6,88
2015-10-16,26.3,9.6,88
2015-10-17,26.5,1.1,87
2015-10-18,26.4,3.5,87
2015-10-19,26.5,8.7,87
2015-10-20,26.2,7.8,89
2015-10-21,25.7,9.8,89
2015-10-22,26.7,2.5,85
2015-10-23,26.6,1.4,86
2015-10-24,26.8,4.3,87
2015-10-25,26.4,7.2,87
2015-10-26,26.7,2.3,86
2015-10-27,26.3,11.9,88
2015-10-28,25.9,12.5,89
2015-10-29,25.9,5.7,90
2015-10-30,26.3,4.8,88
2015-10-31,26.4,10.8,88
2015-11-01,26.0,12.3,87
2015-11-02,25.3,12.3,91
2015-11-03,26.4,0.9,86
2015-11-04,27.3,0.3,85
2015-11-05,26.7,3.9,85
2015-11-06,26.5,3.1,88
2015-11-07,26.4,7.9,86
2015-11-08,26.6,10.1,87
2015-11-09,26.4,5.9,87
2015-11-10,26.4,5.9,86
2015-11-11,27.0,1.0,87
2015-11-12,27.3,1.5,86
2015-11-13,27.4,1.0,86
2015-11-14,27.5,0.2,84
2015-11-15,27.4,1.0,85
2015-11-16,26.9,3.5,87
2015-11-17,27.1,1.2,85
2015-11-18,27.3,0.1,84
2015-11-19,27.4,0.8,84
2015-11-20,27.5,0.8,86
2015-11-21,27.3,0.5,86
2015-11-22,27.4,2.5,85
2015-11-23,27.5,4.9,85
2015-11-24,27.2,2.6,87
2015-11-25,27.5,0.9,86
2015-11-26,27.4,0.5,86
2015-11-27,27.6,0.3,83
2015-11-28,27.6,1.5,85
2015-11-29,27.4,1.2,86
2015-11-30,27.7,0.5,84
2015-12-01,27.7,2.1,84
2015-12-02,27.1,2.6,86
2015-12-03,27.0,2.6,84
2015-12-04,27.2,0.0,69
2015-12-05,27.0,0.0,70
2015-12-06,27.2,0.0,71
2015-12-07,27.3,0.0,68
2015-12-08,27.0,0.0,61
2015-12-09,26.6,0.0,70
2015-12-10,26.8,0.0,71
2015-12-11,27.1,0.0,73
2015-12-12,27.0,0.0,69
2015-12-13,26.8,0.0,69
2015-12-14,26.8,0.0,69
2015-12-15,26.8,0.0,58
2015-12-16,25.9,0.0,53
2015-12-17,26.0,0.0,53
2015-12-18,27.0,0.0,49
2015-12-19,27.3,0.0,54
2015-12-20,27.1,0.0,55
2015-12-21,27.4,0.0,53
2015-12-22,27.2,0.0,57
2015-12-23,26.5,0.0,57
2015-12-24,26.7,0.0,57
2015-12-25,26.5,0.0,55
2015-12-26,26.2,0.0,51
2015-12-27,26.2,0.0,59
2015-12-28,26.2,0.0,65
2015-12-29,26.3,0.0,74
2015-12-30,26.4,0.0,79
2015-12-31,27.0,0.0,80
2016-01-01,27.2,0.0,75
2016-01-02,27.1,0.0,58
2016-01-03,27.1,0.0,56
2016-01-04,27.1,0.0,56
2016-01-05,26.5,0.0,70
2016-01-06,27.0,0.0,75
2016-01-07,27.8,0.0,69
2016-01-08,26.8,0.0,79
2016-01-09,27.5,0.0,79
2016-01-10,27.7,0.0,80
2016-01-11,27.7,0.0,82
2016-01-12,27.7,0.1,82
2016-01-13,27.9,0.1,81
2016-01-14,27.9,0.0,80
2016-01-15,28.2,0.0,80
2016-01-16,28.1,0.2,83
2016-01-17,27.8,0.7,84
2016-01-18,27.5,1.1,84
2016-01-19,26.9,3.4,86
2016-01-20,27.1,0.3,85
2016-01-21,27.8,0.0,81
2016-01-22,27.9,0.0,80
2016-01-23,27.8,0.0,80
2016-01-24,28.1,0.5,79
2016-01-25,27.3,0.0,54
2016-01-26,26.8,0.0,60
2016-01-27,26.6,0.0,55
2016-01-28,26.4,0.0,55
2016-01-29,26.9,0.0,50
2016-01-30,26.3,0.0,55
2016-01-31,25.9,0.0,62
2016-02-01,26.1,0.0,79
2016-02-02,26.1,0.0,81
2016-02-03,26.5,0.0,81
2016-02-04,26.9,0.0,81
2016-02-05,27.4,0.0,80
2016-02-06,27.6,0.0,80
2016-02-07,27.4,0.0,81
2016-02-08,27.6,0.0,80
2016-02-09,28.3,0.0,76
2016-02-10,28.1,0.0,70
2016-02-11,27.4,0.0,77
2016-02-12,27.3,0.0,79
2016-02-13,27.6,0.0,79
2016-02-14,28.1,0.0,79
2016-02-15,28.3,0.0,82
2016-02-16,28.4,0.0,83
2016-02-17,28.5,0.1,83
2016-02-18,28.3,0.9,84
2016-02-19,28.5,0.0,81
2016-02-20,28.8,0.0,82
2016-02-21,28.4,1.4,84
2016-02-22,28.6,0.9,83
2016-02-23,28.7,0.8,83
2016-02-24,29.0,0.1,81
2016-02-25,28.6,2.9,82
2016-02-26,28.7,0.5,81
2016-02-27,28.6,0.4,83
2016-02-28,28.5,0.1,83
2016-02-29,28.4,0.9,83
2016-03-01,28.5,3.2,82
2016-03-02,28.6,0.5,81
2016-03-03,28.7,0.0,79
2016-03-04,29.2,0.0,79
2016-03-05,28.4,1.1,85
2016-03-06,28.5,1.1,83
2016-03-07,28.9,0.0,79
2016-03-08,28.6,0.4,80
2016-03-09,29.0,0.1,81
2016-03-10,29.0,0.6,81
2016-03-11,27.9,9.4,85
2016-03-12,28.2,1.0,83
2016-03-13,27.2,16.6,87
2016-03-14,27.1,8.0,87
2016-03-15,28.6,0.3,82
2016-03-16,28.3,3.4,83
2016-03-17,28.2,9.9,85
2016-03-18,27.3,8.4,87
2016-03-19,28.0,5.8,85
2016-03-20,28.2,3.5,85
2016-03-21,27.2,12.8,89
2016-03-22,28.2,0.1,83
2016-03-23,28.5,0.4,84
2016-03-24,27.2,17.6,88
2016-03-25,28.1,4.1,85
2016-03-26,27.9,7.7,87
2016-03-27,28.1,4.6,88
2016-03-28,28.3,5.3,87
2016-03-29,28.5,4.1,87
2016-03-30,28.4,2.6,87
2016-03-31,28.1,2.2,87
2016-04-01,27.5,7.9,87
2016-04-02,27.7,1.5,86
2016-04-03,28.2,0.4,87
2016-04-04,28.4,0.4,86
2016-04-05,28.2,1.1,86
2016-04-06,27.5,8.9,87
2016-04-07,27.6,5.7,85
2016-04-08,28.0,3.9,85
2016-04-09,27.8,8.5,86
2016-04-10,27.5,1.1,87
2016-04-11,28.0,6.9,86
2016-04-12,28.2,2.0,85
2016-04-13,28.4,0.0,84
2016-04-14,28.5,0.6,84
2016-04-15,27.7,10.2,88
2016-04-16,28.2,0.4,84
2016-04-17,28.4,0.2,84
2016-04-18,28.4,1.9,83
2016-04-19,28.7,0.7,82
2016-04-20,28.9,2.2,82
2016-04-21,29.0,0.8,81
2016-04-22,28.9,1.3,82
2016-04-23,29.1,0.1,80
2016-04-24,28.7,6.2,83
2016-04-25,28.7,2.2,83
2016-04-26,28.0,6.3,86
2016-04-27,27.9,5.1,87
2016-04-28,28.0,7.0,85
2016-04-29,28.3,0.1,82
2016-04-30,28.1,8.5,85
2016-05-01,28.1,3.1,85
2016-05-02,27.8,4.5,86
2016-05-03,28.0,5.0,84
2016-05-04,28.1,7.4,84
2016-05-05,28.1,1.1,84
2016-05-06,27.6,11.8,86
2016-05-07,27.8,2.8,86
2016-05-08,27.4,6.9,85
2016-05-09,28.0,0.7,84
2016-05-10,28.2,0.9,83
2016-05-11,28.6,0.0,81
2016-05-12,27.2,4.8,88
2016-05-13,27.6,2.9,85
2016-05-14,27.2,4.2,87
2016-05-15,26.9,12.0,87
2016-05-16,26.2,16.3,90
2016-05-17,26.7,18.4,87
2016-05-18,26.3,14.5,90
2016-05-19,27.0,5.1,86
2016-05-20,27.7,2.0,84
2016-05-21,27.0,9.4,87
2016-05-22,26.6,18.7,89
2016-05-23,25.6,66.4,93
2016-05-24,26.1,6.5,91
2016-05-25,26.9,4.6,86
2016-05-26,27.1,4.0,87
2016-05-27,27.3,4.9,86
2016-05-28,27.1,1.7,86
2016-05-29,26.1,15.6,89
2016-05-30,26.0,10.8,89
2016-05-31,26.3,10.6,91
2016-06-01,27.3,0.9,86
2016-06-02,27.3,8.3,85
2016-06-03,26.7,8.3,88
2016-06-04,27.1,4.6,86
2016-06-05,27.3,4.9,85
2016-06-06,26.9,6.1,88
2016-06-07,26.5,6.5,88
2016-06-08,26.5,11.9,88
2016-06-09,26.3,18.1,89
2016-06-10,26.7,1.2,86
2016-06-11,25.7,9.7,89
2016-06-12,25.8,12.5,89
2016-06-13,25.8,16.2,88
2016-06-14,25.5,12.5,88
2016-06-15,25.7,14.0,87
2016-06-16,25.1,10.4,88
2016-06-17,25.7,5.4,86
2016-06-18,26.2,2.5,87
2016-06-19,25.5,12.3,88
2016-06-20,24.6,16.4,90
2016-06-21,25.1,9.2,89
2016-06-22,25.7,0.6,85
2016-06-23,25.9,1.0,83
2016-06-24,24.8,31.0,89
2016-06-25,24.9,16.5,90
2016-06-26,25.6,3.8,86
2016-06-27,25.1,53.1,89
2016-06-28,25.5,39.1,88
2016-06-29,25.6,2.6,88
2016-06-30,25.2,5.1,88
2016-07-01,25.8,0.4,86
2016-07-02,25.7,1.4,88
2016-07-03,25.7,3.8,87
2016-07-04,25.9,0.7,86
2016-07-05,25.5,5.0,88
2016-07-06,25.5,5.4,88
2016-07-07,25.4,2.6,88
2016-07-08,25.7,2.1,87
2016-07-09,25.4,6.1,89
2016-07-10,25.2,5.3,89
2016-07-11,24.8,4.5,88
2016-07-12,25.4,1.2,85
2016-07-13,25.4,1.1,86
2016-07-14,25.2,3.2,86
2016-07-15,25.4,1.7,85
2016-07-16,25.1,5.7,87
2016-07-17,24.5,18.3,89
2016-07-18,25.4,0.9,85
2016-07-19,25.2,2.2,86
2016-07-20,25.2,6.8,89
2016-07-21,25.1,10.0,88
2016-07-22,24.9,10.7,89
2016-07-23,24.5,12.0,90
2016-07-24,24.4,21.9,90
2016-07-25,24.8,0.8,87
2016-07-26,24.8,2.1,88
2016-07-27,25.0,1.3,88
2016-07-28,25.0,4.5,88
2016-07-29,25.3,0.4,87
2016-07-30,24.9,8.8,88
2016-07-31,24.8,8.2,88
2016-08-01,24.9,1.5,87
2016-08-02,24.9,0.8,87
2016-08-03,24.8,1.8,86
2016-08-04,25.1,0.0,84
2016-08-05,25.0,0.2,85
2016-08-06,24.4,4.6,90
2016-08-07,25.1,0.3,88
2016-08-08,25.2,0.4,86
2016-08-09,24.9,0.7,86
2016-08-10,25.1,4.0,86
2016-08-11,25.1,3.1,87
2016-08-12,25.2,3.5,87
2016-08-13,25.0,5.0,88
2016-08-14,24.8,1.4,88
2016-08-15,24.9,0.7,87
2016-08-16,24.3,2.5,89
2016-08-17,25.1,0.7,85
2016-08-18,25.0,0.3,86
2016-08-19,25.0,2.9,88
2016-08-20,24.7,7.4,90
2016-08-21,25.4,0.6,88
2016-08-22,25.5,2.8,87
2016-08-23,25.0,9.7,89
2016-08-24,25.1,6.7,89
2016-08-25,25.1,8.0,88
2016-08-26,25.0,7.7,89
2016-08-27,24.5,14.4,91
2016-08-28,24.4,15.0,91
2016-08-29,24.7,1.7,91
2016-08-30,24.9,3.8,88
2016-08-31,25.7,0.5,86
2016-09-01,24.8,13.8,90
2016-09-02,25.1,1.7,89
2016-09-03,25.1,7.0,88
2016-09-04,25.6,1.7,86
2016-09-05,25.0,8.1,89
2016-09-06,24.3,78.3,92
2016-09-07,25.5,0.8,88
2016-09-08,25.3,7.5,89
2016-09-09,25.4,6.7,88
2016-09-10,25.2,4.8,88
2016-09-11,24.4,47.0,92
2016-09-12,25.4,5.5,87
2016-09-13,25.1,11.4,88
2016-09-14,24.5,12.2,92
2016-09-15,24.9,11.5,89
2016-09-16,25.4,3.5,87
2016-09-17,25.7,5.1,87
2016-09-18,25.4,3.7,88
2016-09-19,25.5,5.9,88
2016-09-20,25.4,7.0,88
2016-09-21,25.4,5.1,89
2016-09-22,25.7,7.4,88
2016-09-23,25.6,9.4,88
2016-09-24,25.2,13.4,90
2016-09-25,25.0,8.7,90
2016-09-26,25.4,4.7,87
2016-09-27,25.7,5.7,87
2016-09-28,25.9,1.3,88
2016-09-29,26.0,2.9,87
2016-09-30,26.2,5.7,87
2016-10-01,25.1,35.8,91
2016-10-02,25.6,2.2,89
2016-10-03,26.4,3.4,87
2016-10-04,26.3,3.6,90
2016-10-05,26.5,1.3,88
2016-10-06,26.7,1.9,87
2016-10-07,26.2,6.1,89
2016-10-08,25.8,6.4,88
2016-10-09,25.7,5.7,89
2016-10-10,26.2,3.5,87
2016-10-11,26.4,7.1,86
2016-10-12,26.5,0.9,86
2016-10-13,26.9,5.8,87
2016-10-14,26.4,8.4,89
2016-10-15,26.3,3.7,88
2016-10-16,26.4,9.2,88
2016-10-17,26.6,7.0,87
2016-10-18,26.5,10.0,86
2016-10-19,26.4,0.6,85
2016-10-20,27.0,2.9,85
2016-10-21,26.4,8.1,87
2016-10-22,26.2,11.5,89
2016-10-23,26.5,0.6,87
2016-10-24,27.1,1.1,87
2016-10-25,27.1,3.8,87
2016-10-26,27.2,0.5,85
2016-10-27,27.5,0.0,83
2016-10-28,27.3,4.6,87
2016-10-29,26.7,2.3,88
2016-10-30,26.2,10.7,87
2016-10-31,26.5,5.8,88
2016-11-01,26.9,1.9,85
2016-11-02,26.9,7.4,85
2016-11-03,27.1,3.9,85
2016-11-04,27.0,0.7,86
2016-11-05,27.1,2.5,85
2016-11-06,27.5,0.4,86
2016-11-07,27.4,0.5,87
2016-11-08,27.0,0.7,88
2016-11-09,27.7,0.0,84
2016-11-10,28.3,0.0,81
2016-11-11,27.8,2.0,83
2016-11-12,27.7,2.2,82
2016-11-13,27.7,0.3,83
2016-11-14,28.1,0.2,82
2016-11-15,27.9,1.3,84
2016-11-16,27.8,1.3,85
2016-11-17,27.8,3.5,84
2016-11-18,27.7,1.2,83
2016-11-19,27.8,3.8,83
2016-11-20,27.8,1.0,84
2016-11-21,27.7,2.9,84
2016-11-22,27.8,0.8,84
2016-11-23,27.5,4.0,86
2016-11-24,27.4,7.0,86
2016-11-25,28.2,0.4,84
2016-11-26,27.7,1.1,87
2016-11-27,27.4,0.7,86
2016-11-28,27.7,2.0,84
2016-11-29,27.6,1.7,85
2016-11-30,27.9,0.6,85
2016-12-01,28.0,1.9,84
2016-12-02,27.7,0.9,86
2016-12-03,27.7,0.6,86
2016-12-04,28.1,0.0,81
2016-12-05,27.9,1.3,82
2016-12-06,28.1,1.0,82
2016-12-07,28.0,2.8,83
2016-12-08,28.2,1.1,81
2016-12-09,28.1,0.7,83
2016-12-10,27.7,3.2,85
2016-12-11,27.7,1.3,84
2016-12-12,27.3,4.5,85
2016-12-13,27.7,0.7,84
2016-12-14,27.9,0.4,84
2016-12-15,27.6,2.1,84
2016-12-16,27.8,1.5,82
2016-12-17,28.0,0.4,82
2016-12-18,27.8,3.8,84
2016-12-19,28.2,0.5,82
2016-12-20,28.1,0.9,83
2016-12-21,28.4,0.0,81
2016-12-22,28.7,0.0,78
2016-12-23,28.6,0.0,79
2016-12-24,28.5,0.3,81
2016-12-25,28.6,0.5,79
2016-12-26,28.4,0.0,80
2016-12-27,28.0,0.0,78
2016-12-28,27.8,0.0,72
2016-12-29,27.0,0.0,77
2016-12-30,26.8,0.0,78
2016-12-31,26.9,0.0,77
2017-01-01,26.6,0.0,77
2017-01-02,26.9,0.0,78
2017-01-03,27.4,0.0,75
2017-01-04,27.1,0.0,68
2017-01-05,27.0,0.0,79
2017-01-06,27.5,0.0,81
2017-01-07,27.8,0.3,82
2017-01-08,27.8,0.2,82
2017-01-09,27.7,0.0,80
2017-01-10,27.7,0.0,80
2017-01-11,28.2,0.1,77
2017-01-12,28.0,0.5,79
2017-01-13,27.6,0.8,81
2017-01-14,28.4,0.0,70
2017-01-15,27.6,0.0,70
2017-01-16,27.9,0.0,75
2017-01-17,28.1,0.0,77
2017-01-18,28.3,1.5,78
2017-01-19,28.4,0.1,79
2017-01-20,28.5,0.7,81
2017-01-21,28.5,0.3,82
2017-01-22,28.2,2.6,81
2017-01-23,28.4,1.1,80
2017-01-24,28.0,0.2,80
2017-01-25,27.8,0.5,80
2017-01-26,28.0,0.2,77
2017-01-27,28.3,0.0,78
2017-01-28,28.4,0.1,78
2017-01-29,28.3,1.2,80
2017-01-30,28.4,0.7,80
2017-01-31,28.1,3.0,81
2017-02-01,27.8,4.0,82
2017-02-02,28.0,0.3,78
2017-02-03,28.2,0.0,79
2017-02-04,28.4,1.0,80
2017-02-05,28.2,1.5,81
2017-02-06,28.6,0.2,80
2017-02-07,28.2,2.1,82
2017-02-08,28.3,0.7,80
2017-02-09,28.2,0.5,80
2017-02-10,28.1,2.0,82
2017-02-11,28.2,1.3,80
2017-02-12,28.6,0.3,80
2017-02-13,28.7,2.0,82
2017-02-14,28.4,0.0,81
2017-02-15,28.3,0.6,82
2017-02-16,28.4,1.9,81
2017-02-17,28.7,0.0,65
2017-02-18,27.3,0.0,52
2017-02-19,27.9,0.0,60
2017-02-20,27.5,0.0,74
2017-02-21,28.6,0.0,76
2017-02-22,28.5,0.0,78
2017-02-23,28.8,0.8,79
2017-02-24,29.0,0.4,79
2017-02-25,28.9,2.1,80
2017-02-26,28.3,1.3,81
2017-02-27,28.6,0.2,79
2017-02-28,28.9,2.8,80
2017-03-01,28.6,1.9,80
2017-03-02,28.6,0.8,80
2017-03-03,28.9,1.4,81
2017-03-04,28.9,0.6,79
2017-03-05,29.2,0.2,77
2017-03-06,28.6,1.5,80
2017-03-07,29.1,0.8,79
2017-03-08,29.0,0.3,80
2017-03-09,28.4,3.5,81
2017-03-10,28.7,5.9,78
2017-03-11,28.1,8.9,83
2017-03-12,28.1,1.9,81
2017-03-13,28.8,0.2,78
2017-03-14,28.8,2.4,78
2017-03-15,28.6,1.9,82
2017-03-16,29.2,0.2,79
2017-03-17,29.4,0.9,76
2017-03-18,29.4,0.1,75
2017-03-19,29.1,1.9,77
2017-03-20,28.8,0.8,80
2017-03-21,28.8,0.2,80
2017-03-22,28.3,1.9,81
2017-03-23,27.9,1.1,80
2017-03-24,28.0,0.6,80
2017-03-25,28.4,0.0,79
2017-03-26,29.1,0.0,74
2017-03-27,28.6,0.7,79
2017-03-28,28.9,0.0,77
2017-03-29,29.2,0.1,78
2017-03-30,29.4,1.3,78
2017-03-31,29.2,1.3,79
2017-04-01,28.4,1.4,80
2017-04-02,29.6,0.0,73
2017-04-03,29.0,1.9,78
2017-04-04,28.7,1.3,80
2017-04-05,29.2,1.0,76
2017-04-06,29.1,1.4,78
2017-04-07,28.6,1.4,79
2017-04-08,29.2,2.2,77
2017-04-09,27.7,3.0,84
2017-04-10,28.6,1.2,79
2017-04-11,29.2,0.6,77
2017-04-12,29.3,1.7,78
2017-04-13,28.1,13.5,83
2017-04-14,27.6,5.9,83
2017-04-15,28.5,11.8,81
2017-04-16,27.6,1.8,85
2017-04-17,28.7,0.3,82
2017-04-18,29.0,1.3,80
2017-04-19,29.0,0.1,80
2017-04-20,28.0,12.2,84
2017-04-21,28.2,9.6,79
2017-04-22,28.4,0.4,81
2017-04-23,28.8,0.3,77
2017-04-24,28.6,0.2,78
2017-04-25,28.5,0.8,79
2017-04-26,28.8,0.6,75
2017-04-27,29.2,0.0,73
2017-04-28,29.3,0.8,74
2017-04-29,29.3,0.7,75
2017-04-30,29.1,0.7,76
2017-05-01,29.1,0.8,75
2017-05-02,28.3,2.7,78
2017-05-03,28.2,4.8,80
2017-05-04,27.9,1.9,82
2017-05-05,27.2,2.6,82
2017-05-06,28.5,0.5,79
2017-05-07,28.9,2.9,78
2017-05-08,28.5,1.1,79
2017-05-09,28.5,2.6,79
2017-05-10,28.6,1.6,79
2017-05-11,28.1,2.4,81
2017-05-12,27.5,2.5,84
2017-05-13,28.3,1.8,83
2017-05-14,28.3,6.3,83
2017-05-15,27.4,4.0,86
2017-05-16,26.2,18.7,88
2017-05-17,26.9,2.0,85
2017-05-18,27.5,2.1,85
2017-05-19,27.9,1.2,84
2017-05-20,27.3,2.4,87
2017-05-21,27.7,0.8,83
2017-05-22,28.2,2.5,82
2017-05-23,28.2,2.5,83
2017-05-24,27.8,4.4,84
2017-05-25,26.3,17.7,89
2017-05-26,26.5,3.1,86
2017-05-27,27.5,2.4,83
2017-05-28,27.4,4.2,84
2017-05-29,27.7,2.7,83
2017-05-30,27.5,3.3,84
2017-05-31,26.2,10.3,88
2017-06-01,26.8,0.5,83
2017-06-02,27.4,6.1,85
2017-06-03,26.5,8.2,88
2017-06-04,26.9,3.0,86
2017-06-05,26.6,15.2,86
2017-06-06,26.5,9.0,86
2017-06-07,26.9,5.6,86
2017-06-08,26.4,10.0,89
2017-06-09,27.5,3.6,86
2017-06-10,26.7,13.0,88
2017-06-11,26.7,11.5,88
2017-06-12,25.3,43.8,89
2017-06-13,25.6,5.3,85
2017-06-14,25.6,8.9,89
2017-06-15,25.9,13.4,89
2017-06-16,25.8,10.1,87
2017-06-17,25.4,2.2,87
2017-06-18,26.1,2.4,88
2017-06-19,26.2,7.0,87
2017-06-20,24.8,27.5,91
2017-06-21,26.0,2.7,87
2017-06-22,26.6,8.1,85
2017-06-23,25.7,32.6,88
2017-06-24,25.0,22.7,91
2017-06-25,25.5,16.5,88
2017-06-26,25.6,11.7,88
2017-06-27,26.3,4.8,87
2017-06-28,25.8,8.4,87
2017-06-29,25.2,15.5,89
2017-06-30,25.6,2.4,87
2017-07-01,25.5,8.0,88
2017-07-02,25.7,1.9,88
2017-07-03,25.6,7.3,87
2017-07-04,25.5,6.7,87
2017-07-05,24.9,65.1,89
2017-07-06,24.3,44.2,91
2017-07-07,25.2,6.3,88
2017-07-08,24.6,34.7,91
2017-07-09,25.3,2.9,85
2017-07-10,25.8,0.0,78
2017-07-11,25.3,0.0,78
2017-07-12,25.6,1.8,81
2017-07-13,25.5,4.2,83
2017-07-14,25.4,1.6,84
2017-07-15,25.5,1.3,85
2017-07-16,25.4,6.5,85
2017-07-17,25.3,14.3,85
2017-07-18,25.6,4.9,84
2017-07-19,25.5,5.9,87
2017-07-20,25.7,1.0,86
2017-07-21,25.9,1.5,86
2017-07-22,25.2,22.1,89
2017-07-23,24.9,7.2,88
2017-07-24,25.1,2.2,87
2017-07-25,25.0,1.6,86
2017-07-26,25.2,0.9,85
2017-07-27,25.2,1.4,87
2017-07-28,25.4,2.8,87
2017-07-29,25.1,2.6,88
2017-07-30,25.2,5.3,85
2017-07-31,25.2,1.0,85
2017-08-01,24.9,7.0,88
2017-08-02,24.9,15.6,88
2017-08-03,24.2,65.4,92
2017-08-04,24.5,2.6,87
2017-08-05,24.7,1.2,89
2017-08-06,24.6,21.6,88
2017-08-07,24.6,1.2,86
2017-08-08,24.9,1.1,86
2017-08-09,25.0,1.6,86
2017-08-10,25.3,1.0,86
2017-08-11,25.2,0.9,88
2017-08-12,25.2,0.5,86
2017-08-13,25.3,0.7,87
2017-08-14,25.2,2.1,85
2017-08-15,25.2,0.4,85
2017-08-16,25.0,3.6,86
2017-08-17,24.6,32.2,88
2017-08-18,25.0,2.5,84
2017-08-19,25.0,0.5,82
2017-08-20,24.7,0.2,84
2017-08-21,25.2,1.4,83
2017-08-22,24.9,0.6,84
2017-08-23,25.0,2.6,85
2017-08-24,25.0,1.3,86
2017-08-25,25.1,2.8,86
2017-08-26,24.6,3.1,87
2017-08-27,24.9,2.9,87
2017-08-28,24.9,0.9,88
2017-08-29,24.8,17.1,89
2017-08-30,25.2,1.6,86
2017-08-31,25.0,1.2,87
2017-09-01,24.9,0.8,86
2017-09-02,25.0,0.6,85
2017-09-03,25.0,6.2,86
2017-09-04,25.1,1.6,85
2017-09-05,25.4,1.0,84
2017-09-06,25.5,1.0,85
2017-09-07,24.5,53.4,88
2017-09-08,24.8,1.8,86
2017-09-09,25.2,0.9,87
2017-09-10,25.6,1.7,87
2017-09-11,25.3,4.0,88
2017-09-12,25.0,0.5,89
2017-09-13,25.2,4.5,86
2017-09-14,25.6,1.5,85
2017-09-15,25.7,1.2,85
2017-09-16,25.4,2.4,85
2017-09-17,25.5,1.4,84
2017-09-18,25.6,3.5,85
2017-09-19,25.9,0.8,87
2017-09-20,26.1,1.0,84
2017-09-21,26.2,0.8,83
2017-09-22,25.7,2.0,84
2017-09-23,25.8,1.6,86
2017-09-24,25.7,1.3,87
2017-09-25,25.7,4.6,88
2017-09-26,25.1,15.2,88
2017-09-27,25.2,1.5,88
2017-09-28,25.4,18.4,88
2017-09-29,25.5,5.5,87
2017-09-30,26.0,1.1,86
2017-10-01,26.1,1.7,87
2017-10-02,26.5,1.7,85
2017-10-03,26.3,2.1,85
2017-10-04,26.7,3.0,85
2017-10-05,25.9,2.3,87
2017-10-06,26.3,2.0,84
2017-10-07,25.7,5.7,86
2017-10-08,25.5,3.7,88
2017-10-09,26.2,2.8,87
2017-10-10,26.7,2.0,86
2017-10-11,26.4,3.3,85
2017-10-12,25.8,6.3,87
2017-10-13,26.3,3.8,86
2017-10-14,25.9,0.3,87
2017-10-15,26.3,0.9,85
2017-10-16,26.8,2.8,87
2017-10-17,27.1,1.6,87
2017-10-18,26.5,0.9,88
2017-10-19,26.8,1.0,83
2017-10-20,27.1,4.0,83
2017-10-21,27.3,0.6,84
2017-10-22,26.9,6.4,84
2017-10-23,26.9,6.2,84
2017-10-24,27.1,1.7,84
2017-10-25,27.3,0.8,85
2017-10-26,27.5,0.9,83
2017-10-27,27.5,1.9,83
2017-10-28,27.1,3.7,85
2017-10-29,27.7,0.8,81
2017-10-30,27.7,0.1,82
2017-10-31,27.4,1.4,82
2017-11-01,27.0,1.7,84
2017-11-02,27.5,4.3,81
2017-11-03,27.3,1.2,82
2017-11-04,27.3,1.5,81
2017-11-05,27.3,1.1,81
2017-11-06,27.4,0.3,81
2017-11-07,27.5,1.8,81
2017-11-08,27.9,0.9,81
2017-11-09,27.9,1.3,81
2017-11-10,28.1,0.3,80
2017-11-11,27.9,0.6,81
2017-11-12,27.6,0.5,82
2017-11-13,27.9,0.6,81
2017-11-14,27.6,2.2,83
2017-11-15,27.9,3.5,81
2017-11-16,27.8,5.3,81
2017-11-17,27.9,0.9,79
2017-11-18,27.3,2.0,82
2017-11-19,27.2,4.0,82
2017-11-20,27.2,5.5,83
2017-11-21,27.1,1.4,83
2017-11-22,27.2,3.1,83
2017-11-23,27.1,5.3,82
2017-11-24,27.4,0.5,83
2017-11-25,26.9,1.4,84
2017-11-26,27.6,0.1,79
2017-11-27,27.4,0.7,79
2017-11-28,27.6,0.0,77
2017-11-29,28.1,0.0,76
2017-11-30,27.9,0.0,77
2017-12-01,28.4,0.1,77
2017-12-02,28.1,1.6,78
2017-12-03,28.3,0.2,78
2017-12-04,28.7,1.0,78
2017-12-05,28.5,0.4,81
2017-12-06,28.7,0.2,79
2017-12-07,28.1,1.0,81
2017-12-08,27.9,0.6,83
2017-12-09,26.4,3.2,86
2017-12-10,27.2,0.0,77
2017-12-11,27.3,0.0,72
2017-12-12,28.1,0.0,72
2017-12-13,28.3,0.0,75
2017-12-14,27.7,0.0,80
2017-12-15,28.1,0.5,81
2017-12-16,28.3,0.2,81
2017-12-17,28.3,1.2,81
2017-12-18,28.0,0.6,82
2017-12-19,27.6,2.7,82
2017-12-20,27.6,0.4,81
2017-12-21,27.8,0.7,82
2017-12-22,27.8,0.4,80
2017-12-23,27.3,0.0,73
2017-12-24,26.8,0.0,63
2017-12-25,27.2,0.0,67
2017-12-26,27.5,0.0,69
2017-12-27,26.6,0.0,64
2017-12-28,26.1,0.0,70
2017-12-29,26.8,0.0,80
2017-12-30,27.2,0.0,82
2017-12-31,27.6,0.0,72
2018-01-01,26.5,0.0,60
2018-01-02,26.5,0.0,57
2018-01-03,26.3,0.0,54
2018-01-04,26.4,0.0,46
2018-01-05,25.4,0.0,49
2018-01-06,25.3,0.0,69
2018-01-07,26.5,0.0,79
2018-01-08,26.8,0.0,82
2018-01-09,26.8,0.0,83
2018-01-10,27.1,0.0,79
2018-01-11,27.3,0.4,80
2018-01-12,27.3,0.3,82
2018-01-13,27.3,0.0,80
2018-01-14,27.2,0.0,80
2018-01-15,27.1,0.0,82
2018-01-16,27.7,0.0,79
2018-01-17,27.9,0.0,80
2018-01-18,27.9,0.0,81
2018-01-19,27.9,0.6,80
2018-01-20,27.8,0.3,82
2018-01-21,27.9,0.6,81
2018-01-22,28.0,0.1,79
2018-01-23,27.4,1.3,81
2018-01-24,27.8,0.1,77
2018-01-25,27.6,0.0,73
2018-01-26,27.0,0.0,79
2018-01-27,26.9,0.0,81
2018-01-28,27.4,0.0,80
2018-01-29,27.5,0.0,82
2018-01-30,28.1,0.0,79
2018-01-31,28.0,0.0,75
2018-02-01,27.7,0.0,82
2018-02-02,28.3,0.1,79
2018-02-03,28.3,0.0,80
2018-02-04,28.2,0.0,81
2018-02-05,28.9,0.0,79
2018-02-06,29.0,0.3,80
2018-02-07,28.8,1.1,80
2018-02-08,28.8,1.3,81
2018-02-09,28.3,1.2,81
2018-02-10,28.0,1.8,81
2018-02-11,27.5,6.6,83
2018-02-12,27.7,2.2,82
2018-02-13,27.8,0.8,84
2018-02-14,28.4,0.6,82
2018-02-15,28.5,0.3,81
2018-02-16,28.5,0.8,82
2018-02-17,28.5,2.5,83
2018-02-18,27.5,7.7,83
2018-02-19,28.1,0.4,84
2018-02-20,28.0,2.1,85
2018-02-21,28.5,0.3,78
2018-02-22,28.5,0.3,78
2018-02-23,28.5,0.1,80
2018-02-24,26.8,1.2,83
2018-02-25,28.3,7.8,81
2018-02-26,25.9,18.4,88
2018-02-27,26.9,1.2,83
2018-02-28,27.9,0.5,80
2018-03-01,27.9,1.2,82
2018-03-02,28.1,1.4,80
2018-03-03,28.6,0.5,78
2018-03-04,28.4,1.9,79
2018-03-05,27.9,0.9,78
2018-03-06,28.5,0.0,74
2018-03-07,28.7,0.7,74
2018-03-08,28.6,0.6,77
2018-03-09,28.8,0.9,75
2018-03-10,28.7,1.1,75
2018-03-11,28.5,0.7,78
2018-03-12,28.6,2.1,78
2018-03-13,29.1,0.6,76
2018-03-14,29.2,0.0,76
2018-03-15,29.1,0.3,76
2018-03-16,29.0,2.6,77
2018-03-17,28.5,2.9,79
2018-03-18,28.2,2.1,81
2018-03-19,28.4,2.0,80
2018-03-20,28.4,1.2,79
2018-03-21,28.3,4.5,80
2018-03-22,27.8,1.9,82
2018-03-23,27.7,3.4,83
2018-03-24,27.2,8.6,83
2018-03-25,28.1,2.8,83
2018-03-26,28.3,1.9,82
2018-03-27,28.8,0.5,80
2018-03-28,28.3,1.3,81
2018-03-29,27.7,4.6,82
2018-03-30,28.2,2.4,82
2018-03-31,28.6,0.2,82
2018-04-01,28.9,0.3,80
2018-04-02,28.4,4.0,81
2018-04-03,28.6,1.1,79
2018-04-04,28.5,0.8,79
2018-04-05,28.4,0.7,79
2018-04-06,28.4,2.0,80
2018-04-07,27.9,1.4,81
2018-04-08,27.3,1.7,82
2018-04-09,27.8,11.7,80
2018-04-10,26.5,1.3,87
2018-04-11,27.0,1.0,84
2018-04-12,27.7,1.5,82
2018-04-13,27.8,0.8,81
2018-04-14,28.0,3.0,80
2018-04-15,27.7,1.6,83
2018-04-16,28.5,0.0,79
2018-04-17,28.0,4.7,82
2018-04-18,28.1,0.8,81
2018-04-19,28.5,1.6,80
2018-04-20,28.0,3.4,81
2018-04-21,27.5,0.6,82
2018-04-22,28.0,0.8,80
2018-04-23,28.1,1.7,81
2018-04-24,28.4,1.1,80
2018-04-25,28.5,0.4,80
2018-04-26,28.4,0.0,78
2018-04-27,28.7,0.0,78
2018-04-28,28.5,0.0,78
2018-04-29,28.6,4.8,78
2018-04-30,28.3,1.4,78
2018-05-01,29.2,0.0,72
2018-05-02,29.0,0.4,76
2018-05-03,28.0,6.9,79
2018-05-04,28.5,0.3,78
2018-05-05,28.0,5.8,80
2018-05-06,27.2,12.2,85
2018-05-07,27.6,1.4,84
2018-05-08,28.0,0.1,82
2018-05-09,28.4,0.3,78
2018-05-10,27.4,9.9,83
2018-05-11,25.7,19.0,89
2018-05-12,25.7,25.2,87
2018-05-13,26.1,4.6,83
2018-05-14,27.1,4.3,84
2018-05-15,27.3,3.2,83
2018-05-16,27.2,3.8,85
2018-05-17,26.9,3.2,86
2018-05-18,26.3,0.7,86
2018-05-19,27.4,1.9,83
2018-05-20,27.6,2.0,82
2018-05-21,27.2,4.9,82
2018-05-22,27.1,2.9,84
2018-05-23,27.3,3.5,83
2018-05-24,27.7,1.7,81
2018-05-25,26.9,5.2,84
2018-05-26,26.0,5.8,89
2018-05-27,26.1,11.7,88
2018-05-28,27.0,1.6,84
2018-05-29,26.3,10.8,86
2018-05-30,26.5,5.7,85
2018-05-31,26.7,0.9,86
2018-06-01,27.0,1.8,85
2018-06-02,26.7,1.9,86
2018-06-03,26.4,12.9,86
2018-06-04,26.9,1.4,85
2018-06-05,27.6,1.1,83
2018-06-06,27.1,3.0,85
2018-06-07,27.1,1.9,86
2018-06-08,27.3,1.7,84
2018-06-09,26.1,9.8,88
2018-06-10,25.8,14.0,89
2018-06-11,26.2,2.2,87
2018-06-12,27.1,1.8,85
2018-06-13,27.1,2.5,85
2018-06-14,26.9,2.1,87
2018-06-15,26.4,8.6,87
2018-06-16,26.2,4.9,86
2018-06-17,26.3,9.9,86
2018-06-18,24.9,46.0,90
2018-06-19,26.4,2.9,80
2018-06-20,25.5,6.9,86
2018-06-21,25.0,42.4,89
2018-06-22,25.3,8.1,87
2018-06-23,24.9,9.5,87
2018-06-24,25.8,2.1,81
2018-06-25,25.7,0.8,83
2018-06-26,25.1,4.3,86
2018-06-27,25.9,2.1,84
2018-06-28,25.7,1.7,86
2018-06-29,26.0,1.1,83
2018-06-30,24.9,11.7,88
2018-07-01,24.2,27.0,92
2018-07-02,25.1,3.3,88
2018-07-03,25.3,6.4,87
2018-07-04,25.6,2.7,85
2018-07-05,25.5,2.0,89
2018-07-06,25.4,1.4,87
2018-07-07,25.9,3.2,85
2018-07-08,25.5,2.0,88
2018-07-09,25.8,1.2,86
2018-07-10,25.7,4.7,87
2018-07-11,25.9,3.1,87
2018-07-12,25.9,0.8,85
2018-07-13,25.6,1.9,86
2018-07-14,25.4,1.7,87
2018-07-15,25.6,2.9,85
2018-07-16,25.6,3.9,85
2018-07-17,25.1,3.9,89
2018-07-18,25.3,2.2,87
2018-07-19,25.5,1.5,87
2018-07-20,25.1,4.9,88
2018-07-21,24.8,6.1,89
2018-07-22,25.3,1.3,90
2018-07-23,25.8,1.9,86
2018-07-24,25.8,2.4,87
2018-07-25,25.1,9.0,90
2018-07-26,25.7,1.7,85
2018-07-27,25.6,0.5,87
2018-07-28,25.2,5.5,88
2018-07-29,25.2,6.2,85
2018-07-30,25.3,1.4,82
2018-07-31,24.9,3.9,81
2018-08-01,25.3,2.2,82
2018-08-02,25.1,5.9,84
2018-08-03,25.2,1.4,83
2018-08-04,24.9,1.9,83
2018-08-05,24.9,0.4,80
2018-08-06,25.2,0.8,78
2018-08-07,24.9,1.9,83
2018-08-08,25.2,1.1,83
2018-08-09,25.4,1.8,85
2018-08-10,25.3,2.2,85
2018-08-11,25.4,1.0,84
2018-08-12,25.6,1.6,84
2018-08-13,24.4,14.8,89
2018-08-14,24.9,0.3,84
2018-08-15,25.2,1.0,86
2018-08-16,25.6,0.3,85
2018-08-17,25.7,0.9,85
2018-08-18,25.5,2.3,86
2018-08-19,25.1,6.1,88
2018-08-20,24.6,9.5,89
2018-08-21,24.5,15.3,90
2018-08-22,24.7,10.7,87
2018-08-23,25.0,4.3,87
2018-08-24,24.9,2.4,87
2018-08-25,24.7,7.7,87
2018-08-26,25.2,2.3,86
2018-08-27,25.2,2.6,87
2018-08-28,25.5,1.1,88
2018-08-29,25.5,6.8,86
2018-08-30,25.3,6.1,87
2018-08-31,25.4,1.8,85
2018-09-01,25.3,2.4,86
2018-09-02,25.2,3.2,88
2018-09-03,25.3,6.3,88
2018-09-04,25.2,5.0,88
2018-09-05,25.3,3.4,89
2018-09-06,24.6,34.2,91
2018-09-07,24.2,17.8,91
2018-09-08,24.6,19.1,91
2018-09-09,24.7,4.4,90
2018-09-10,24.7,20.4,90
2018-09-11,24.6,13.9,90
2018-09-12,25.5,3.4,86
2018-09-13,25.8,4.8,87
2018-09-14,25.7,1.1,87
2018-09-15,25.5,10.4,88
2018-09-16,25.7,2.9,88
2018-09-17,26.1,1.4,85
2018-09-18,25.8,4.8,88
2018-09-19,25.7,6.3,87
2018-09-20,26.3,1.5,87
2018-09-21,25.4,17.2,89
2018-09-22,25.4,4.6,89
2018-09-23,25.5,2.6,89
2018-09-24,25.9,3.1,87
2018-09-25,25.8,14.1,87
2018-09-26,25.8,4.1,88
2018-09-27,26.1,1.3,86
2018-09-28,26.1,6.0,86
2018-09-29,26.2,1.1,85
2018-09-30,26.2,8.2,88
2018-10-01,26.2,1.2,86
2018-10-02,25.7,1.4,90
2018-10-03,26.0,4.5,88
2018-10-04,26.3,2.0,87
2018-10-05,26.0,5.9,88
2018-10-06,26.1,1.5,87
2018-10-07,26.5,0.6,85
2018-10-08,26.3,5.4,87
2018-10-09,26.2,9.5,88
2018-10-10,26.4,3.1,86
2018-10-11,26.0,8.9,87
2018-10-12,24.7,20.2,91
2018-10-13,25.9,1.3,88
2018-10-14,26.3,3.8,87
2018-10-15,26.2,4.9,87
2018-10-16,25.9,7.8,88
2018-10-17,26.4,0.1,85
2018-10-18,26.7,4.1,86
2018-10-19,26.5,3.3,87
2018-10-20,26.9,0.6,86
2018-10-21,27.4,4.5,85
2018-10-22,26.9,1.6,87
2018-10-23,27.3,2.5,86
2018-10-24,26.6,4.6,87
2018-10-25,26.6,0.6,86
2018-10-26,26.8,1.0,85
2018-10-27,27.1,7.4,85
2018-10-28,26.9,1.8,87
2018-10-29,26.3,6.1,88
2018-10-30,27.0,4.0,87
2018-10-31,27.9,0.7,84
2018-11-01,28.0,0.7,85
2018-11-02,27.7,0.9,84
2018-11-03,27.2,1.0,85
2018-11-04,26.5,4.8,89
2018-11-05,27.1,2.5,85
2018-11-06,27.5,3.5,83
2018-11-07,27.6,1.6,83
2018-11-08,27.7,0.7,84
2018-11-09,27.4,1.1,84
2018-11-10,27.3,0.7,85
2018-11-11,27.9,0.6,82
2018-11-12,27.6,1.1,85
2018-11-13,28.4,0.2,82
2018-11-14,28.3,2.1,82
2018-11-15,27.7,1.8,83
2018-11-16,28.1,0.7,81
2018-11-17,28.2,0.9,80
2018-11-18,27.6,1.6,85
2018-11-19,27.3,0.7,86
2018-11-20,27.5,0.3,84
2018-11-21,27.8,0.6,81
2018-11-22,27.7,1.1,82
2018-11-23,27.6,1.3,84
2018-11-24,28.3,0.1,81
2018-11-25,28.7,0.1,80
2018-11-26,28.5,2.5,80
2018-11-27,27.1,4.3,83
2018-11-28,28.1,0.1,80
2018-11-29,28.2,0.0,81
2018-11-30,28.6,0.1,80
2018-12-01,27.9,1.4,83
2018-12-02,28.1,1.3,81
2018-12-03,28.2,1.3,81
2018-12-04,27.7,0.5,84
2018-12-05,28.1,0.0,78
2018-12-06,27.9,0.0,69
2018-12-07,27.8,0.0,70
2018-12-08,28.2,0.1,77
2018-12-09,28.3,0.0,74
2018-12-10,28.5,0.0,73
2018-12-11,28.2,0.2,76
2018-12-12,28.0,0.7,80
2018-12-13,27.9,1.4,80
2018-12-14,28.0,0.0,80
2018-12-15,28.2,0.0,77
2018-12-16,28.2,0.2,78
2018-12-17,28.1,0.5,81
2018-12-18,28.4,0.0,81
2018-12-19,28.1,0.0,80
2018-12-20,28.5,0.0,76
2018-12-21,27.9,0.1,71
2018-12-22,27.5,0.0,66
2018-12-23,27.6,0.0,69
2018-12-24,27.3,0.0,70
2018-12-25,27.2,0.0,63
2018-12-26,27.0,0.0,72
2018-12-27,27.4,0.0,68
2018-12-28,26.9,0.0,77
2018-12-29,27.4,0.0,79
2018-12-30,27.6,0.0,78
2018-12-31,28.1,0.0,79
2019-01-01,28.0,0.0,71
2019-01-02,27.6,0.0,79
2019-01-03,27.8,0.0,76
2019-01-04,27.9,0.0,79
2019-01-05,28.5,0.0,68
2019-01-06,27.6,0.0,71
2019-01-07,27.8,0.0,77
2019-01-08,27.9,0.0,70
2019-01-09,27.4,0.0,73
2019-01-10,27.8,0.0,76
2019-01-11,28.4,0.1,77
2019-01-12,28.3,0.0,79
2019-01-13,28.5,0.4,81
2019-01-14,28.5,1.2,80
2019-01-15,28.1,1.3,82
2019-01-16,28.1,1.6,83
2019-01-17,28.0,1.7,83
2019-01-18,28.4,1.2,77
2019-01-19,28.6,1.3,77
2019-01-20,28.4,0.4,81
2019-01-21,27.9,4.9,84
2019-01-22,28.6,0.4,82
2019-01-23,28.8,1.0,81
2019-01-24,26.2,13.1,88
2019-01-25,27.2,0.0,86
2019-01-26,28.4,0.9,84
2019-01-27,27.8,4.9,85
2019-01-28,27.4,7.4,86
2019-01-29,27.3,2.6,87
2019-01-30,26.9,8.2,84
2019-01-31,28.2,0.6,83
2019-02-01,28.3,0.4,85
2019-02-02,27.0,9.7,87
2019-02-03,27.6,2.6,86
2019-02-04,28.2,1.7,85
2019-02-05,28.6,0.8,83
2019-02-06,28.4,1.2,84
2019-02-07,27.9,1.7,86
2019-02-08,27.8,4.6,86
2019-02-09,28.3,0.1,83
2019-02-10,28.7,0.0,70
2019-02-11,27.5,0.0,74
2019-02-12,28.6,0.0,78
2019-02-13,28.6,0.0,80
2019-02-14,28.7,0.2,79
2019-02-15,28.6,1.0,83
2019-02-16,27.8,0.0,76
2019-02-17,28.8,0.6,79
2019-02-18,29.0,0.5,80
2019-02-19,29.0,1.4,80
2019-02-20,29.0,1.9,82
2019-02-21,29.5,1.3,78
2019-02-22,29.0,1.9,81
2019-02-23,28.9,0.9,79
2019-02-24,27.0,11.1,85
2019-02-25,27.6,2.2,82
2019-02-26,27.0,13.9,86
2019-02-27,27.6,0.9,85
2019-02-28,28.2,3.6,83
2019-03-01,27.8,3.5,81
2019-03-02,27.9,0.6,81
2019-03-03,28.2,0.2,82
2019-03-04,28.3,1.8,82
2019-03-05,28.7,0.9,81
2019-03-06,28.0,6.4,84
2019-03-07,28.4,0.5,82
2019-03-08,28.2,0.2,82
2019-03-09,28.5,3.3,81
2019-03-10,28.0,5.6,84
2019-03-11,28.3,1.3,83
2019-03-12,29.0,0.7,80
2019-03-13,29.3,0.3,78
2019-03-14,29.5,1.1,78
2019-03-15,29.2,0.7,80
2019-03-16,28.7,3.3,83
2019-03-17,28.7,0.4,79
2019-03-18,28.9,0.1,79
2019-03-19,29.4,0.3,76
2019-03-20,29.2,1.8,79
2019-03-21,28.9,5.0,81
2019-03-22,27.5,3.8,85
2019-03-23,28.8,1.2,81
2019-03-24,28.9,1.1,78
2019-03-25,28.4,1.6,79
2019-03-26,28.6,0.0,79
2019-03-27,29.1,0.7,79
2019-03-28,29.5,0.8,80
2019-03-29,29.1,2.1,82
2019-03-30,29.0,2.4,80
2019-03-31,28.7,1.6,82
2019-04-01,29.3,0.0,78
2019-04-02,29.5,0.3,78
2019-04-03,29.8,0.3,77
2019-04-04,29.6,1.5,78
2019-04-05,29.2,3.7,78
2019-04-06,29.5,0.8,78
2019-04-07,28.2,14.0,84
2019-04-08,29.0,1.4,78
2019-04-09,29.2,0.0,79
2019-04-10,28.6,4.5,81
2019-04-11,27.5,13.6,84
2019-04-12,28.4,0.8,80
2019-04-13,27.7,1.2,80
2019-04-14,27.4,2.3,85
2019-04-15,27.6,0.0,82
2019-04-16,28.5,0.0,77
2019-04-17,28.6,0.6,79
2019-04-18,29.2,0.7,78
2019-04-19,29.3,0.8,77
2019-04-20,29.6,0.2,75
2019-04-21,29.4,0.8,77
2019-04-22,29.6,1.0,72
2019-04-23,27.9,11.5,83
2019-04-24,28.1,3.3,83
2019-04-25,28.3,7.5,82
2019-04-26,28.1,1.4,84
2019-04-27,28.8,2.4,81
2019-04-28,28.9,1.0,81
2019-04-29,28.8,3.8,82
2019-04-30,28.6,4.3,80
2019-05-01,28.6,3.3,79
2019-05-02,27.8,5.2,84
2019-05-03,27.8,4.6,85
2019-05-04,27.3,0.8,86
2019-05-05,28.4,0.5,81
2019-05-06,29.4,0.3,75
2019-05-07,29.2,1.6,79
2019-05-08,29.5,0.2,76
2019-05-09,29.3,0.1,76
2019-05-10,28.7,0.5,80
2019-05-11,28.2,1.2,83
2019-05-12,28.4,0.0,79
2019-05-13,28.7,0.5,79
2019-05-14,27.9,1.5,85
2019-05-15,27.1,14.8,86
2019-05-16,27.1,0.2,85
2019-05-17,28.0,0.0,82
2019-05-18,28.4,0.3,80
2019-05-19,28.9,0.0,77
2019-05-20,27.0,6.0,84
2019-05-21,26.8,1.2,87
2019-05-22,26.9,1.4,86
2019-05-23,27.8,1.3,83
2019-05-24,27.3,5.4,85
2019-05-25,27.0,2.5,86
2019-05-26,27.4,5.4,86
2019-05-27,27.0,10.3,85
2019-05-28,27.3,1.9,84
2019-05-29,27.3,2.7,84
2019-05-30,26.2,13.8,88
2019-05-31,25.1,64.9,91
2019-06-01,26.2,13.3,86
2019-06-02,27.0,1.9,82
2019-06-03,27.3,1.4,81
2019-06-04,27.0,5.5,85
2019-06-05,27.0,2.4,85
2019-06-06,26.6,3.6,86
2019-06-07,26.2,9.0,87
2019-06-08,26.6,2.2,84
2019-06-09,26.2,2.8,88
2019-06-10,25.7,10.8,87
2019-06-11,26.1,5.1,85
2019-06-12,26.5,0.9,84
2019-06-13,26.4,5.5,87
2019-06-14,26.1,8.5,87
2019-06-15,25.3,16.4,92
2019-06-16,26.1,1.1,89
2019-06-17,26.7,1.2,85
2019-06-18,26.7,1.7,85
2019-06-19,26.9,1.1,87
2019-06-20,26.5,3.2,87
2019-06-21,26.3,5.8,87
2019-06-22,26.3,2.3,88
2019-06-23,26.1,3.6,87
2019-06-24,25.9,4.2,87
2019-06-25,25.3,6.9,88
2019-06-26,25.3,9.2,89
2019-06-27,25.6,3.0,88
2019-06-28,25.2,9.1,88
2019-06-29,25.9,1.2,87
2019-06-30,26.1,2.4,87
2019-07-01,26.1,2.2,87
2019-07-02,26.3,0.6,86
2019-07-03,26.2,2.5,88
2019-07-04,25.8,6.3,88
2019-07-05,25.9,4.5,88
2019-07-06,25.9,2.9,87
2019-07-07,26.1,2.1,85
2019-07-08,25.7,3.8,84
2019-07-09,25.6,1.6,86
2019-07-10,25.9,2.0,85
2019-07-11,25.5,9.1,88
2019-07-12,24.0,40.6,92
2019-07-13,25.0,1.2,89
2019-07-14,25.6,2.3,86
2019-07-15,25.2,8.9,89
2019-07-16,24.9,6.8,89
2019-07-17,25.6,1.2,86
2019-07-18,25.7,1.1,86
2019-07-19,25.5,3.6,87
2019-07-20,24.9,11.0,90
2019-07-21,25.2,2.3,87
2019-07-22,25.6,1.5,86
2019-07-23,25.0,2.0,89
2019-07-24,25.4,1.5,87
2019-07-25,25.6,3.4,86
2019-07-26,25.2,8.7,89
2019-07-27,25.2,7.6,88
2019-07-28,25.1,4.1,88
2019-07-29,25.2,2.5,88
2019-07-30,25.2,1.2,88
2019-07-31,25.3,1.2,86
2019-08-01,25.3,1.7,85
2019-08-02,25.3,0.6,85
2019-08-03,25.1,1.2,86
2019-08-04,25.2,1.9,85
2019-08-05,25.3,0.8,83
2019-08-06,25.5,0.7,84
2019-08-07,25.3,0.7,85
2019-08-08,25.3,1.2,86
2019-08-09,25.1,2.1,87
2019-08-10,25.5,1.6,85
2019-08-11,25.4,0.9,85
2019-08-12,25.6,1.5,81
2019-08-13,25.6,1.8,83
2019-08-14,25.7,3.2,82
2019-08-15,25.6,3.4,85
2019-08-16,25.8,1.0,83
2019-08-17,25.8,2.7,83
2019-08-18,25.9,1.1,83
2019-08-19,25.7,1.6,85
2019-08-20,25.7,1.2,86
2019-08-21,25.6,1.6,86
2019-08-22,25.7,1.8,84
2019-08-23,25.4,7.0,85
2019-08-24,25.5,1.8,83
2019-08-25,25.3,6.4,86
2019-08-26,25.4,6.1,87
2019-08-27,25.5,1.6,85
2019-08-28,25.4,3.4,86
2019-08-29,25.6,1.3,85
2019-08-30,25.7,1.6,86
2019-08-31,25.4,9.2,87
2019-09-01,25.2,8.8,87
2019-09-02,25.1,9.2,90
2019-09-03,25.5,2.1,86
2019-09-04,25.0,15.7,89
2019-09-05,25.7,1.5,88
2019-09-06,25.1,12.8,89
2019-09-07,25.3,2.3,88
2019-09-08,25.3,3.2,89
2019-09-09,25.4,9.5,88
2019-09-10,25.0,10.9,90
2019-09-11,24.7,14.3,92
2019-09-12,25.4,3.9,88
2019-09-13,25.7,0.9,88
2019-09-14,26.0,2.4,86
2019-09-15,25.8,2.8,87
2019-09-16,26.3,1.8,86
2019-09-17,25.9,5.9,87
2019-09-18,25.0,27.7,92
2019-09-19,24.6,75.8,91
2019-09-20,26.1,3.6,87
2019-09-21,26.0,0.4,85
2019-09-22,26.2,2.1,85
2019-09-23,26.4,1.4,85
2019-09-24,26.4,1.2,85
2019-09-25,26.7,1.2,84
2019-09-26,26.6,1.5,85
2019-09-27,26.4,7.7,87
2019-09-28,25.2,4.7,90
2019-09-29,25.9,10.2,88
2019-09-30,25.8,8.1,88
2019-10-01,24.5,23.8,92
2019-10-02,25.3,6.3,88
2019-10-03,25.5,2.0,88
2019-10-04,24.7,19.9,91
2019-10-05,24.5,43.7,92
2019-10-06,25.2,14.3,91
2019-10-07,25.4,7.3,90
2019-10-08,25.0,10.5,91
2019-10-09,25.3,12.7,89
2019-10-10,25.8,2.3,88
2019-10-11,25.5,8.5,89
2019-10-12,24.1,33.2,93
2019-10-13,25.4,4.9,87
2019-10-14,26.5,2.9,86
2019-10-15,26.0,7.0,86
2019-10-16,26.2,4.7,87
2019-10-17,26.0,13.3,88
2019-10-18,25.5,9.2,89
2019-10-19,24.8,24.7,90
2019-10-20,25.1,23.7,90
2019-10-21,25.8,1.3,88
2019-10-22,26.3,10.5,87
2019-10-23,25.8,5.9,88
2019-10-24,25.8,13.9,91
2019-10-25,25.5,15.2,89
2019-10-26,25.4,10.3,92
2019-10-27,25.2,9.6,91
2019-10-28,25.0,10.8,90
2019-10-29,25.4,3.1,88
2019-10-30,25.9,2.4,86
2019-10-31,26.5,0.6,86
2019-11-01,26.8,0.2,87
2019-11-02,26.8,2.8,87
2019-11-03,26.0,8.1,88
2019-11-04,26.3,0.8,87
2019-11-05,26.7,3.0,88
2019-11-06,26.7,2.0,87
2019-11-07,27.1,1.1,87
2019-11-08,26.9,0.8,87
2019-11-09,27.2,0.5,86
2019-11-10,26.0,16.4,90
2019-11-11,26.7,1.3,88
2019-11-12,27.2,1.3,85
2019-11-13,27.1,1.0,85
2019-11-14,27.7,0.1,83
2019-11-15,27.6,1.3,84
2019-11-16,27.3,0.6,87
2019-11-17,27.8,1.0,85
2019-11-18,27.6,1.4,87
2019-11-19,27.8,0.4,84
2019-11-20,28.0,0.4,84
2019-11-21,28.1,1.7,82
2019-11-22,27.5,0.5,81
2019-11-23,27.8,0.2,81
2019-11-24,27.9,1.9,81
2019-11-25,28.0,0.3,82
2019-11-26,28.2,1.2,82
2019-11-27,28.2,0.6,82
2019-11-28,27.9,3.1,84
2019-11-29,27.9,0.1,83
2019-11-30,28.1,0.0,81
2019-12-01,28.1,0.0,79
2019-12-02,28.4,1.1,79
2019-12-03,28.3,1.0,82
2019-12-04,28.0,0.9,82
2019-12-05,27.8,1.4,82
2019-12-06,27.3,1.5,84
2019-12-07,27.6,0.1,84
2019-12-08,27.6,0.7,83
2019-12-09,28.2,1.0,79
2019-12-10,27.9,1.1,80
2019-12-11,27.6,1.0,82
2019-12-12,27.5,0.2,80
2019-12-13,27.4,0.0,81
2019-12-14,27.3,0.1,83
2019-12-15,27.8,0.6,82
2019-12-16,28.1,0.0,79
2019-12-17,28.4,0.0,79
2019-12-18,28.5,0.0,79
2019-12-19,28.4,0.0,79
2019-12-20,28.7,0.0,79
2019-12-21,28.2,0.9,81
2019-12-22,28.1,0.0,78
2019-12-23,27.8,0.0,61
2019-12-24,27.1,0.0,65
2019-12-25,27.4,0.0,74
2019-12-26,27.7,0.0,75
2019-12-27,28.1,0.0,75
2019-12-28,27.8,0.0,73
2019-12-29,27.8,0.0,62
2019-12-30,26.8,0.0,60
2019-12-31,26.9,0.0,59
2020-01-01,27.2,0.0,54
2020-01-02,26.7,0.0,38
2020-01-03,26.7,0.0,29
2020-01-04,26.4,0.0,33
2020-01-05,26.3,0.0,42
2020-01-06,27.0,0.0,55
2020-01-07,27.1,0.0,62
2020-01-08,27.6,0.0,71
2020-01-09,27.3,0.0,81
2020-01-10,28.2,0.1,80
2020-01-11,27.7,0.1,83
2020-01-12,27.7,0.0,83
2020-01-13,28.0,0.0,84
2020-01-14,28.4,0.0,81
2020-01-15,28.2,0.0,81
2020-01-16,28.2,0.0,81
2020-01-17,28.6,0.0,78
2020-01-18,28.0,0.0,77
2020-01-19,27.9,0.0,70
2020-01-20,27.2,0.0,64
2020-01-21,27.8,0.0,65
2020-01-22,27.2,0.0,75
2020-01-23,27.2,0.0,82
2020-01-24,27.6,0.0,68
2020-01-25,26.6,0.0,45
2020-01-26,25.8,0.0,45
2020-01-27,26.2,0.0,63
2020-01-28,26.3,0.0,79
2020-01-29,27.0,0.0,79
2020-01-30,26.4,0.0,82
2020-01-31,27.2,0.2,82
2020-02-01,27.5,0.0,75
2020-02-02,27.6,0.0,73
2020-02-03,26.9,0.0,77
2020-02-04,27.5,0.0,79
2020-02-05,27.6,0.0,79
2020-02-06,28.1,0.0,71
2020-02-07,28.2,0.0,58
2020-02-08,28.3,0.0,54
2020-02-09,28.0,0.0,78
2020-02-10,28.0,2.2,82
2020-02-11,28.3,0.0,66
2020-02-12,27.4,0.0,48
2020-02-13,27.2,0.0,53
2020-02-14,27.1,0.0,66
2020-02-15,27.5,0.0,74
2020-02-16,27.7,0.0,78
2020-02-17,28.7,0.0,77
2020-02-18,28.9,0.4,78
2020-02-19,28.7,0.1,80
2020-02-20,28.8,0.0,79
2020-02-21,29.1,0.0,79
2020-02-22,29.6,0.1,77
2020-02-23,29.7,0.1,78
2020-02-24,29.6,0.0,79
2020-02-25,28.9,0.3,78
2020-02-26,28.6,0.5,79
2020-02-27,29.3,0.2,78
2020-02-28,29.7,0.3,78
2020-02-29,29.9,0.1,77
2020-03-01,29.6,0.6,77
2020-03-02,28.9,4.7,79
2020-03-03,28.3,0.1,81
2020-03-04,29.6,0.3,77
2020-03-05,29.6,0.7,77
2020-03-06,29.0,3.9,81
2020-03-07,27.9,0.1,84
2020-03-08,28.7,0.6,77
2020-03-09,29.4,0.0,76
2020-03-10,29.5,0.4,77
2020-03-11,29.6,0.7,78
2020-03-12,29.0,0.6,82
2020-03-13,28.6,1.9,82
2020-03-14,28.0,5.7,83
2020-03-15,29.0,0.0,77
2020-03-16,29.5,0.2,76
2020-03-17,29.4,0.0,76
2020-03-18,29.5,0.2,77
2020-03-19,29.0,0.4,78
2020-03-20,28.8,0.4,78
2020-03-21,29.0,0.8,79
2020-03-22,29.0,0.1,78
2020-03-23,28.5,0.5,80
2020-03-24,26.8,3.7,88
2020-03-25,26.9,7.9,86
2020-03-26,27.4,0.0,83
2020-03-27,28.2,0.4,81
2020-03-28,28.0,0.1,82
2020-03-29,28.5,0.0,80
2020-03-30,28.7,0.0,78
2020-03-31,29.0,0.0,77
2020-04-01,28.4,1.1,80
2020-04-02,28.4,0.0,75
2020-04-03,29.1,0.0,77
2020-04-04,28.7,0.8,78
2020-04-05,27.9,0.0,84
2020-04-06,28.4,0.4,80
2020-04-07,28.0,0.0,80
2020-04-08,28.9,0.0,75
2020-04-09,29.3,1.3,75
2020-04-10,28.3,1.9,76
2020-04-11,29.1,0.3,72
2020-04-12,29.5,0.2,74
2020-04-13,29.5,0.0,75
2020-04-14,29.7,0.2,75
2020-04-15,29.8,0.0,75
2020-04-16,29.5,2.2,78
2020-04-17,28.5,3.6,79
2020-04-18,28.4,3.2,81
2020-04-19,27.3,3.8,84
2020-04-20,28.2,0.7,80
2020-04-21,28.3,0.9,81
2020-04-22,28.6,2.1,79
2020-04-23,27.6,1.2,84
2020-04-24,28.3,0.1,81
2020-04-25,27.9,4.8,83
2020-04-26,27.7,5.4,83
2020-04-27,27.7,0.4,83
2020-04-28,28.0,0.0,79
2020-04-29,28.6,0.4,77
2020-04-30,28.3,0.6,80
2020-05-01,28.7,0.0,74
2020-05-02,29.2,0.3,75
2020-05-03,28.4,2.0,82
2020-05-04,27.8,0.9,83
2020-05-05,28.9,0.0,77
2020-05-06,29.2,0.5,78
2020-05-07,29.2,0.3,76
2020-05-08,29.2,0.5,77
2020-05-09,28.9,3.3,79
2020-05-10,28.1,6.8,81
2020-05-11,27.0,11.2,83
2020-05-12,27.6,1.3,82
2020-05-13,28.3,1.9,79
2020-05-14,28.5,0.2,80
2020-05-15,29.3,0.1,75
2020-05-16,29.0,1.5,77
2020-05-17,28.9,0.5,78
2020-05-18,28.8,0.7,77
2020-05-19,27.7,2.9,82
2020-05-20,27.8,2.1,82
2020-05-21,28.0,3.6,82
2020-05-22,26.8,7.5,86
2020-05-23,27.7,1.5,82
2020-05-24,27.6,1.1,82
2020-05-25,26.2,24.9,88
2020-05-26,27.3,0.1,84
2020-05-27,27.9,1.0,83
2020-05-28,26.3,15.8,91
2020-05-29,27.3,3.0,84
2020-05-30,27.1,10.1,85
2020-05-31,27.2,6.1,84
2020-06-01,27.3,5.9,83
2020-06-02,26.9,0.2,81
2020-06-03,27.3,1.2,82
2020-06-04,27.2,1.1,85
2020-06-05,27.6,1.0,82
2020-06-06,26.8,4.9,86
2020-06-07,26.3,7.7,88
2020-06-08,27.2,0.2,82
2020-06-09,26.7,1.3,84
2020-06-10,26.3,7.1,86
2020-06-11,25.9,5.6,86
2020-06-12,25.8,5.8,88
2020-06-13,26.6,3.6,84
2020-06-14,26.5,3.0,87
2020-06-15,26.7,5.3,84
2020-06-16,27.3,1.8,84
2020-06-17,26.1,8.2,88
2020-06-18,24.8,110.6,92
2020-06-19,25.4,2.4,89
2020-06-20,25.8,13.6,88
2020-06-21,25.5,8.3,89
2020-06-22,25.6,9.4,88
2020-06-23,25.9,2.1,86
2020-06-24,26.3,3.8,86
2020-06-25,26.6,1.7,85
2020-06-26,26.3,2.2,86
2020-06-27,25.8,7.1,87
2020-06-28,25.0,10.4,90
2020-06-29,24.5,60.7,92
2020-06-30,24.9,7.8,90
2020-07-01,25.5,13.1,88
2020-07-02,26.2,2.2,86
2020-07-03,26.2,1.5,85
2020-07-04,24.9,48.0,90
2020-07-05,24.8,10.9,90
2020-07-06,25.5,4.1,88
2020-07-07,25.3,10.4,89
2020-07-08,24.7,17.8,91
2020-07-09,24.8,10.0,90
2020-07-10,25.1,3.5,90
2020-07-11,24.7,14.3,91
2020-07-12,24.9,5.8,89
2020-07-13,25.3,1.7,85
2020-07-14,25.7,1.7,83
2020-07-15,25.5,0.7,83
2020-07-16,25.1,2.5,84
2020-07-17,25.2,2.4,86
2020-07-18,25.1,1.3,86
2020-07-19,25.2,0.3,86
2020-07-20,25.1,3.1,87
2020-07-21,25.0,7.3,89
2020-07-22,25.1,0.7,88
2020-07-23,25.2,1.2,88
2020-07-24,25.4,1.4,85
2020-07-25,25.5,0.7,84
2020-07-26,25.3,1.6,83
2020-07-27,25.3,0.8,81
2020-07-28,25.2,0.7,83
2020-07-29,25.2,0.6,84
2020-07-30,25.3,1.0,82
2020-07-31,24.8,2.5,85
2020-08-01,25.1,1.7,83
2020-08-02,25.0,0.7,84
2020-08-03,25.1,0.1,83
2020-08-04,24.9,0.2,81
2020-08-05,24.6,1.0,81
2020-08-06,24.8,0.7,77
2020-08-07,24.8,1.4,78
2020-08-08,24.7,0.4,79
2020-08-09,24.9,0.1,81
2020-08-10,25.0,0.3,79
2020-08-11,25.0,0.2,80
2020-08-12,24.7,0.0,82
2020-08-13,24.9,0.0,82
2020-08-14,25.0,1.6,84
2020-08-15,25.1,1.7,83
2020-08-16,25.1,0.8,83
2020-08-17,25.2,1.4,83
2020-08-18,25.6,0.5,82
2020-08-19,25.7,0.3,82
2020-08-20,25.6,0.2,80
2020-08-21,24.8,2.6,86
2020-08-22,24.8,2.5,86
2020-08-23,24.9,0.7,85
2020-08-24,24.8,0.3,83
2020-08-25,25.0,0.7,81
2020-08-26,25.0,1.0,84
2020-08-27,25.5,0.9,81
2020-08-28,26.0,0.5,79
2020-08-29,25.7,1.5,81
2020-08-30,25.6,2.7,82
2020-08-31,25.3,7.2,84
2020-09-01,24.9,2.5,87
2020-09-02,25.5,1.5,85
2020-09-03,25.7,2.6,83
2020-09-04,25.6,1.7,85
2020-09-05,25.6,1.0,82
2020-09-06,25.8,0.9,80
2020-09-07,25.6,2.9,81
2020-09-08,26.1,1.3,81
2020-09-09,24.2,148.3,92
2020-09-10,25.2,2.0,87
2020-09-11,25.6,0.7,86
2020-09-12,25.6,6.7,87
2020-09-13,25.1,10.3,90
2020-09-14,25.4,2.6,88
2020-09-15,25.4,8.8,88
2020-09-16,24.9,10.0,89
2020-09-17,25.2,4.9,87
2020-09-18,25.5,2.0,86
2020-09-19,25.4,3.0,89
2020-09-20,25.2,7.0,89
2020-09-21,25.6,3.5,87
2020-09-22,25.7,10.6,86
2020-09-23,25.7,2.7,86
2020-09-24,25.3,2.3,87
2020-09-25,25.4,1.2,87
2020-09-26,25.4,13.2,88
2020-09-27,25.3,4.7,87
2020-09-28,25.7,2.7,86
2020-09-29,25.9,3.6,85
2020-09-30,25.4,8.4,87
2020-10-01,25.4,2.4,86
2020-10-02,25.6,3.3,86
2020-10-03,25.9,2.9,85
2020-10-04,26.0,4.6,87
2020-10-05,26.2,1.0,87
2020-10-06,26.1,4.9,87
2020-10-07,25.4,3.1,88
2020-10-08,25.4,7.7,91
2020-10-09,25.2,12.2,89
2020-10-10,25.7,3.9,88
2020-10-11,25.2,14.0,90
2020-10-12,25.9,0.9,85
2020-10-13,26.2,2.3,86
2020-10-14,25.4,2.2,89
2020-10-15,25.9,1.9,88
2020-10-16,25.7,2.1,89
2020-10-17,25.4,8.6,89
2020-10-18,26.0,1.2,86
2020-10-19,26.5,1.6,86
2020-10-20,26.6,1.2,86
2020-10-21,26.8,2.7,85
2020-10-22,27.0,1.8,85
2020-10-23,26.9,2.2,85
2020-10-24,26.8,3.6,85
2020-10-25,26.1,12.5,90
2020-10-26,26.6,4.3,89
2020-10-27,26.7,2.7,88
2020-10-28,26.5,1.5,90
2020-10-29,26.6,1.1,89
2020-10-30,27.0,0.8,85
2020-10-31,27.2,1.6,86
2020-11-01,26.9,1.7,87
2020-11-02,26.7,3.6,87
2020-11-03,26.8,1.1,88
2020-11-04,26.7,6.9,89
2020-11-05,26.8,9.5,88
2020-11-06,27.5,1.8,86
2020-11-07,27.1,5.7,89
2020-11-08,27.6,0.9,82
2020-11-09,27.1,3.0,84
2020-11-10,27.2,2.0,85
2020-11-11,27.0,1.2,83
2020-11-12,27.9,0.0,82
2020-11-13,28.2,0.0,78
2020-11-14,27.6,0.1,84
2020-11-15,27.9,0.6,81
2020-11-16,27.3,4.0,85
2020-11-17,27.3,1.3,86
2020-11-18,27.5,3.8,86
2020-11-19,27.2,2.9,85
2020-11-20,26.9,1.2,84
2020-11-21,27.1,4.8,85
2020-11-22,27.7,0.2,83
2020-11-23,27.6,1.3,84
2020-11-24,27.3,1.1,85
2020-11-25,27.5,1.1,84
2020-11-26,27.4,3.2,82
2020-11-27,26.8,7.1,85
2020-11-28,26.9,1.3,85
2020-11-29,27.0,0.4,84
2020-11-30,27.6,0.1,83
2020-12-01,27.4,2.2,85
2020-12-02,27.8,1.2,81
2020-12-03,27.7,2.7,82
2020-12-04,27.8,1.2,82
2020-12-05,28.0,0.4,80
2020-12-06,28.0,0.5,81
2020-12-07,28.0,0.9,80
2020-12-08,27.6,1.4,82
2020-12-09,27.6,0.9,81
2020-12-10,27.5,1.0,83
2020-12-11,27.9,0.7,81
2020-12-12,27.9,1.6,82
2020-12-13,27.5,1.6,83
2020-12-14,27.6,0.6,81
2020-12-15,27.6,0.9,82
2020-12-16,27.4,1.1,83
2020-12-17,27.2,0.4,86
2020-12-18,27.6,0.1,81
2020-12-19,27.4,1.7,83
2020-12-20,27.3,0.6,83
2020-12-21,27.2,0.5,85
2020-12-22,27.6,0.5,84
2020-12-23,27.9,0.2,82
2020-12-24,27.4,2.0,83
2020-12-25,27.4,0.1,84
2020-12-26,27.7,0.0,71
2020-12-27,27.3,0.0,77
2020-12-28,27.4,0.0,79
2020-12-29,27.7,0.0,77
2020-12-30,27.9,0.0,78
2020-12-31,27.8,0.0,79
2021-01-01,28.0,0.1,80
2021-01-02,28.6,0.5,78
2021-01-03,28.5,0.2,79
2021-01-04,28.2,0.4,82
2021-01-05,28.3,1.8,82
2021-01-06,28.3,1.4,81
2021-01-07,27.8,2.4,83
2021-01-08,27.8,1.7,82
2021-01-09,27.7,0.1,83
2021-01-10,27.7,0.9,83
2021-01-11,27.9,0.3,82
2021-01-12,27.7,1.6,82
2021-01-13,27.7,0.7,80
2021-01-14,27.6,4.0,82
2021-01-15,27.4,1.3,83
2021-01-16,26.7,2.8,85
2021-01-17,27.5,0.4,82
2021-01-18,27.5,0.8,83
2021-01-19,27.3,0.0,84
2021-01-20,27.8,0.0,79
2021-01-21,27.5,0.0,72
2021-01-22,27.4,0.0,76
2021-01-23,27.3,0.0,75
2021-01-24,26.9,0.0,79
2021-01-25,27.9,0.0,78
2021-01-26,27.8,0.0,78
2021-01-27,28.2,0.2,79
2021-01-28,28.1,1.3,82
2021-01-29,28.0,0.9,83
2021-01-30,27.9,2.9,84
2021-01-31,28.1,0.5,81
2021-02-01,28.1,2.5,82
2021-02-02,27.9,1.0,84
2021-02-03,28.3,0.8,82
2021-02-04,28.2,1.2,83
2021-02-05,28.1,2.7,83
2021-02-06,28.5,1.5,81
2021-02-07,28.8,0.4,80
2021-02-08,28.7,1.0,81
2021-02-09,28.7,0.3,80
2021-02-10,28.9,0.8,79
2021-02-11,28.9,1.8,80
2021-02-12,29.0,0.2,79
2021-02-13,28.8,0.9,81
2021-02-14,28.6,2.0,81
2021-02-15,28.3,5.1,82
2021-02-16,28.4,0.8,83
2021-02-17,28.4,2.1,82
2021-02-18,28.4,0.0,75
2021-02-19,27.8,0.0,57
2021-02-20,27.6,0.0,47
2021-02-21,27.5,0.0,58
2021-02-22,27.8,0.0,76
2021-02-23,28.6,0.6,73
2021-02-24,28.6,0.4,76
2021-02-25,28.5,0.8,80
2021-02-26,28.6,1.0,78
2021-02-27,28.0,0.6,79
2021-02-28,28.4,0.0,77
2021-03-01,28.9,0.8,79
2021-03-02,29.1,0.5,80
2021-03-03,29.3,0.3,78
2021-03-04,29.4,1.4,79
2021-03-05,29.2,1.5,79
2021-03-06,28.9,1.9,80
2021-03-07,28.7,1.4,82
2021-03-08,28.8,0.8,81
2021-03-09,28.8,0.9,80
2021-03-10,28.4,1.7,81
2021-03-11,28.2,1.2,81
2021-03-12,28.6,1.2,79
2021-03-13,27.8,17.0,83
2021-03-14,27.7,0.3,83
2021-03-15,28.2,0.0,78
2021-03-16,29.0,0.0,73
2021-03-17,27.0,5.7,85
2021-03-18,26.9,4.3,84
2021-03-19,26.8,0.0,82
2021-03-20,27.4,0.0,80
2021-03-21,28.1,0.2,78
2021-03-22,27.6,9.5,84
2021-03-23,26.1,18.9,88
2021-03-24,26.4,1.6,86
2021-03-25,27.3,1.5,81
2021-03-26,27.4,0.0,83
2021-03-27,28.1,0.9,81
2021-03-28,28.0,0.7,83
2021-03-29,27.9,0.0,82
2021-03-30,28.2,0.6,80
2021-03-31,28.8,1.0,79
2021-04-01,28.4,1.1,82
2021-04-02,28.6,1.1,82
2021-04-03,28.2,1.4,82
2021-04-04,29.1,1.3,77
2021-04-05,29.1,1.2,78
2021-04-06,29.3,0.4,77
2021-04-07,29.4,1.0,78
2021-04-08,29.2,1.6,79
2021-04-09,28.9,1.0,79
2021-04-10,28.2,0.3,81
2021-04-11,28.4,0.0,80
2021-04-12,28.9,0.1,78
2021-04-13,29.2,0.3,76
2021-04-14,29.1,0.2,75
2021-04-15,29.2,0.1,74
2021-04-16,28.9,2.3,73
2021-04-17,28.4,2.8,79
2021-04-18,26.6,8.8,87
2021-04-19,27.2,0.3,81
2021-04-20,28.0,0.8,82
2021-04-21,28.8,0.2,78
2021-04-22,28.9,0.6,78
2021-04-23,29.0,1.8,77
2021-04-24,29.1,3.3,76
2021-04-25,28.8,0.3,76
2021-04-26,29.3,0.1,75
2021-04-27,29.4,0.5,74
2021-04-28,28.3,0.7,77
2021-04-29,27.8,0.0,78
2021-04-30,29.1,0.2,74
2021-05-01,29.3,0.5,74
2021-05-02,29.8,0.0,72
2021-05-03,28.0,2.1,80
2021-05-04,27.2,2.0,84
2021-05-05,28.0,0.8,81
2021-05-06,27.3,0.8,81
2021-05-07,27.7,1.1,81
2021-05-08,26.8,1.7,82
2021-05-09,26.3,1.1,81
2021-05-10,27.5,0.4,79
2021-05-11,28.0,0.8,78
2021-05-12,28.3,1.3,75
2021-05-13,28.3,0.9,75
2021-05-14,28.1,1.5,80
2021-05-15,28.8,0.6,77
2021-05-16,28.2,1.2,79
2021-05-17,28.3,1.2,79
2021-05-18,28.1,6.0,81
2021-05-19,28.2,2.1,79
2021-05-20,27.8,3.6,80
2021-05-21,27.9,1.0,81
2021-05-22,27.4,1.2,82
2021-05-23,27.5,0.0,81
2021-05-24,28.5,0.0,77
2021-05-25,28.9,0.8,77
2021-05-26,28.7,1.5,77
2021-05-27,28.1,1.9,81
2021-05-28,28.0,1.0,81
2021-05-29,28.1,1.3,82
2021-05-30,27.9,2.2,84
2021-05-31,27.7,2.0,83
2021-06-01,26.8,3.1,85
2021-06-02,27.4,1.5,83
2021-06-03,28.2,0.0,79
2021-06-04,26.9,9.2,86
2021-06-05,26.2,4.8,87
2021-06-06,26.7,1.0,84
2021-06-07,27.6,0.7,79
2021-06-08,26.8,2.5,86
2021-06-09,26.7,1.3,84
2021-06-10,27.0,2.5,85
2021-06-11,27.2,2.4,82
2021-06-12,27.3,0.6,84
2021-06-13,27.1,0.4,82
2021-06-14,28.2,0.2,75
2021-06-15,28.5,1.4,78
2021-06-16,27.5,11.6,81
2021-06-17,26.8,6.4,84
2021-06-18,26.9,7.0,84
2021-06-19,27.1,4.5,82
2021-06-20,25.5,20.3,89
2021-06-21,25.2,25.6,88
2021-06-22,25.9,6.2,83
2021-06-23,25.2,17.5,89
2021-06-24,25.6,8.6,89
2021-06-25,26.5,2.4,85
2021-06-26,25.0,20.3,90
2021-06-27,25.3,0.4,87
2021-06-28,25.9,4.9,86
2021-06-29,26.2,7.0,86
2021-06-30,26.1,5.3,87
2021-07-01,26.2,3.7,86
2021-07-02,25.8,19.3,88
2021-07-03,25.1,31.6,90
2021-07-04,25.1,7.8,83
2021-07-05,26.4,0.8,83
2021-07-06,26.8,2.1,82
2021-07-07,26.3,3.1,84
2021-07-08,25.7,2.7,87
2021-07-09,25.1,11.0,88
2021-07-10,25.4,2.2,85
2021-07-11,25.7,2.0,83
2021-07-12,26.1,3.1,83
2021-07-13,26.0,0.8,83
2021-07-14,25.8,1.3,85
2021-07-15,25.9,4.4,84
2021-07-16,24.7,76.2,90
2021-07-17,25.7,2.5,85
2021-07-18,25.6,0.7,85
2021-07-19,25.8,1.7,84
2021-07-20,25.7,3.2,84
2021-07-21,25.7,3.5,82
2021-07-22,25.7,0.6,81
2021-07-23,25.8,0.6,81
2021-07-24,25.7,1.1,81
2021-07-25,25.9,0.5,79
2021-07-26,25.8,1.0,78
2021-07-27,26.0,0.3,75
2021-07-28,25.8,1.8,79
2021-07-29,25.7,0.9,81
2021-07-30,26.2,0.1,81
2021-07-31,26.3,2.3,80
2021-08-01,26.1,1.1,82
2021-08-02,26.1,0.9,82
2021-08-03,26.1,2.3,84
2021-08-04,25.5,7.5,86
2021-08-05,25.0,14.8,89
2021-08-06,25.6,1.5,86
2021-08-07,25.7,5.7,87
2021-08-08,25.4,8.5,88
2021-08-09,25.5,2.7,87
2021-08-10,25.2,3.0,88
2021-08-11,25.5,1.0,83
2021-08-12,25.4,2.3,86
2021-08-13,25.5,2.2,85
2021-08-14,25.5,1.3,84
2021-08-15,25.3,1.5,85
2021-08-16,25.6,1.1,83
2021-08-17,25.4,2.3,85
2021-08-18,25.4,2.4,86
2021-08-19,25.0,10.5,88
2021-08-20,24.9,10.7,88
2021-08-21,24.7,30.6,90
2021-08-22,24.9,4.8,91
2021-08-23,25.3,4.5,89
2021-08-24,25.3,10.3,88
2021-08-25,25.3,6.5,88
2021-08-26,25.4,2.8,88
2021-08-27,25.9,3.7,87
2021-08-28,25.5,1.5,89
2021-08-29,25.9,5.9,86
2021-08-30,25.1,13.7,89
2021-08-31,25.9,2.1,87
2021-09-01,26.2,5.0,87
2021-09-02,25.4,10.9,88
2021-09-03,25.0,11.5,90
2021-09-04,25.4,9.4,89
2021-09-05,25.4,3.0,89
2021-09-06,25.3,6.9,90
2021-09-07,25.6,2.2,89
2021-09-08,26.1,1.5,86
2021-09-09,26.0,1.6,88
2021-09-10,25.9,11.1,88
2021-09-11,25.4,18.2,89
2021-09-12,26.1,0.5,87
2021-09-13,25.1,16.8,89
2021-09-14,25.2,5.4,89
2021-09-15,25.3,3.1,90
2021-09-16,25.6,5.6,87
2021-09-17,25.9,3.7,89
2021-09-18,25.8,8.9,88
2021-09-19,26.0,3.2,86
2021-09-20,26.3,0.0,84
2021-09-21,25.7,12.1,88
2021-09-22,24.6,31.1,92
2021-09-23,25.7,1.4,88
2021-09-24,26.2,3.0,88
2021-09-25,25.4,9.1,90
2021-09-26,25.4,0.9,87
2021-09-27,25.7,4.6,88
2021-09-28,26.5,2.3,85
2021-09-29,26.4,1.2,86
2021-09-30,25.9,15.6,88
2021-10-01,26.0,1.2,88
2021-10-02,26.6,1.7,85
2021-10-03,26.3,4.6,89
2021-10-04,26.6,1.8,89
2021-10-05,26.9,1.3,86
2021-10-06,25.7,16.8,88
2021-10-07,26.4,2.6,86
2021-10-08,26.8,0.5,87
2021-10-09,26.7,10.2,88
2021-10-10,26.3,11.4,89
2021-10-11,26.9,2.9,85
2021-10-12,27.4,1.9,84
2021-10-13,27.4,1.1,85
2021-10-14,26.8,5.1,86
2021-10-15,26.5,1.3,87
2021-10-16,27.0,2.1,84
2021-10-17,26.7,2.0,84
2021-10-18,25.0,13.7,91
2021-10-19,26.1,10.1,86
2021-10-20,26.1,3.6,89
2021-10-21,25.6,30.9,88
2021-10-22,25.6,9.3,88
2021-10-23,24.7,24.8,91
2021-10-24,25.8,4.7,89
2021-10-25,26.8,4.0,86
2021-10-26,26.8,1.1,86
2021-10-27,26.1,4.9,87
2021-10-28,26.2,2.6,87
2021-10-29,26.7,1.0,86
2021-10-30,26.8,2.9,86
2021-10-31,26.7,1.2,86
2021-11-01,26.8,2.1,85
2021-11-02,26.2,0.4,84
2021-11-03,26.7,0.4,85
2021-11-04,26.9,3.9,86
2021-11-05,26.4,1.0,86
2021-11-06,26.6,0.3,83
2021-11-07,26.7,5.1,86
2021-11-08,27.0,1.5,85
2021-11-09,26.8,2.7,85
2021-11-10,26.4,7.7,87
2021-11-11,26.4,8.5,87
2021-11-12,26.4,0.9,86
2021-11-13,27.1,2.3,84
2021-11-14,27.4,0.4,85
2021-11-15,26.8,6.0,87
2021-11-16,27.1,2.1,85
2021-11-17,27.7,1.1,81
2021-11-18,27.4,1.8,85
2021-11-19,27.1,2.5,84
2021-11-20,27.3,0.4,83
2021-11-21,27.8,1.1,83
2021-11-22,27.8,1.1,83
2021-11-23,27.5,1.5,83
2021-11-24,27.7,1.3,82
2021-11-25,27.4,1.6,83
2021-11-26,27.7,0.3,80
2021-11-27,27.7,1.4,82
2021-11-28,27.8,0.3,80
2021-11-29,27.7,0.6,80
2021-11-30,27.7,1.4,79
2021-12-01,28.0,0.2,80
2021-12-02,27.9,0.7,80
2021-12-03,28.2,0.2,79
2021-12-04,28.6,0.1,79
2021-12-05,28.3,2.8,79
2021-12-06,28.1,0.3,80
2021-12-07,28.1,1.2,80
2021-12-08,27.8,0.8,82
2021-12-09,27.8,0.0,81
2021-12-10,27.6,0.1,81
2021-12-11,28.1,0.0,79
2021-12-12,28.2,0.0,78
2021-12-13,28.0,0.0,80
2021-12-14,28.4,1.6,79
2021-12-15,28.3,0.6,79
2021-12-16,28.5,0.1,78
2021-12-17,28.1,0.0,77
2021-12-18,27.8,0.0,60
2021-12-19,26.9,0.0,51
2021-12-20,27.8,0.0,49
2021-12-21,27.6,0.0,50
2021-12-22,27.8,0.0,52
2021-12-23,27.7,0.0,60
2021-12-24,27.5,0.0,77
2021-12-25,28.1,0.0,76
2021-12-26,28.1,0.0,78
2021-12-27,28.0,0.9,81
2021-12-28,27.5,0.2,81
2021-12-29,27.3,0.4,81
2021-12-30,27.6,0.0,77
2021-12-31,27.5,1.0,79
2022-01-01,27.8,0.7,77
2022-01-02,27.6,0.5,80
2022-01-03,27.9,0.0,72
2022-01-04,27.3,0.0,67
2022-01-05,27.4,0.0,71
2022-01-06,27.3,0.0,67
2022-01-07,27.9,0.1,78
2022-01-08,28.0,1.8,79
2022-01-09,28.2,1.0,78
2022-01-10,27.6,0.0,79
2022-01-11,28.0,0.3,78
2022-01-12,28.1,0.5,81
2022-01-13,26.5,10.3,87
2022-01-14,27.1,0.4,85
2022-01-15,27.5,0.0,82
2022-01-16,27.5,0.1,81
2022-01-17,26.7,0.0,81
2022-01-18,27.4,0.1,77
2022-01-19,27.2,1.0,71
2022-01-20,26.4,0.0,53
2022-01-21,26.3,0.0,57
2022-01-22,26.8,0.0,62
2022-01-23,27.0,0.0,66
2022-01-24,27.1,0.0,77
2022-01-25,27.4,0.0,64
2022-01-26,26.0,0.0,63
2022-01-27,26.6,0.0,77
2022-01-28,27.3,0.0,79
2022-01-29,27.2,0.0,64
2022-01-30,25.7,0.0,60
2022-01-31,25.8,0.0,51
2022-02-01,26.0,0.0,54
2022-02-02,26.3,0.0,64
2022-02-03,26.9,0.0,78
2022-02-04,27.3,0.4,81
2022-02-05,27.4,1.8,80
2022-02-06,27.2,0.0,78
2022-02-07,27.3,0.0,81
2022-02-08,27.8,0.0,78
2022-02-09,28.1,0.1,78
2022-02-10,28.0,0.0,80
2022-02-11,28.0,0.1,81
2022-02-12,27.5,0.1,82
2022-02-13,28.2,0.4,79
2022-02-14,28.4,1.1,81
2022-02-15,28.7,0.5,79
2022-02-16,28.0,4.0,81
2022-02-17,27.9,0.7,81
2022-02-18,28.3,0.3,80
2022-02-19,27.4,1.9,84
2022-02-20,27.3,0.7,82
2022-02-21,27.6,1.2,82
2022-02-22,28.2,0.4,81
2022-02-23,28.6,0.6,79
2022-02-24,28.6,0.4,79
2022-02-25,28.5,0.2,80
2022-02-26,28.3,0.1,82
2022-02-27,28.5,1.4,79
2022-02-28,28.7,0.3,76
2022-03-01,29.1,0.1,76
2022-03-02,28.8,0.6,76
2022-03-03,28.0,3.9,82
2022-03-04,27.4,15.2,84
2022-03-05,27.3,0.2,84
2022-03-06,27.7,2.5,83
2022-03-07,28.5,0.3,80
2022-03-08,28.8,0.1,79
2022-03-09,28.9,1.1,81
2022-03-10,28.4,2.2,81
2022-03-11,28.0,3.9,80
2022-03-12,27.0,8.9,84
2022-03-13,27.0,7.0,87
2022-03-14,27.5,1.1,83
2022-03-15,27.9,5.1,82
2022-03-16,28.1,1.9,81
2022-03-17,28.4,0.8,81
2022-03-18,28.8,2.3,79
2022-03-19,28.9,2.2,78
2022-03-20,28.8,1.4,78
2022-03-21,29.0,1.2,77
2022-03-22,28.3,3.1,78
2022-03-23,29.1,1.1,75
2022-03-24,28.2,2.7,80
2022-03-25,28.2,0.7,82
2022-03-26,28.6,1.3,81
2022-03-27,28.9,1.6,80
2022-03-28,28.5,1.3,83
2022-03-29,28.8,1.9,78
2022-03-30,28.3,0.2,82
2022-03-31,29.3,0.3,77
2022-04-01,28.3,5.6,80
2022-04-02,28.0,3.3,80
2022-04-03,29.1,0.2,74
2022-04-04,28.5,0.5,77
2022-04-05,28.7,4.5,78
2022-04-06,28.1,0.2,82
2022-04-07,28.3,1.0,79
2022-04-08,28.5,0.8,78
2022-04-09,27.4,0.6,79
2022-04-10,27.7,0.1,81
2022-04-11,28.9,0.1,75
2022-04-12,27.4,6.5,81
2022-04-13,27.1,4.7,81
2022-04-14,28.2,0.3,77
2022-04-15,27.7,1.7,80
2022-04-16,27.2,11.9,82
2022-04-17,27.7,14.6,83
2022-04-18,26.3,2.2,86
2022-04-19,28.1,0.6,80
2022-04-20,28.0,0.8,82
2022-04-21,27.9,4.7,82
2022-04-22,28.0,0.0,78
2022-04-23,28.4,0.0,77
2022-04-24,27.5,0.4,83
2022-04-25,27.9,0.1,78
2022-04-26,27.3,4.4,83
2022-04-27,26.9,31.3,85
2022-04-28,26.5,2.3,86
2022-04-29,27.5,1.5,82
2022-04-30,27.3,3.1,82
2022-05-01,28.2,0.6,80
2022-05-02,28.2,2.4,79
2022-05-03,27.8,0.0,80
2022-05-04,27.5,5.8,80
2022-05-05,27.8,0.0,78
2022-05-06,27.0,8.9,84
2022-05-07,27.1,0.4,83
2022-05-08,27.8,0.5,82
2022-05-09,28.0,10.0,82
2022-05-10,27.5,1.3,85
2022-05-11,28.0,2.6,82
2022-05-12,27.9,0.7,83
2022-05-13,28.0,0.9,82
2022-05-14,28.4,0.2,77
2022-05-15,27.8,1.1,80
2022-05-16,28.4,2.3,78
2022-05-17,27.9,0.5,82
2022-05-18,28.0,1.1,78
2022-05-19,26.9,13.7,84
2022-05-20,27.3,1.0,83
2022-05-21,25.9,25.6,88
2022-05-22,26.0,16.3,88
2022-05-23,26.2,3.9,85
2022-05-24,26.6,0.1,80
2022-05-25,26.6,2.1,82
2022-05-26,25.9,8.9,85
2022-05-27,25.9,2.4,87
2022-05-28,27.0,2.1,83
2022-05-29,27.5,1.3,80
2022-05-30,27.0,2.3,82
2022-05-31,26.8,1.4,82
2022-06-01,27.1,0.2,83
2022-06-02,27.7,1.1,80
2022-06-03,26.3,7.3,87
2022-06-04,26.4,25.6,84
2022-06-05,25.5,17.4,88
2022-06-06,25.7,8.1,88
2022-06-07,26.6,3.6,84
2022-06-08,26.7,4.6,85
2022-06-09,27.1,2.4,82
2022-06-10,26.3,6.0,85
2022-06-11,24.7,8.7,90
2022-06-12,26.3,1.5,84
2022-06-13,26.6,3.5,82
2022-06-14,25.8,19.9,87
2022-06-15,25.2,31.9,88
2022-06-16,23.9,44.8,92
2022-06-17,24.6,5.5,89
2022-06-18,24.6,4.9,88
2022-06-19,25.1,0.7,86
2022-06-20,26.2,5.1,83
2022-06-21,25.4,7.1,85
2022-06-22,24.6,2.4,88
2022-06-23,25.8,2.2,85
2022-06-24,25.4,4.6,85
2022-06-25,25.6,0.2,83
2022-06-26,25.2,11.6,88
2022-06-27,25.6,3.4,87
2022-06-28,25.9,5.7,86
2022-06-29,25.5,6.6,87
2022-06-30,24.8,28.5,88
2022-07-01,25.1,10.1,86
2022-07-02,25.4,0.4,83
2022-07-03,25.7,1.0,81
2022-07-04,25.7,7.7,85
2022-07-05,24.7,21.8,88
2022-07-06,25.4,5.2,88
2022-07-07,25.9,1.5,86
2022-07-08,24.6,27.5,90
2022-07-09,24.5,9.9,90
2022-07-10,25.3,2.8,85
2022-07-11,25.2,4.0,84
2022-07-12,24.7,5.7,88
2022-07-13,25.1,0.6,85
2022-07-14,25.6,1.5,83
2022-07-15,25.7,2.1,83
2022-07-16,25.5,3.3,83
2022-07-17,25.4,2.2,82
2022-07-18,25.0,1.9,84
2022-07-19,25.1,0.4,81
2022-07-20,25.1,2.2,79
2022-07-21,25.2,2.3,79
2022-07-22,25.6,1.3,80
2022-07-23,25.3,1.7,83
2022-07-24,25.3,1.8,84
2022-07-25,25.3,2.5,84
2022-07-26,24.7,17.5,87
2022-07-27,25.5,2.2,86
2022-07-28,25.5,1.6,84
2022-07-29,25.3,1.0,83
2022-07-30,25.4,0.5,82
2022-07-31,25.2,1.6,81
2022-08-01,24.6,4.4,83
2022-08-02,24.1,0.7,83
2022-08-03,24.5,1.2,83
2022-08-04,24.7,0.4,82
2022-08-05,24.7,0.6,82
2022-08-06,24.6,0.4,83
2022-08-07,24.9,0.8,83
2022-08-08,25.3,0.6,79
2022-08-09,25.3,1.2,81
2022-08-10,25.4,0.4,80
2022-08-11,25.5,7.1,81
2022-08-12,25.0,1.2,84
2022-08-13,25.2,0.8,83
2022-08-14,24.7,1.9,85
2022-08-15,24.6,5.7,85
2022-08-16,24.2,3.3,86
2022-08-17,24.2,0.5,86
2022-08-18,24.6,1.0,87
2022-08-19,24.5,11.4,86
2022-08-20,24.5,3.0,84
2022-08-21,24.5,0.6,85
2022-08-22,24.6,2.3,86
2022-08-23,24.6,14.0,86
2022-08-24,24.6,1.6,85
2022-08-25,24.6,1.4,86
2022-08-26,24.3,10.4,88
2022-08-27,24.5,5.1,85
2022-08-28,24.7,2.3,84
2022-08-29,24.7,2.3,85
2022-08-30,24.5,11.6,89
2022-08-31,25.0,4.7,86
2022-09-01,25.1,1.4,86
2022-09-02,25.2,2.2,86
2022-09-03,25.2,1.1,87
2022-09-04,25.1,7.4,85
2022-09-05,25.4,2.4,83
2022-09-06,25.4,0.6,83
2022-09-07,25.6,1.4,83
2022-09-08,25.3,3.0,84
2022-09-09,25.6,1.8,84
2022-09-10,25.8,1.1,82
2022-09-11,25.4,3.8,86
2022-09-12,24.3,12.6,89
2022-09-13,25.0,1.8,86
2022-09-14,25.3,1.2,85
2022-09-15,25.5,5.6,85
2022-09-16,25.4,3.9,84
2022-09-17,25.3,1.5,85
2022-09-18,25.3,4.6,84
2022-09-19,24.6,27.6,88
2022-09-20,25.4,2.3,84
2022-09-21,25.2,10.5,88
2022-09-22,25.1,6.4,87
2022-09-23,25.6,0.4,86
2022-09-24,25.7,7.7,87
2022-09-25,25.6,5.5,87
2022-09-26,24.9,14.1,88
2022-09-27,25.1,7.4,87
2022-09-28,24.6,12.9,90
2022-09-29,24.8,1.7,88
2022-09-30,25.0,6.7,87
2022-10-01,25.5,1.9,85
2022-10-02,25.1,1.0,88
2022-10-03,25.4,0.0,86
2022-10-04,26.0,1.5,86
2022-10-05,25.8,0.6,86
2022-10-06,25.5,6.7,87
2022-10-07,24.8,4.7,88
2022-10-08,25.4,0.3,86
2022-10-09,24.8,28.4,90
2022-10-10,25.4,7.8,88
2022-10-11,25.9,1.3,87
2022-10-12,25.5,5.3,89
2022-10-13,25.6,17.6,87
2022-10-14,26.0,1.5,85
2022-10-15,24.9,16.5,90
2022-10-16,25.5,0.8,88
2022-10-17,26.4,1.3,87
2022-10-18,26.5,6.8,87
2022-10-19,26.3,2.0,86
2022-10-20,26.3,1.1,86
2022-10-21,26.4,0.7,85
2022-10-22,26.2,1.0,86
2022-10-23,26.5,3.8,87
2022-10-24,26.7,4.9,87
2022-10-25,25.9,8.6,87
2022-10-26,26.9,0.2,84
2022-10-27,26.9,1.1,87
2022-10-28,27.1,2.4,84
2022-10-29,26.9,0.3,84
2022-10-30,26.8,1.2,86
2022-10-31,26.8,0.8,86
2022-11-01,26.8,5.0,87
2022-11-02,27.6,0.8,83
2022-11-03,27.3,1.0,85
2022-11-04,26.9,2.9,84
2022-11-05,27.0,0.3,86
2022-11-06,27.3,3.3,83
2022-11-07,27.4,1.1,82
2022-11-08,27.5,0.7,82
2022-11-09,27.1,2.0,85
2022-11-10,27.2,0.7,83
2022-11-11,27.0,4.0,82
2022-11-12,26.7,2.0,83
2022-11-13,27.0,1.3,82
2022-11-14,26.9,2.2,84
2022-11-15,26.9,2.1,85
2022-11-16,27.6,0.0,79
2022-11-17,27.4,2.3,81
2022-11-18,26.9,1.6,83
2022-11-19,26.7,2.1,84
2022-11-20,27.5,1.0,80
2022-11-21,27.5,0.1,81
2022-11-22,27.0,1.3,83
2022-11-23,27.2,1.9,81
2022-11-24,27.3,0.1,80
2022-11-25,27.7,0.0,79
2022-11-26,28.0,0.0,78
2022-11-27,28.1,0.5,76
2022-11-28,27.1,1.9,81
2022-11-29,26.7,0.7,80
2022-11-30,27.1,0.4,81
2022-12-01,26.9,0.2,82
2022-12-02,26.9,6.6,84
2022-12-03,28.0,0.5,79
2022-12-04,27.7,0.2,80
2022-12-05,28.1,0.8,81
2022-12-06,27.5,0.3,83
2022-12-07,27.0,0.6,83
2022-12-08,26.9,1.5,84
2022-12-09,27.6,0.0,79
2022-12-10,27.3,0.0,80
2022-12-11,27.7,0.0,78
2022-12-12,27.8,0.1,78
2022-12-13,27.8,0.4,78
2022-12-14,27.7,0.1,78
2022-12-15,27.1,1.1,84
2022-12-16,27.4,0.2,80
2022-12-17,27.5,1.3,78
2022-12-18,27.3,0.3,81
2022-12-19,27.3,0.0,66
2022-12-20,26.8,0.0,76
2022-12-21,27.4,0.0,77
2022-12-22,27.2,0.9,78
2022-12-23,26.8,0.0,61
2022-12-24,26.5,0.0,51
2022-12-25,26.1,0.0,48
2022-12-26,26.5,0.0,51
2022-12-27,26.8,0.0,54
2022-12-28,26.6,0.0,56
2022-12-29,26.2,0.0,66
2022-12-30,26.3,0.0,67
2022-12-31,26.3,0.0,51
2023-01-01,25.8,0.0,49
2023-01-02,26.1,0.0,47
2023-01-03,26.5,0.0,48
2023-01-04,26.5,0.0,53
2023-01-05,26.4,0.0,69
2023-01-06,27.1,0.0,78
2023-01-07,26.9,0.0,80
2023-01-08,27.3,0.0,82
2023-01-09,27.1,0.0,80
2023-01-10,27.1,0.0,78
2023-01-11,26.7,0.0,78
2023-01-12,27.1,0.0,77
2023-01-13,26.6,0.0,80
2023-01-14,26.8,0.0,80
2023-01-15,27.3,0.1,79
2023-01-16,27.5,0.0,74
2023-01-17,27.2,0.0,76
2023-01-18,27.5,0.0,78
2023-01-19,27.7,0.0,78
2023-01-20,27.9,0.4,78
2023-01-21,27.6,0.8,81
2023-01-22,26.8,1.2,86
2023-01-23,27.5,0.8,83
2023-01-24,27.0,1.7,86
2023-01-25,27.3,0.4,84
2023-01-26,27.9,0.8,83
2023-01-27,27.8,1.1,83
2023-01-28,27.4,7.2,83
2023-01-29,27.3,1.7,84
2023-01-30,27.0,0.4,87
2023-01-31,27.1,0.7,84
2023-02-01,26.8,0.0,85
2023-02-02,27.7,0.4,80
2023-02-03,27.9,0.5,83
2023-02-04,28.1,1.2,82
2023-02-05,28.2,0.6,82
2023-02-06,27.9,1.1,81
2023-02-07,28.1,0.8,78
2023-02-08,28.0,1.7,78
2023-02-09,28.1,0.8,81
2023-02-10,28.2,0.3,79
2023-02-11,28.4,0.6,80
2023-02-12,28.1,0.3,83
2023-02-13,28.3,0.0,80
2023-02-14,28.2,0.0,80
2023-02-15,28.5,0.0,71
2023-02-16,28.8,0.0,58
2023-02-17,28.3,0.0,47
2023-02-18,28.6,0.0,41
2023-02-19,27.4,0.0,59
2023-02-20,27.7,0.0,79
2023-02-21,28.2,0.0,80
2023-02-22,28.8,0.4,78
2023-02-23,29.1,0.5,77
2023-02-24,28.7,3.3,79
2023-02-25,28.2,0.3,79
2023-02-26,28.7,0.0,75
2023-02-27,28.8,0.2,76
2023-02-28,28.7,0.1,75
2023-03-01,29.0,0.0,74
2023-03-02,29.3,0.4,75
2023-03-03,28.2,7.3,80
2023-03-04,28.0,5.0,79
2023-03-05,28.7,0.0,75
2023-03-06,28.5,5.4,78
2023-03-07,28.3,0.4,79
2023-03-08,29.2,0.1,73
2023-03-09,28.3,5.2,78
2023-03-10,28.4,0.0,76
2023-03-11,28.8,0.1,76
2023-03-12,28.7,0.0,75
2023-03-13,28.5,0.2,76
2023-03-14,28.3,0.8,79
2023-03-15,28.5,2.7,79
2023-03-16,27.6,17.0,82
2023-03-17,28.3,0.5,81
2023-03-18,27.8,2.5,78
2023-03-19,27.1,13.2,80
2023-03-20,28.2,0.0,77
2023-03-21,28.8,1.7,73
2023-03-22,27.0,0.4,82
2023-03-23,27.9,2.5,77
2023-03-24,27.3,0.0,77
2023-03-25,28.6,0.0,74
2023-03-26,28.8,0.3,72
2023-03-27,28.1,0.0,75
2023-03-28,29.3,0.0,71
2023-03-29,29.3,0.1,73
2023-03-30,29.3,0.9,74
2023-03-31,27.7,8.7,80
2023-04-01,29.6,0.0,70
2023-04-02,29.5,0.7,72
2023-04-03,28.8,2.9,76
2023-04-04,28.2,12.9,77
2023-04-05,29.5,0.0,69
2023-04-06,29.3,0.9,72
2023-04-07,28.2,3.3,78
2023-04-08,28.7,4.4,76
2023-04-09,27.6,5.5,81
2023-04-10,28.4,0.0,79
2023-04-11,28.7,0.2,77
2023-04-12,28.7,0.6,78
2023-04-13,28.9,0.9,78
2023-04-14,29.1,0.9,78
2023-04-15,28.7,1.0,79
2023-04-16,28.2,3.1,81
2023-04-17,27.9,9.4,81
2023-04-18,28.9,0.1,77
2023-04-19,28.6,4.3,80
2023-04-20,28.1,0.7,81
2023-04-21,28.8,0.7,76
2023-04-22,28.8,2.8,78
2023-04-23,27.2,6.3,83
2023-04-24,27.7,1.3,83
2023-04-25,28.4,0.3,82
2023-04-26,27.9,0.8,82
2023-04-27,26.3,16.0,87
2023-04-28,27.4,0.8,82
2023-04-29,26.5,15.0,88
2023-04-30,26.8,0.7,85
2023-05-01,26.9,1.7,86
2023-05-02,27.5,1.1,82
2023-05-03,28.4,0.5,77
2023-05-04,27.6,0.9,82
2023-05-05,28.0,0.1,79
2023-05-06,28.5,0.2,74
2023-05-07,28.2,0.1,76
2023-05-08,28.5,1.3,77
2023-05-09,29.1,1.2,75
2023-05-10,29.8,0.7,74
2023-05-11,28.3,2.0,80
2023-05-12,28.0,1.3,84
2023-05-13,28.5,0.3,84
2023-05-14,27.9,4.0,85
2023-05-15,27.1,45.0,86
2023-05-16,28.2,2.9,81
2023-05-17,28.1,3.0,82
2023-05-18,27.7,3.3,82
2023-05-19,27.5,3.7,83
2023-05-20,27.8,2.8,81
2023-05-21,27.3,8.8,82
2023-05-22,27.2,1.6,84
2023-05-23,27.6,1.9,84
2023-05-24,27.8,1.4,85
2023-05-25,28.2,0.7,81
2023-05-26,28.0,0.0,83
2023-05-27,27.2,1.1,85
2023-05-28,27.4,2.9,83
2023-05-29,26.6,2.2,84
2023-05-30,27.6,0.8,80
2023-05-31,28.0,2.8,82
2023-06-01,27.3,3.0,84
2023-06-02,26.3,6.1,85
2023-06-03,26.5,3.3,85
2023-06-04,26.9,1.3,85
2023-06-05,27.4,1.0,83
2023-06-06,26.3,13.4,87
2023-06-07,25.9,13.6,88
2023-06-08,25.8,10.8,85
2023-06-09,26.3,6.9,84
2023-06-10,25.8,9.4,88
2023-06-11,25.6,13.4,88
2023-06-12,26.6,0.4,77
2023-06-13,26.7,0.3,78
2023-06-14,26.5,2.5,81
2023-06-15,25.4,18.2,89
2023-06-16,26.2,3.3,86
2023-06-17,27.1,4.4,84
2023-06-18,27.4,5.7,82
2023-06-19,26.1,6.2,87
2023-06-20,25.6,6.4,88
2023-06-21,25.1,16.0,90
2023-06-22,25.3,10.3,89
2023-06-23,26.0,6.3,84
2023-06-24,24.8,25.0,88
2023-06-25,25.7,5.2,81
2023-06-26,25.9,0.0,76
2023-06-27,25.9,0.3,80
2023-06-28,24.9,20.7,89
2023-06-29,25.6,4.0,86
2023-06-30,26.0,0.9,85
2023-07-01,26.2,11.5,87
2023-07-02,25.6,10.4,87
2023-07-03,26.3,0.9,85
2023-07-04,25.8,12.4,86
2023-07-05,25.9,0.8,86
2023-07-06,26.6,0.5,84
2023-07-07,26.2,13.7,85
2023-07-08,25.2,15.8,89
2023-07-09,24.6,21.0,91
2023-07-10,25.7,2.2,86
2023-07-11,26.2,1.2,85
2023-07-12,24.5,44.5,92
2023-07-13,25.6,2.1,87
2023-07-14,25.8,5.0,88
2023-07-15,26.2,1.5,87
2023-07-16,25.8,12.1,87
2023-07-17,26.4,4.6,85
2023-07-18,26.3,8.5,86
2023-07-19,26.7,1.4,84
2023-07-20,26.7,4.5,84
2023-07-21,26.0,9.9,86
2023-07-22,25.2,18.6,88
2023-07-23,24.3,41.3,92
2023-07-24,25.1,17.6,90
2023-07-25,25.7,0.6,87
2023-07-26,26.2,0.9,84
2023-07-27,26.3,2.1,85
2023-07-28,25.7,5.4,86
2023-07-29,24.9,11.1,89
2023-07-30,25.7,4.7,88
2023-07-31,25.7,9.7,87
2023-08-01,25.2,15.5,89
2023-08-02,25.5,3.3,85
2023-08-03,25.7,1.3,83
2023-08-04,25.8,1.2,83
2023-08-05,25.8,2.0,85
2023-08-06,25.9,1.4,85
2023-08-07,25.9,0.7,85
2023-08-08,25.8,10.4,84
2023-08-09,25.5,6.2,85
2023-08-10,25.7,2.5,84
2023-08-11,25.6,0.9,86
2023-08-12,25.8,2.0,85
2023-08-13,25.7,1.4,84
2023-08-14,25.0,16.1,89
2023-08-15,25.4,6.6,88
2023-08-16,25.9,5.0,86
2023-08-17,25.6,24.7,88
2023-08-18,25.4,7.9,87
2023-08-19,24.9,6.1,89
2023-08-20,25.3,1.8,87
2023-08-21,26.0,0.6,86
2023-08-22,26.2,0.9,84
2023-08-23,26.0,6.1,86
2023-08-24,25.9,3.5,89
2023-08-25,26.2,1.1,86
2023-08-26,26.3,1.7,85
2023-08-27,25.8,7.0,86
2023-08-28,25.7,7.3,87
2023-08-29,26.3,1.0,85
2023-08-30,25.8,18.9,87
2023-08-31,26.0,1.9,85
2023-09-01,26.1,4.9,85
2023-09-02,25.3,10.7,86
2023-09-03,24.6,12.3,89
2023-09-04,25.0,5.0,89
2023-09-05,25.3,11.7,87
2023-09-06,25.7,1.7,86
2023-09-07,26.3,0.8,85
2023-09-08,26.1,11.6,87
2023-09-09,25.2,21.1,89
2023-09-10,26.0,1.1,87
2023-09-11,26.5,1.3,85
2023-09-12,25.5,5.2,88
2023-09-13,25.4,16.7,88
2023-09-14,26.0,5.8,85
2023-09-15,25.9,7.2,86
2023-09-16,24.5,45.2,93
2023-09-17,25.6,2.8,87
2023-09-18,25.8,3.9,87
2023-09-19,25.7,8.6,88
2023-09-20,26.1,0.7,86
2023-09-21,26.8,0.6,85
2023-09-22,25.6,6.8,88
2023-09-23,25.7,3.0,87
2023-09-24,24.6,43.8,91
2023-09-25,26.0,1.9,87
2023-09-26,26.4,1.3,87
2023-09-27,27.1,0.2,84
2023-09-28,27.2,0.9,84
2023-09-29,26.1,14.5,88
2023-09-30,26.5,3.1,87
2023-10-01,26.8,3.0,85
2023-10-02,26.7,1.6,85
2023-10-03,26.9,3.8,84
2023-10-04,27.1,6.0,84
2023-10-05,26.4,18.7,87
2023-10-06,26.7,4.3,88
2023-10-07,25.6,16.9,91
2023-10-08,26.2,14.3,88
2023-10-09,25.8,4.9,90
2023-10-10,26.7,0.1,87
2023-10-11,26.7,1.8,85
2023-10-12,26.0,25.7,89
2023-10-13,26.8,1.9,84
2023-10-14,26.9,1.3,88
2023-10-15,27.2,4.5,84
2023-10-16,26.4,9.0,85
2023-10-17,25.9,9.4,87
2023-10-18,26.3,0.0,85
2023-10-19,27.0,10.0,86
2023-10-20,27.1,2.0,86
2023-10-21,27.0,2.2,86
2023-10-22,27.0,2.7,86
2023-10-23,27.3,5.9,83
2023-10-24,27.2,1.2,85
2023-10-25,27.3,6.2,84
2023-10-26,27.5,4.3,84
2023-10-27,27.4,0.3,84
2023-10-28,27.3,2.0,84
2023-10-29,27.6,0.3,85
2023-10-30,27.8,3.8,85
2023-10-31,26.9,0.0,83
2023-11-01,27.8,0.2,81
2023-11-02,27.5,2.2,84
2023-11-03,27.8,0.5,84
2023-11-04,27.1,9.3,84
2023-11-05,27.3,5.3,86
2023-11-06,27.2,8.7,87
2023-11-07,27.4,2.8,86
2023-11-08,27.3,4.2,84
2023-11-09,27.3,0.5,85
2023-11-10,28.0,0.5,84
2023-11-11,27.8,3.6,84
2023-11-12,27.7,1.5,85
2023-11-13,27.6,1.8,86
2023-11-14,27.8,1.1,85
2023-11-15,26.8,4.9,83
2023-11-16,27.4,0.1,81
2023-11-17,27.8,1.9,83
2023-11-18,27.8,3.3,86
2023-11-19,27.7,0.0,85
2023-11-20,27.6,0.6,85
2023-11-21,27.6,0.0,85
2023-11-22,27.5,1.8,83
2023-11-23,27.8,0.8,82
2023-11-24,27.5,9.4,83
2023-11-25,26.7,12.1,87
2023-11-26,25.5,16.3,91
2023-11-27,26.3,0.0,83
2023-11-28,26.7,3.9,86
2023-11-29,27.2,0.9,84
2023-11-30,27.4,0.8,86
2023-12-01,27.7,1.9,85
2023-12-02,27.8,0.5,84
2023-12-03,27.5,0.0,86
2023-12-04,27.6,0.0,84
2023-12-05,27.7,2.7,85
2023-12-06,27.0,2.9,87
2023-12-07,27.2,0.5,87
2023-12-08,28.0,0.3,82
2023-12-09,27.6,0.0,85
2023-12-10,27.6,3.9,86
2023-12-11,27.8,0.0,84
2023-12-12,26.8,1.2,79
2023-12-13,25.7,0.0,68
2023-12-14,25.9,0.0,70
2023-12-15,26.4,0.0,71
2023-12-16,26.3,0.0,79
2023-12-17,26.8,0.0,83
2023-12-18,27.1,0.0,78
2023-12-19,27.4,0.0,84
2023-12-20,28.0,0.0,80
2023-12-21,27.1,0.0,72
2023-12-22,27.3,0.0,72
2023-12-23,27.7,0.0,76
2023-12-24,27.8,0.0,81
2023-12-25,27.3,0.0,78
2023-12-26,27.7,0.0,82
2023-12-27,27.5,0.0,82
2023-12-28,27.6,0.0,81
2023-12-29,27.6,0.0,79
2023-12-30,27.7,0.0,83
2023-12-31,28.0,0.0,83
2024-01-01,27.9,1.9,84
2024-01-02,28.0,0.2,84
2024-01-03,27.9,0.1,84
2024-01-04,28.0,0.1,83
2024-01-05,27.6,1.0,84
2024-01-06,28.1,2.3,83
2024-01-07,28.4,0.5,80
2024-01-08,28.1,1.0,84
2024-01-09,28.0,0.7,84
2024-01-10,27.6,2.2,85
2024-01-11,28.0,0.0,84
2024-01-12,28.2,0.4,84
2024-01-13,28.1,0.0,83
2024-01-14,27.6,0.3,84
2024-01-15,27.5,0.0,84
2024-01-16,27.7,0.0,81
2024-01-17,27.9,0.0,77
2024-01-18,27.3,0.0,81
2024-01-19,27.8,0.0,80
2024-01-20,28.3,0.0,78
2024-01-21,27.8,0.0,83
2024-01-22,28.2,0.0,82
2024-01-23,28.7,0.0,77
2024-01-24,28.3,2.2,82
2024-01-25,28.8,0.0,68
2024-01-26,27.5,0.0,59
2024-01-27,27.2,0.0,55
2024-01-28,27.0,0.0,56
2024-01-29,27.2,0.0,70
2024-01-30,27.7,0.0,78
2024-01-31,28.0,0.0,82
2024-02-01,28.6,0.0,81
2024-02-02,28.4,0.0,82
2024-02-03,27.9,0.0,65
2024-02-04,27.8,0.0,57
2024-02-05,27.3,0.0,54
2024-02-06,27.1,0.0,52
2024-02-07,26.7,0.0,55
2024-02-08,26.6,0.0,66
2024-02-09,27.5,0.0,84
2024-02-10,28.1,0.0,83
2024-02-11,28.5,0.0,82
2024-02-12,28.9,0.0,83
2024-02-13,29.2,0.2,83
2024-02-14,29.5,0.5,82
2024-02-15,29.0,1.3,83
2024-02-16,28.6,0.0,83
2024-02-17,28.9,0.4,82
2024-02-18,28.9,2.0,83
2024-02-19,29.3,2.2,84
2024-02-20,28.5,20.6,83
2024-02-21,28.8,4.7,82
2024-02-22,28.1,3.9,82
2024-02-23,28.3,0.5,82
2024-02-24,28.6,0.0,77
2024-02-25,28.8,0.0,80
2024-02-26,28.8,3.9,81
2024-02-27,29.2,0.8,81
2024-02-28,29.6,0.1,79
2024-02-29,29.7,0.1,78
2024-03-01,29.1,0.8,80
2024-03-02,28.9,7.4,81
2024-03-03,28.5,11.0,82
2024-03-04,28.9,0.0,78
2024-03-05,28.8,2.9,80
2024-03-06,29.2,0.5,80
2024-03-07,28.8,11.6,80
2024-03-08,29.2,0.3,78
2024-03-09,27.7,2.8,83
2024-03-10,28.6,0.0,82
2024-03-11,29.6,0.0,77
2024-03-12,29.4,0.2,80
2024-03-13,29.4,1.0,80
2024-03-14,28.6,6.9,81
2024-03-15,28.7,0.0,83
2024-03-16,29.4,0.0,82
2024-03-17,29.7,0.0,78
2024-03-18,29.8,1.2,80
2024-03-19,29.6,0.6,80
2024-03-20,29.5,0.7,81
2024-03-21,29.1,13.7,83
2024-03-22,29.8,0.0,77
2024-03-23,29.5,1.6,78
2024-03-24,29.3,0.0,79
2024-03-25,28.7,5.3,81
2024-03-26,29.7,0.0,74
2024-03-27,30.0,0.0,77
2024-03-28,29.1,11.3,83
2024-03-29,29.0,18.5,82
2024-03-30,29.5,0.8,79
2024-03-31,29.7,1.7,78
2024-04-01,29.2,1.8,80
2024-04-02,29.5,0.6,81
2024-04-03,29.5,0.3,78
2024-04-04,29.3,1.7,78
2024-04-05,28.5,16.8,80
2024-04-06,28.5,14.5,81
2024-04-07,29.2,1.0,80
2024-04-08,29.0,0.1,79
2024-04-09,29.5,0.8,75
2024-04-10,29.1,2.3,80
2024-04-11,28.8,4.7,82
2024-04-12,30.1,0.0,74
2024-04-13,29.9,1.9,74
2024-04-14,28.6,2.0,79
2024-04-15,29.8,6.3,77
2024-04-16,29.4,0.7,77
2024-04-17,29.4,0.0,79
2024-04-18,29.9,0.3,79
2024-04-19,30.0,1.7,79
2024-04-20,29.9,1.0,79
2024-04-21,29.4,5.9,80
2024-04-22,29.4,0.1,80
2024-04-23,28.6,2.7,81
2024-04-24,29.2,0.0,75
2024-04-25,29.5,2.9,79
2024-04-26,29.7,3.2,79
2024-04-27,30.0,0.1,78
2024-04-28,30.3,0.0,76
2024-04-29,29.9,0.9,76
2024-04-30,29.8,1.7,79
2024-05-01,29.2,0.1,79
2024-05-02,29.6,0.2,74
2024-05-03,28.7,7.1,81
2024-05-04,28.9,1.1,80
2024-05-05,30.0,1.4,76
2024-05-06,29.0,5.8,79
2024-05-07,28.7,2.9,79
2024-05-08,29.9,1.2,75
2024-05-09,29.6,0.0,77
2024-05-10,30.2,0.0,74
2024-05-11,29.3,1.5,79
2024-05-12,29.0,2.1,80
2024-05-13,28.8,0.0,79
2024-05-14,28.4,0.0,82
2024-05-15,29.2,0.6,80
2024-05-16,27.6,11.1,87
2024-05-17,27.8,2.0,83
2024-05-18,28.2,10.3,82
2024-05-19,29.2,1.7,79
2024-05-20,29.2,0.1,78
2024-05-21,29.2,2.3,80
2024-05-22,27.9,3.3,85
2024-05-23,27.9,0.7,83
2024-05-24,28.2,4.8,81
2024-05-25,26.9,24.8,86
2024-05-26,27.7,0.5,84
2024-05-27,28.2,0.0,80
2024-05-28,28.7,2.4,79
2024-05-29,28.3,0.4,81
2024-05-30,28.7,2.1,80
2024-05-31,27.3,12.6,84
2024-06-01,27.8,1.6,84
2024-06-02,26.2,12.5,88
2024-06-03,26.9,0.4,85
2024-06-04,27.1,3.3,85
2024-06-05,27.5,1.6,82
2024-06-06,26.7,17.7,85
2024-06-07,26.6,6.5,85
2024-06-08,26.6,16.0,87
2024-06-09,26.8,14.6,87
2024-06-10,27.5,3.2,82
2024-06-11,26.1,9.5,87
2024-06-12,26.6,2.8,85
2024-06-13,27.6,0.5,82
2024-06-14,26.6,8.6,85
2024-06-15,25.6,19.8,87
2024-06-16,25.8,3.3,90
2024-06-17,26.4,1.7,86
2024-06-18,26.7,1.4,87
2024-06-19,27.5,1.6,83
2024-06-20,26.7,5.2,84
2024-06-21,25.8,17.4,89
2024-06-22,26.5,1.1,86
2024-06-23,26.8,1.2,86
2024-06-24,26.7,10.7,85
2024-06-25,25.5,31.3,90
2024-06-26,26.2,6.2,87
2024-06-27,26.7,2.0,83
2024-06-28,26.9,9.6,84
2024-06-29,26.0,8.1,88
2024-06-30,26.5,2.3,86
2024-07-01,26.7,5.0,85
2024-07-02,26.1,14.5,86
2024-07-03,24.9,37.5,90
2024-07-04,25.1,21.9,89
2024-07-05,26.0,5.5,87
2024-07-06,25.7,22.3,89
2024-07-07,26.0,6.2,88
2024-07-08,25.4,14.0,88
2024-07-09,25.6,1.4,86
2024-07-10,25.8,9.9,85
2024-07-11,25.5,4.8,86
2024-07-12,25.6,5.7,86
2024-07-13,26.1,2.7,84
2024-07-14,26.2,5.5,84
2024-07-15,26.1,0.4,83
2024-07-16,25.8,0.9,85
2024-07-17,26.1,0.5,83
2024-07-18,26.1,0.8,83
2024-07-19,25.8,1.8,83
2024-07-20,25.6,2.6,84
2024-07-21,25.6,1.2,83
2024-07-22,25.6,0.7,83
2024-07-23,25.7,0.3,82
2024-07-24,25.6,0.2,84
2024-07-25,25.7,0.1,81
2024-07-26,25.8,0.9,83
2024-07-27,25.7,0.2,81
2024-07-28,25.7,1.1,81
2024-07-29,25.9,0.2,81
2024-07-30,25.6,1.6,81
2024-07-31,25.4,0.8,83
2024-08-01,25.5,1.0,82
2024-08-02,25.4,2.8,84
2024-08-03,25.3,1.2,84
2024-08-04,25.4,0.8,83
2024-08-05,25.4,0.8,82
2024-08-06,25.6,0.8,81
2024-08-07,25.6,0.6,82
2024-08-08,25.3,1.3,83
2024-08-09,25.5,0.3,84
2024-08-10,25.8,0.1,81
2024-08-11,25.9,0.6,78
2024-08-12,25.8,1.4,80
2024-08-13,25.9,0.6,81
2024-08-14,25.9,1.8,81
2024-08-15,25.8,0.3,81
2024-08-16,25.8,1.1,83
2024-08-17,26.1,0.8,81
2024-08-18,26.1,0.4,82
2024-08-19,25.2,6.5,87
2024-08-20,24.8,13.6,88
2024-08-21,25.5,1.3,86
2024-08-22,25.7,0.5,84
2024-08-23,25.1,20.1,87
2024-08-24,24.7,11.3,89
2024-08-25,25.3,5.3,88
2024-08-26,25.3,10.8,89
2024-08-27,25.8,0.7,85
2024-08-28,25.6,1.5,86
2024-08-29,25.5,1.9,85
2024-08-30,25.6,3.6,84
2024-08-31,25.8,0.6,82
2024-09-01,25.6,1.0,83
2024-09-02,25.6,0.1,82
2024-09-03,25.6,0.0,83
2024-09-04,25.8,0.0,82
2024-09-05,26.0,0.1,82
2024-09-06,25.8,0.0,82
2024-09-07,25.4,8.6,85
2024-09-08,25.7,0.4,84
2024-09-09,26.0,0.6,83
2024-09-10,26.1,10.8,85
2024-09-11,26.1,7.4,84
2024-09-12,25.9,12.3,85
2024-09-13,25.6,13.5,87
2024-09-14,25.5,12.2,86
2024-09-15,25.9,4.0,86
2024-09-16,26.1,0.9,84
2024-09-17,25.1,18.0,89
2024-09-18,25.5,12.5,87
2024-09-19,25.9,1.7,84
2024-09-20,26.1,1.8,84
2024-09-21,25.8,2.3,86
2024-09-22,26.0,4.4,85
2024-09-23,26.2,1.7,83
2024-09-24,26.0,7.4,86
2024-09-25,24.9,19.8,89
2024-09-26,25.8,2.4,85
2024-09-27,26.2,7.2,84
2024-09-28,25.9,9.9,85
2024-09-29,26.1,10.5,85
2024-09-30,25.8,21.3,87
2024-10-01,26.2,0.6,85
2024-10-02,26.7,3.0,83
2024-10-03,25.7,16.0,88
2024-10-04,25.7,7.0,87
2024-10-05,25.1,9.8,89
2024-10-06,25.2,7.9,89
2024-10-07,25.4,5.0,90
2024-10-08,25.7,0.6,88
2024-10-09,25.9,2.9,86
2024-10-10,26.3,0.3,85
2024-10-11,26.7,1.0,84
2024-10-12,25.9,10.3,87
2024-10-13,25.0,11.2,91
2024-10-14,25.7,12.1,88
2024-10-15,26.2,1.3,86
2024-10-16,26.0,7.4,88
2024-10-17,24.7,27.9,92
2024-10-18,25.6,4.0,87
2024-10-19,25.9,6.3,87
2024-10-20,26.4,3.3,87
2024-10-21,26.4,4.0,86
2024-10-22,26.1,6.2,89
2024-10-23,26.6,1.2,86
2024-10-24,27.1,0.7,85
2024-10-25,26.7,25.0,86
2024-10-26,26.8,2.3,87
2024-10-27,26.9,0.5,87
2024-10-28,27.2,3.5,86
2024-10-29,26.6,5.1,86
2024-10-30,26.6,3.9,87
2024-10-31,27.1,0.4,86
2024-11-01,27.4,1.3,86
2024-11-02,27.0,2.7,86
2024-11-03,26.5,5.8,87
2024-11-04,27.2,1.8,83
2024-11-05,27.2,0.0,84
2024-11-06,27.0,1.7,86
2024-11-07,27.5,0.0,83
2024-11-08,27.9,0.0,82
2024-11-09,27.2,0.9,85
2024-11-10,26.6,3.6,84
2024-11-11,26.8,0.8,86
2024-11-12,27.2,0.3,85
2024-11-13,28.2,0.0,82
2024-11-14,27.4,11.1,85
2024-11-15,27.8,0.4,82
2024-11-16,27.6,1.4,84
2024-11-17,27.4,2.2,84
2024-11-18,27.5,1.1,85
2024-11-19,28.0,0.0,80
2024-11-20,28.5,0.0,78
2024-11-21,28.1,0.0,82
2024-11-22,27.3,7.2,84
2024-11-23,27.9,1.9,82
2024-11-24,27.7,0.0,83
2024-11-25,27.8,0.0,83
2024-11-26,27.8,3.1,83
2024-11-27,27.7,0.8,83
2024-11-28,27.9,0.0,80
2024-11-29,27.9,0.0,71
2024-11-30,27.8,0.0,66
2024-12-01,28.1,0.0,64
2024-12-02,27.9,0.0,72
2024-12-03,28.3,0.0,78
2024-12-04,28.0,1.6,81
2024-12-05,27.7,4.3,83
2024-12-06,27.5,0.7,83
2024-12-07,27.8,0.0,77
2024-12-08,28.3,0.0,69
2024-12-09,27.9,0.0,72
2024-12-10,28.0,0.0,75
2024-12-11,28.3,0.0,80
2024-12-12,28.5,0.8,80
2024-12-13,28.0,2.0,82
2024-12-14,27.9,0.0,81
2024-12-15,28.1,0.0,80
2024-12-16,28.4,0.0,78
2024-12-17,28.5,0.0,77
2024-12-18,28.1,0.0,74
2024-12-19,28.2,0.0,57
2024-12-20,27.5,0.0,46
2024-12-21,27.4,0.0,44
2024-12-22,27.6,0.0,49
2024-12-23,27.4,0.0,69
2024-12-24,27.5,0.0,79
2024-12-25,28.1,0.0,77
2024-12-26,28.4,0.0,78
2024-12-27,28.2,0.0,80
2024-12-28,28.0,0.0,81
2024-12-29,28.3,0.0,79
2024-12-30,28.6,0.0,78
2024-12-31,28.3,0.0,81
